Unnamed: 0,norm_intensity,norm_intensity_error,norm_volume,norm_volume_error,offset(hz),slp(hz),trelax(s)
0,0.22685663419911456,0.0005810348186489503,0.2291648495786191,0.0015786162184461374,-3256.5503333333336,1000.001758744294,0.08
1,0.2251860882374818,0.0005810348186489503,0.226886807581745,0.0015786162184461374,-2956.7203333333337,1000.001758744294,0.08
2,0.2111334253721009,0.0005810348186489503,0.21254724229462915,0.0015786162184461374,-2656.8903333333333,1000.001758744294,0.08
3,0.19707646897682765,0.0005810348186489503,0.19494460175254247,0.0015786162184461374,-2357.0603333333343,1000.001758744294,0.08
4,0.17804630481280512,0.0005810348186489503,0.17816205632933055,0.0015786162184461374,-2057.230333333334,1000.001758744294,0.08
5,0.1709574450715417,0.0005810348186489503,0.16637849365594926,0.0015786162184461374,-1982.2728333333332,1000.001758744294,0.08
6,0.1679527300500529,0.0005810348186489503,0.16703523036527654,0.0015786162184461374,-1907.3153333333332,1000.001758744294,0.08
7,0.15689268775575982,0.0005810348186489503,0.15368909962589128,0.0015786162184461374,-1832.357833333333,1000.001758744294,0.08
8,0.15279251788920395,0.0005810348186489503,0.15316929675700644,0.0015786162184461374,-1757.400333333334,1000.001758744294,0.08
9,0.14824706059501067,0.0005810348186489503,0.14198545691287312,0.0015786162184461374,-1682.4428333333335,1000.001758744294,0.08
10,0.14146237628133146,0.0005810348186489503,0.14159885397792685,0.0015786162184461374,-1607.485333333333,1000.001758744294,0.08
11,0.13596777675579672,0.0005810348186489503,0.1349278709791691,0.0015786162184461374,-1532.5278333333335,1000.001758744294,0.08
12,0.12467119724778684,0.0005810348186489503,0.13107598739088494,0.0015786162184461374,-1457.570333333334,1000.001758744294,0.08
13,0.11579462655663135,0.0005810348186489503,0.12457123503744676,0.0015786162184461374,-1382.6128333333334,1000.001758744294,0.08
14,0.10514443495030087,0.0005810348186489503,0.1085388457920549,0.0015786162184461374,-1307.6553333333334,1000.001758744294,0.08
15,0.10035110189513992,0.0005810348186489503,0.10593638476470403,0.0015786162184461374,-1232.6978333333334,1000.001758744294,0.08
16,0.08703366066963343,0.0005810348186489503,0.0894784019837575,0.0015786162184461374,-1157.7403333333332,1000.001758744294,0.08
17,0.07815225219831755,0.0005810348186489503,0.0838977196841498,0.0015786162184461374,-1082.7828333333337,1000.001758744294,0.08
18,0.06723035876372947,0.0005810348186489503,0.07002919388309521,0.0015786162184461374,-1007.8253333333333,1000.001758744294,0.08
19,0.057045289483693966,0.0005810348186489503,0.061345599375767425,0.0015786162184461374,-932.8678333333336,1000.001758744294,0.08
20,0.05233976213844396,0.0005810348186489503,0.05534963486702745,0.0015786162184461374,-857.9103333333333,1000.001758744294,0.08
21,0.0520445366041565,0.0005810348186489503,0.03784219457961239,0.0015786162184461374,-782.9528333333337,1000.001758744294,0.08
22,0.044225383711557036,0.0005810348186489503,0.033617681483414034,0.0015786162184461374,-707.9953333333333,1000.001758744294,0.08
23,0.02951602242552993,0.0005810348186489503,0.025942787456946385,0.0015786162184461374,-633.0378333333338,1000.001758744294,0.08
24,0.02010005738816716,0.0005810348186489503,0.025766597334086497,0.0015786162184461374,-558.0803333333333,1000.001758744294,0.08
25,0.01994042878455007,0.0005810348186489503,0.020682244556514826,0.0015786162184461374,-483.1228333333338,1000.001758744294,0.08
26,0.012262569308759828,0.0005810348186489503,0.00481614124698116,0.0015786162184461374,-408.16533333333336,1000.001758744294,0.08
27,0.00706996518612452,0.0005810348186489503,0.002453059529479909,0.0015786162184461374,-333.20783333333384,1000.001758744294,0.08
28,0.007187109009095631,0.0005810348186489503,0.00695498536356521,0.0015786162184461374,-258.2503333333334,1000.001758744294,0.08
29,0.002894029937393077,0.0005810348186489503,6.872851627480594e-05,0.0015786162184461374,-187.70207334733368,1000.001758744294,0.08
31,0.0007658190875825673,0.0005810348186489503,1.818696100700586e-05,0.0015786162184461374,-46.60561334133399,1000.001758744294,0.08
32,0.0007463288807614182,0.0005810348186489503,1.7724100212306093e-05,0.0015786162184461374,23.94258667866689,1000.001758744294,0.08
34,0.014817621735178704,0.0005810348186489503,0.009137070271641698,0.0015786162184461374,165.03904668466654,1000.001758744294,0.08
35,0.0103787135254053,0.0005810348186489503,0.004959392570004763,0.0015786162184461374,235.58730667066632,1000.001758744294,0.08
36,0.0037832408410238922,0.0005810348186489503,0.0021968604069479377,0.0015786162184461374,306.13554866686627,1000.001758744294,0.08
37,0.01096638891761321,0.0005810348186489503,0.006662877549408438,0.0015786162184461374,376.6837846664666,1000.001758744294,0.08
38,0.01618656536355011,0.0005810348186489503,0.010709626537543709,0.0015786162184461374,447.2320266626666,1000.001758744294,0.08
39,0.021135907758045684,0.0005810348186489503,0.019685076102280315,0.0015786162184461374,517.7802866486663,1000.001758744294,0.08
40,0.021110639427545472,0.0005810348186489503,0.027062076195627977,0.0015786162184461374,588.3284866686662,1000.001758744294,0.08
41,0.03338461380303341,0.0005810348186489503,0.034492765556148615,0.0015786162184461374,658.876746654666,1000.001758744294,0.08
42,0.043206063431764016,0.0005810348186489503,0.041627815688630485,0.0015786162184461374,729.4249466746669,1000.001758744294,0.08
43,0.048914946382277766,0.0005810348186489503,0.047231375346164235,0.0015786162184461374,799.9732066606657,1000.001758744294,0.08
44,0.05627868274502903,0.0005810348186489503,0.07214460270995443,0.0015786162184461374,870.5214066806667,1000.001758744294,0.08
45,0.07315137837427607,0.0005810348186489503,0.06967809896288353,0.0015786162184461374,941.0696666666672,1000.001758744294,0.08
46,0.0682915560780358,0.0005810348186489503,0.08465570270444933,0.0015786162184461374,1016.0271666666658,1000.001758744294,0.08
47,0.0778597176792443,0.0005810348186489503,0.08214551225128232,0.0015786162184461374,1090.9846666666665,1000.001758744294,0.08
48,0.09149351949111392,0.0005810348186489503,0.09185266387900227,0.0015786162184461374,1165.9421666666667,1000.001758744294,0.08
49,0.09740873376546803,0.0005810348186489503,0.10346518491214547,0.0015786162184461374,1240.8996666666671,1000.001758744294,0.08
50,0.10990378259983516,0.0005810348186489503,0.1128489227919089,0.0015786162184461374,1315.8571666666658,1000.001758744294,0.08
51,0.11975202143620388,0.0005810348186489503,0.12442137613602908,0.0015786162184461374,1390.8146666666662,1000.001758744294,0.08
52,0.12480190802049525,0.0005810348186489503,0.13052229213988745,0.0015786162184461374,1465.7721666666666,1000.001758744294,0.08
53,0.13695867507714748,0.0005810348186489503,0.1428542364280876,0.0015786162184461374,1540.7296666666668,1000.001758744294,0.08
54,0.14903528616376732,0.0005810348186489503,0.14494249544630952,0.0015786162184461374,1615.6871666666657,1000.001758744294,0.08
55,0.15457387925263552,0.0005810348186489503,0.15712781209833576,0.0015786162184461374,1690.644666666666,1000.001758744294,0.08
56,0.1515827704878478,0.0005810348186489503,0.15893150435742098,0.0015786162184461374,1765.6021666666666,1000.001758744294,0.08
57,0.16221397380704874,0.0005810348186489503,0.17400786992601594,0.0015786162184461374,1840.5596666666668,1000.001758744294,0.08
58,0.16928357313604867,0.0005810348186489503,0.1755950674137671,0.0015786162184461374,1915.5171666666656,1000.001758744294,0.08
59,0.17859614876415886,0.0005810348186489503,0.1817800681198584,0.0015786162184461374,1990.474666666666,1000.001758744294,0.08
60,0.17936520462902994,0.0005810348186489503,0.1841490881848188,0.0015786162184461374,2065.4321666666665,1000.001758744294,0.08
61,0.1852437122464172,0.0005810348186489503,0.19727247704006529,0.0015786162184461374,2140.389666666667,1000.001758744294,0.08
62,0.1885319514214305,0.0005810348186489503,0.19245760460323647,0.0015786162184461374,2215.3471666666655,1000.001758744294,0.08
63,0.19609899549542195,0.0005810348186489503,0.20077717912937745,0.0015786162184461374,2290.304666666666,1000.001758744294,0.08
64,0.20748322953271275,0.0005810348186489503,0.206252163152566,0.0015786162184461374,2365.2621666666664,1000.001758744294,0.08
65,0.20690160741293054,0.0005810348186489503,0.2089676466575553,0.0015786162184461374,2440.219666666667,1000.001758744294,0.08
66,0.21482818926121647,0.0005810348186489503,0.21327047126208432,0.0015786162184461374,2515.1771666666673,1000.001758744294,0.08
67,0.21685624717670174,0.0005810348186489503,0.2163791638442961,0.0015786162184461374,2590.134666666666,1000.001758744294,0.08
68,0.21874579339896996,0.0005810348186489503,0.2266456833886637,0.0015786162184461374,2665.0921666666663,1000.001758744294,0.08
69,0.22916640210056416,0.0005810348186489503,0.23690502234360075,0.0015786162184461374,2740.049666666667,1000.001758744294,0.08
70,0.2369487576278187,0.0005810348186489503,0.23897274487605105,0.0015786162184461374,3039.8796666666667,1000.001758744294,0.08
71,0.2430316916931081,0.0005810348186489503,0.2553080113836277,0.0015786162184461374,3339.709666666666,1000.001758744294,0.08
72,0.24966108326363906,0.0005810348186489503,0.2476219084570589,0.0015786162184461374,3639.539666666666,1000.001758744294,0.08
73,0.2577685980899234,0.0005810348186489503,0.26320536725124644,0.0015786162184461374,3939.369666666666,1000.001758744294,0.08
0,0.27423395835135583,0.001680698564891758,0.271902066123384,0.0032632822944465264,-3256.5870000000004,500.00089471625574,0.08
1,0.27551432569086404,0.001680698564891758,0.27256663172841394,0.0032632822944465264,-2956.7570000000005,500.00089471625574,0.08
2,0.2715500552667164,0.001680698564891758,0.2796403409554015,0.0032632822944465264,-2656.927000000001,500.00089471625574,0.08
3,0.26078900237505376,0.001680698564891758,0.2665774621101084,0.0032632822944465264,-2357.097000000001,500.00089471625574,0.08
4,0.2563145961736204,0.001680698564891758,0.2598835455129131,0.0032632822944465264,-2057.2670000000007,500.00089471625574,0.08
5,0.25545229690560584,0.001680698564891758,0.2599220109562166,0.0032632822944465264,-1982.3095000000005,500.00089471625574,0.08
6,0.2490706019004043,0.001680698564891758,0.25289927916617216,0.0032632822944465264,-1907.352,500.00089471625574,0.08
7,0.2458353463317332,0.001680698564891758,0.2535761422735222,0.0032632822944465264,-1832.3945000000006,500.00089471625574,0.08
8,0.2405989579308591,0.001680698564891758,0.25303519516565165,0.0032632822944465264,-1757.4370000000006,500.00089471625574,0.08
9,0.2365942535862148,0.001680698564891758,0.2418632717933905,0.0032632822944465264,-1682.4795000000006,500.00089471625574,0.08
10,0.2462259265630084,0.001680698564891758,0.243381655844388,0.0032632822944465264,-1607.5220000000002,500.00089471625574,0.08
11,0.22927643654824986,0.001680698564891758,0.2301961594614266,0.0032632822944465264,-1532.5645000000006,500.00089471625574,0.08
12,0.2229516440819453,0.001680698564891758,0.23009477656439245,0.0032632822944465264,-1457.6070000000007,500.00089471625574,0.08
13,0.21657082218448345,0.001680698564891758,0.2260220868861437,0.0032632822944465264,-1382.6495000000007,500.00089471625574,0.08
14,0.21643244966132447,0.001680698564891758,0.2153676595708172,0.0032632822944465264,-1307.692,500.00089471625574,0.08
15,0.19740818469259486,0.001680698564891758,0.20460655857257454,0.0032632822944465264,-1232.7345000000005,500.00089471625574,0.08
16,0.198025562186045,0.001680698564891758,0.1977017970082751,0.0032632822944465264,-1157.777,500.00089471625574,0.08
17,0.18084617387127744,0.001680698564891758,0.193582419719474,0.0032632822944465264,-1082.8195000000003,500.00089471625574,0.08
18,0.1778124556546572,0.001680698564891758,0.1769627028194169,0.0032632822944465264,-1007.862,500.00089471625574,0.08
19,0.1586896800471599,0.001680698564891758,0.1640176512056557,0.0032632822944465264,-932.9045000000007,500.00089471625574,0.08
20,0.14568127794070213,0.001680698564891758,0.14656720942503454,0.0032632822944465264,-857.9470000000001,500.00089471625574,0.08
21,0.13196761553072006,0.001680698564891758,0.13388569614587698,0.0032632822944465264,-782.9895000000006,500.00089471625574,0.08
22,0.11522032522560804,0.001680698564891758,0.1240046530316918,0.0032632822944465264,-708.0320000000003,500.00089471625574,0.08
23,0.09758159191827392,0.001680698564891758,0.10335064039958304,0.0032632822944465264,-633.0745000000006,500.00089471625574,0.08
24,0.08625103192302681,0.001680698564891758,0.08810638483460574,0.0032632822944465264,-558.1170000000002,500.00089471625574,0.08
25,0.06802427560659413,0.001680698564891758,0.07048367792555435,0.0032632822944465264,-483.1595000000008,500.00089471625574,0.08
26,0.056465382883836734,0.001680698564891758,0.05310341770468549,0.0032632822944465264,-408.20200000000017,500.00089471625574,0.08
27,0.02327497494582216,0.001680698564891758,0.024824481753223448,0.0032632822944465264,-333.2445000000007,500.00089471625574,0.08
28,0.017693663827025915,0.001680698564891758,0.020549455263545485,0.0032632822944465264,-258.28700000000026,500.00089471625574,0.08
29,0.0216204237362468,0.001680698564891758,0.023306083402804687,0.0032632822944465264,-187.73874001400054,500.00089471625574,0.08
30,0.005289587758668204,0.001680698564891758,0.00012561469637323777,0.0032632822944465264,-117.19053999400057,500.00089471625574,0.08
31,0.0013773301690035511,0.001680698564891758,3.270820314901856e-05,0.0032632822944465264,-46.64228000800085,500.00089471625574,0.08
32,0.0063539121147813534,0.001680698564891758,0.0015905768243559182,0.0032632822944465264,23.90592001200002,500.00089471625574,0.08
33,0.014771923183378919,0.001680698564891758,0.010094826612366995,0.0032632822944465264,94.45417999799973,500.00089471625574,0.08
34,0.007682107694126475,0.001680698564891758,0.00984747522267774,0.0032632822944465264,165.00238001799968,500.00089471625574,0.08
35,0.002833460419015444,0.001680698564891758,6.72877143661996e-05,0.0032632822944465264,235.55064000399943,500.00089471625574,0.08
36,0.03256586493966625,0.001680698564891758,0.03932646865781342,0.0032632822944465264,306.09888200019935,500.00089471625574,0.08
37,0.04180488029090746,0.001680698564891758,0.04056928141118129,0.0032632822944465264,376.64711799979983,500.00089471625574,0.08
38,0.05546883577405417,0.001680698564891758,0.05747802536431351,0.0032632822944465264,447.19535999599975,500.00089471625574,0.08
39,0.06849629571496786,0.001680698564891758,0.07916803106978261,0.0032632822944465264,517.7436199819995,500.00089471625574,0.08
40,0.10264534584399712,0.001680698564891758,0.10349713797082633,0.0032632822944465264,588.2918200019993,500.00089471625574,0.08
41,0.11012667488659134,0.001680698564891758,0.11934954792379553,0.0032632822944465264,658.8400799879993,500.00089471625574,0.08
42,0.12787665416282715,0.001680698564891758,0.13079995252592128,0.0032632822944465264,729.388280008,500.00089471625574,0.08
43,0.1313980783199721,0.001680698564891758,0.14782820389258847,0.0032632822944465264,799.9365399939987,500.00089471625574,0.08
44,0.15778544150047685,0.001680698564891758,0.15730907770162542,0.0032632822944465264,870.4847400139998,500.00089471625574,0.08
45,0.16497470095056346,0.001680698564891758,0.17703291297801174,0.0032632822944465264,941.0330000000004,500.00089471625574,0.08
46,0.17446131761391498,0.001680698564891758,0.1792631937185502,0.0032632822944465264,1015.990499999999,500.00089471625574,0.08
47,0.19157221213186212,0.001680698564891758,0.19286101391476687,0.0032632822944465264,1090.9479999999994,500.00089471625574,0.08
48,0.18822191709169614,0.001680698564891758,0.20143559040165648,0.0032632822944465264,1165.9054999999996,500.00089471625574,0.08
49,0.20949714413483356,0.001680698564891758,0.2124818933577758,0.0032632822944465264,1240.8630000000005,500.00089471625574,0.08
50,0.21256587698253165,0.001680698564891758,0.2297610995683005,0.0032632822944465264,1315.820499999999,500.00089471625574,0.08
51,0.21338428000625426,0.001680698564891758,0.2252781594928853,0.0032632822944465264,1390.7779999999993,500.00089471625574,0.08
52,0.22182398027539224,0.001680698564891758,0.2338833367413621,0.0032632822944465264,1465.7354999999998,500.00089471625574,0.08
53,0.2304575405699045,0.001680698564891758,0.23766632014402375,0.0032632822944465264,1540.6930000000002,500.00089471625574,0.08
54,0.238751672703822,0.001680698564891758,0.24160566771862746,0.0032632822944465264,1615.6504999999988,500.00089471625574,0.08
55,0.24127013692537214,0.001680698564891758,0.2542349166129247,0.0032632822944465264,1690.6079999999995,500.00089471625574,0.08
56,0.2510995236444601,0.001680698564891758,0.2491709910499922,0.0032632822944465264,1765.5654999999995,500.00089471625574,0.08
57,0.24852397624103234,0.001680698564891758,0.25374937976260104,0.0032632822944465264,1840.523,500.00089471625574,0.08
58,0.2492306515812383,0.001680698564891758,0.25513956950162225,0.0032632822944465264,1915.4804999999988,500.00089471625574,0.08
59,0.25491271632247825,0.001680698564891758,0.2546653291941275,0.0032632822944465264,1990.4379999999994,500.00089471625574,0.08
60,0.2603616010828945,0.001680698564891758,0.2618127519379291,0.0032632822944465264,2065.3955,500.00089471625574,0.08
61,0.25967515775651856,0.001680698564891758,0.26485159345601283,0.0032632822944465264,2140.353,500.00089471625574,0.08
62,0.2618319446236936,0.001680698564891758,0.26413075962815785,0.0032632822944465264,2215.3104999999987,500.00089471625574,0.08
63,0.26182863283571545,0.001680698564891758,0.27802715174116904,0.0032632822944465264,2290.267999999999,500.00089471625574,0.08
64,0.26556926724984914,0.001680698564891758,0.2722484696044351,0.0032632822944465264,2365.2255,500.00089471625574,0.08
65,0.2688212322942281,0.001680698564891758,0.2691609385568166,0.0032632822944465264,2440.183,500.00089471625574,0.08
66,0.2679016390941919,0.001680698564891758,0.2679028754706297,0.0032632822944465264,2515.1405000000004,500.00089471625574,0.08
67,0.26949500050479674,0.001680698564891758,0.2788472235528628,0.0032632822944465264,2590.097999999999,500.00089471625574,0.08
68,0.2719902521033366,0.001680698564891758,0.2913178203678097,0.0032632822944465264,2665.0554999999995,500.00089471625574,0.08
69,0.27200392075553725,0.001680698564891758,0.2791919111033577,0.0032632822944465264,2740.013,500.00089471625574,0.08
70,0.2798295553192032,0.001680698564891758,0.2850892784369017,0.0032632822944465264,3039.843,500.00089471625574,0.08
71,0.278355629025955,0.001680698564891758,0.2849706647371981,0.0032632822944465264,3339.673,500.00089471625574,0.08
72,0.2734163381138826,0.001680698564891758,0.2961205670006535,0.0032632822944465264,3639.503,500.00089471625574,0.08
73,0.28010133268355386,0.001680698564891758,0.2891173539206868,0.0032632822944465264,3939.333,500.00089471625574,0.08
0,0.045083043912454455,0.003107470951863416,0.04240395966560719,0.003414178600490327,-3256.514,4000.0066052956954,0.08
1,0.033069185072132974,0.003107470951863416,0.03618387011814553,0.003414178600490327,-2956.684,4000.0066052956954,0.08
2,0.033847591745631456,0.003107470951863416,0.028842765192317488,0.003414178600490327,-2656.8540000000007,4000.0066052956954,0.08
3,0.021598067503915498,0.003107470951863416,0.02148646776958788,0.003414178600490327,-2357.024000000001,4000.0066052956954,0.08
4,0.017315320471865396,0.003107470951863416,0.016845515199314508,0.003414178600490327,-2057.1940000000004,4000.0066052956954,0.08
5,0.012108379435344405,0.003107470951863416,0.01144084004389103,0.003414178600490327,-1982.2365,4000.0066052956954,0.08
6,0.015591153156886584,0.003107470951863416,0.009732319256292471,0.003414178600490327,-1907.2789999999993,4000.0066052956954,0.08
7,0.015185896934748009,0.003107470951863416,0.01859187728883183,0.003414178600490327,-1832.3215,4000.0066052956954,0.08
8,0.0164074265521457,0.003107470951863416,0.008443188888593856,0.003414178600490327,-1757.3640000000007,4000.0066052956954,0.08
9,0.013419539923802305,0.003107470951863416,0.008820008740888629,0.003414178600490327,-1682.4065,4000.0066052956954,0.08
10,0.008367517521510867,0.003107470951863416,0.0038659371588954327,0.003414178600490327,-1607.4489999999994,4000.0066052956954,0.08
11,0.009076337574644659,0.003107470951863416,0.01166302941402317,0.003414178600490327,-1532.4915,4000.0066052956954,0.08
12,0.010203328509261237,0.003107470951863416,0.009451914706724528,0.003414178600490327,-1457.5340000000006,4000.0066052956954,0.08
13,0.00725111998393807,0.003107470951863416,0.003736026598710683,0.003414178600490327,-1382.5765,4000.0066052956954,0.08
14,0.005294594312686292,0.003107470951863416,0.006803513004762994,0.003414178600490327,-1307.6189999999995,4000.0066052956954,0.08
15,0.012281581778472795,0.003107470951863416,0.005522385071308571,0.003414178600490327,-1232.6615000000004,4000.0066052956954,0.08
16,0.010010437641348294,0.003107470951863416,0.00023830210032502042,0.003414178600490327,-1157.7039999999995,4000.0066052956954,0.08
17,0.009451836419942277,0.003107470951863416,0.002843124731332497,0.003414178600490327,-1082.7465000000002,4000.0066052956954,0.08
19,0.00339555153694696,0.003107470951863416,0.00394889953073341,0.003414178600490327,-932.8315000000003,4000.0066052956954,0.08
22,0.001709420365730451,0.003107470951863416,4.06933720669044e-05,0.003414178600490327,-707.9589999999997,4000.0066052956954,0.08
25,0.003773751487466892,0.003107470951863416,8.98355234593825e-05,0.003414178600490327,-483.0865000000003,4000.0066052956954,0.08
26,0.003121238625563509,0.003107470951863416,0.0018638976182154953,0.003414178600490327,-408.12899999999985,4000.0066052956954,0.08
29,0.0029827683957022685,0.003107470951863416,0.002155018726887418,0.003414178600490327,-187.66574001400025,4000.0066052956954,0.08
32,0.0015445805961363346,0.003107470951863416,3.676930153984604e-05,0.003414178600490327,23.97892001200034,4000.0066052956954,0.08
34,0.00558930720067624,0.003107470951863416,0.007182218822190375,0.003414178600490327,165.07538001800003,4000.0066052956954,0.08
35,0.0057346754985840315,0.003107470951863416,0.00013651603106244856,0.003414178600490327,235.6236400039997,4000.0066052956954,0.08
36,0.008106058976944339,0.003107470951863416,0.007428212402158381,0.003414178600490327,306.17188200019973,4000.0066052956954,0.08
38,0.0006932917127318324,0.003107470951863416,1.650406078146989e-05,0.003414178600490327,447.26835999600013,4000.0066052956954,0.08
39,0.005583151333640558,0.003107470951863416,0.007174308963860229,0.003414178600490327,517.8166199819998,4000.0066052956954,0.08
40,0.010308427428196123,0.003107470951863416,0.0027016443348205285,0.003414178600490327,588.3648200019998,4000.0066052956954,0.08
41,0.009987818899737749,0.003107470951863416,0.005645345261512604,0.003414178600490327,658.9130799879995,4000.0066052956954,0.08
43,0.00611154298425099,0.003107470951863416,0.002265520639046511,0.003414178600490327,800.0095399939992,4000.0066052956954,0.08
44,0.0030711717109069784,0.003107470951863416,0.0039464329926204795,0.003414178600490327,870.5577400139999,4000.0066052956954,0.08
47,0.007673016943606994,0.003107470951863416,0.006302297676775144,0.003414178600490327,1091.0209999999997,4000.0066052956954,0.08
48,0.00797751832340148,0.003107470951863416,0.008138362956429756,0.003414178600490327,1165.9785000000004,4000.0066052956954,0.08
49,0.009623070212054849,0.003107470951863416,0.004610846021855092,0.003414178600490327,1240.9360000000004,4000.0066052956954,0.08
50,0.004608046319131161,0.003107470951863416,0.005921304014278221,0.003414178600490327,1315.8934999999992,4000.0066052956954,0.08
51,0.02226625642291269,0.003107470951863416,0.009375370931593576,0.003414178600490327,1390.8509999999994,4000.0066052956954,0.08
52,0.008420638252674325,0.003107470951863416,0.01082045942053219,0.003414178600490327,1465.8085,4000.0066052956954,0.08
53,0.015045050576386512,0.003107470951863416,0.005126523286430596,0.003414178600490327,1540.7660000000005,4000.0066052956954,0.08
54,0.01544888690950755,0.003107470951863416,0.015630244622882327,0.003414178600490327,1615.7234999999994,4000.0066052956954,0.08
55,0.011781627098355806,0.003107470951863416,0.01406025759068672,0.003414178600490327,1690.6809999999994,4000.0066052956954,0.08
56,0.011556564137884187,0.003107470951863416,0.014850102371737506,0.003414178600490327,1765.6385,4000.0066052956954,0.08
57,0.016379966320594262,0.003107470951863416,0.01218790614094073,0.003414178600490327,1840.5960000000007,4000.0066052956954,0.08
58,0.0225479732566466,0.003107470951863416,0.014318479803021419,0.003414178600490327,1915.553499999999,4000.0066052956954,0.08
59,0.024301536193302668,0.003107470951863416,0.021585961759688715,0.003414178600490327,1990.5109999999993,4000.0066052956954,0.08
60,0.01402907627225774,0.003107470951863416,0.01802725750672252,0.003414178600490327,2065.4685,4000.0066052956954,0.08
61,0.026035323181009627,0.003107470951863416,0.022968931092661314,0.003414178600490327,2140.4260000000004,4000.0066052956954,0.08
62,0.02632191466557444,0.003107470951863416,0.021878638000188026,0.003414178600490327,2215.383499999999,4000.0066052956954,0.08
63,0.030906823727360408,0.003107470951863416,0.02424509365596637,0.003414178600490327,2290.3409999999994,4000.0066052956954,0.08
64,0.02227341917515401,0.003107470951863416,0.019190197574223997,0.003414178600490327,2365.2985,4000.0066052956954,0.08
65,0.02242385505998001,0.003107470951863416,0.02881449006818324,0.003414178600490327,2440.2560000000008,4000.0066052956954,0.08
66,0.03886263372631333,0.003107470951863416,0.030858214605321607,0.003414178600490327,2515.2135000000007,4000.0066052956954,0.08
67,0.02894579118969416,0.003107470951863416,0.029229919100133412,0.003414178600490327,2590.1709999999994,4000.0066052956954,0.08
68,0.03368323431625561,0.003107470951863416,0.029002849759338506,0.003414178600490327,2665.1285,4000.0066052956954,0.08
69,0.038426779046578194,0.003107470951863416,0.03409490538239235,0.003414178600490327,2740.086,4000.0066052956954,0.08
70,0.04358444300055008,0.003107470951863416,0.032099772435485716,0.003414178600490327,3039.9159999999997,4000.0066052956954,0.08
71,0.053924159235780166,0.003107470951863416,0.04626621244665223,0.003414178600490327,3339.7459999999996,4000.0066052956954,0.08
72,0.0603654812418894,0.003107470951863416,0.05199161649745847,0.003414178600490327,3639.5759999999996,4000.0066052956954,0.08
73,0.06973632670993125,0.003107470951863416,0.06332601576948167,0.003414178600490327,3939.406,4000.0066052956954,0.08
0,0.2939868148264995,0.0022333314278660497,0.2924842088181703,0.006747034021641121,-3256.546333333333,49.99550781198635,0.08
1,0.2923208617564779,0.0022333314278660497,0.3029347867451485,0.006747034021641121,-2956.7163333333333,49.99550781198635,0.08
2,0.29553105070935803,0.0022333314278660497,0.3024558635540409,0.006747034021641121,-2656.886333333333,49.99550781198635,0.08
3,0.29111558092668843,0.0022333314278660497,0.2997098457848177,0.006747034021641121,-2357.056333333333,49.99550781198635,0.08
4,0.2962861620465308,0.0022333314278660497,0.2987281609469133,0.006747034021641121,-2057.226333333333,49.99550781198635,0.08
5,0.2995810067668277,0.0022333314278660497,0.30362272723900186,0.006747034021641121,-1982.2688333333329,49.99550781198635,0.08
6,0.2927477924109802,0.0022333314278660497,0.30252177832007343,0.006747034021641121,-1907.311333333332,49.99550781198635,0.08
7,0.29277601100011913,0.0022333314278660497,0.303946341455242,0.006747034021641121,-1832.353833333333,49.99550781198635,0.08
8,0.2918305524525727,0.0022333314278660497,0.2949321022861223,0.006747034021641121,-1757.3963333333331,49.99550781198635,0.08
9,0.29311182730102725,0.0022333314278660497,0.3003671265781309,0.006747034021641121,-1682.438833333333,49.99550781198635,0.08
10,0.2950806095939581,0.0022333314278660497,0.30018718931922306,0.006747034021641121,-1607.4813333333325,49.99550781198635,0.08
11,0.2921914787707681,0.0022333314278660497,0.3002188542558465,0.006747034021641121,-1532.5238333333327,49.99550781198635,0.08
12,0.3008941822021485,0.0022333314278660497,0.3069231327081563,0.006747034021641121,-1457.5663333333332,49.99550781198635,0.08
13,0.2915549156882881,0.0022333314278660497,0.3072828636208173,0.006747034021641121,-1382.6088333333328,49.99550781198635,0.08
14,0.287989142331948,0.0022333314278660497,0.3102123369752399,0.006747034021641121,-1307.6513333333326,49.99550781198635,0.08
15,0.2921119234756127,0.0022333314278660497,0.3006684101928067,0.006747034021641121,-1232.6938333333328,49.99550781198635,0.08
16,0.2870850308080597,0.0022333314278660497,0.29487774773504755,0.006747034021641121,-1157.7363333333326,49.99550781198635,0.08
17,0.29436277093869617,0.0022333314278660497,0.3014700141666485,0.006747034021641121,-1082.7788333333328,49.99550781198635,0.08
18,0.29294342117547073,0.0022333314278660497,0.30919898720071193,0.006747034021641121,-1007.8213333333324,49.99550781198635,0.08
19,0.2922602898758342,0.0022333314278660497,0.306745780342034,0.006747034021641121,-932.8638333333329,49.99550781198635,0.08
20,0.29168460047709033,0.0022333314278660497,0.3060267493321762,0.006747034021641121,-857.9063333333323,49.99550781198635,0.08
21,0.2930921799197123,0.0022333314278660497,0.3021155193372718,0.006747034021641121,-782.9488333333328,49.99550781198635,0.08
22,0.29074430276242386,0.0022333314278660497,0.29636499452026666,0.006747034021641121,-707.9913333333325,49.99550781198635,0.08
23,0.2976033212826712,0.0022333314278660497,0.2990937078683419,0.006747034021641121,-633.033833333333,49.99550781198635,0.08
24,0.2939581133524127,0.0022333314278660497,0.3006961259876744,0.006747034021641121,-558.0763333333325,49.99550781198635,0.08
25,0.2809493739396652,0.0022333314278660497,0.2937469289439301,0.006747034021641121,-483.118833333333,49.99550781198635,0.08
26,0.28752445611058713,0.0022333314278660497,0.2971308408105745,0.006747034021641121,-408.1613333333326,49.99550781198635,0.08
27,0.2800977459735444,0.0022333314278660497,0.2828264749505939,0.006747034021641121,-333.203833333333,49.99550781198635,0.08
28,0.2763723489616364,0.0022333314278660497,0.274886258733886,0.006747034021641121,-258.2463333333326,49.99550781198635,0.08
29,0.2478399751475213,0.0022333314278660497,0.2478556040595263,0.006747034021641121,-187.69807334733287,49.99550781198635,0.08
30,0.19675989230056048,0.0022333314278660497,0.19810345458953696,0.006747034021641121,-117.1498733273329,49.99550781198635,0.08
31,0.03466084776891058,0.0022333314278660497,0.04451244972922052,0.006747034021641121,-46.60161334133318,49.99550781198635,0.08
33,0.16107137482173498,0.0022333314278660497,0.16264820351148113,0.006747034021641121,94.49484666466742,49.99550781198635,0.08
34,0.2424256276699513,0.0022333314278660497,0.2477631941424415,0.006747034021641121,165.04304668466742,49.99550781198635,0.08
35,0.2722701206085638,0.0022333314278660497,0.2722549096807346,0.006747034021641121,235.59130667066708,49.99550781198635,0.08
36,0.2748901637945743,0.0022333314278660497,0.2879004758835487,0.006747034021641121,306.13954866686714,49.99550781198635,0.08
37,0.27728937765787925,0.0022333314278660497,0.2861731212795794,0.006747034021641121,376.68778466646745,49.99550781198635,0.08
38,0.2843740845306197,0.0022333314278660497,0.29455844167345,0.006747034021641121,447.23602666266737,49.99550781198635,0.08
39,0.2832599482347336,0.0022333314278660497,0.2926390151749961,0.006747034021641121,517.7842866486671,49.99550781198635,0.08
40,0.286979097922629,0.0022333314278660497,0.3015290358852528,0.006747034021641121,588.3324866686671,49.99550781198635,0.08
41,0.2893922852691118,0.0022333314278660497,0.3001151713341135,0.006747034021641121,658.8807466546667,49.99550781198635,0.08
42,0.29389023783693297,0.0022333314278660497,0.2965394029807165,0.006747034021641121,729.4289466746678,49.99550781198635,0.08
43,0.2869245621038332,0.0022333314278660497,0.3000145759232076,0.006747034021641121,799.9772066606665,49.99550781198635,0.08
44,0.2930221314219674,0.0022333314278660497,0.3027062391413561,0.006747034021641121,870.5254066806674,49.99550781198635,0.08
45,0.2904579821686685,0.0022333314278660497,0.2985971930457768,0.006747034021641121,941.0736666666679,49.99550781198635,0.08
46,0.2931006304062994,0.0022333314278660497,0.30446920782370457,0.006747034021641121,1016.0311666666665,49.99550781198635,0.08
47,0.2985582866276281,0.0022333314278660497,0.2958916719301945,0.006747034021641121,1090.988666666667,49.99550781198635,0.08
48,0.2976487124677675,0.0022333314278660497,0.3019531737098214,0.006747034021641121,1165.9461666666675,49.99550781198635,0.08
49,0.2895421003241768,0.0022333314278660497,0.3000651249376814,0.006747034021641121,1240.903666666668,49.99550781198635,0.08
50,0.2920557277398088,0.0022333314278660497,0.29705343763216163,0.006747034021641121,1315.8611666666666,49.99550781198635,0.08
51,0.294834247729636,0.0022333314278660497,0.2986125587973356,0.006747034021641121,1390.8186666666668,49.99550781198635,0.08
52,0.2937962865342704,0.0022333314278660497,0.2976840078666904,0.006747034021641121,1465.7761666666675,49.99550781198635,0.08
53,0.2959863206742361,0.0022333314278660497,0.2975349457160548,0.006747034021641121,1540.7336666666681,49.99550781198635,0.08
54,0.2970040007017928,0.0022333314278660497,0.30772401865622434,0.006747034021641121,1615.6911666666665,49.99550781198635,0.08
55,0.2952783509800955,0.0022333314278660497,0.3088653206236389,0.006747034021641121,1690.648666666667,49.99550781198635,0.08
56,0.29379178966819364,0.0022333314278660497,0.30016543313827765,0.006747034021641121,1765.6061666666674,49.99550781198635,0.08
57,0.29562325155408475,0.0022333314278660497,0.3034283576620411,0.006747034021641121,1840.563666666668,49.99550781198635,0.08
58,0.29743618273010275,0.0022333314278660497,0.3136859302610287,0.006747034021641121,1915.5211666666667,49.99550781198635,0.08
59,0.2952340161058227,0.0022333314278660497,0.30368476466585603,0.006747034021641121,1990.4786666666669,49.99550781198635,0.08
60,0.295078195169219,0.0022333314278660497,0.2967594778803784,0.006747034021641121,2065.4361666666673,49.99550781198635,0.08
61,0.2913991852926122,0.0022333314278660497,0.29692505462381075,0.006747034021641121,2140.393666666668,49.99550781198635,0.08
62,0.2961097279587166,0.0022333314278660497,0.298336047071855,0.006747034021641121,2215.3511666666664,49.99550781198635,0.08
63,0.29486319064619665,0.0022333314278660497,0.2987058303453489,0.006747034021641121,2290.308666666667,49.99550781198635,0.08
64,0.2954516161354396,0.0022333314278660497,0.3008851103713318,0.006747034021641121,2365.266166666667,49.99550781198635,0.08
65,0.2978135874971429,0.0022333314278660497,0.3004315334900385,0.006747034021641121,2440.223666666668,49.99550781198635,0.08
66,0.29769971719038224,0.0022333314278660497,0.3032856859407921,0.006747034021641121,2515.181166666668,49.99550781198635,0.08
67,0.2972946068994601,0.0022333314278660497,0.3027995824919468,0.006747034021641121,2590.1386666666667,49.99550781198635,0.08
68,0.29488069522555554,0.0022333314278660497,0.29555506144744903,0.006747034021641121,2665.0961666666667,49.99550781198635,0.08
69,0.2917612282822495,0.0022333314278660497,0.3034081093352207,0.006747034021641121,2740.053666666668,49.99550781198635,0.08
70,0.2946975007484717,0.0022333314278660497,0.2929612651422661,0.006747034021641121,3039.8836666666675,49.99550781198635,0.08
71,0.2982450150177219,0.0022333314278660497,0.29645517855745274,0.006747034021641121,3339.7136666666675,49.99550781198635,0.08
72,0.2958071099979719,0.0022333314278660497,0.3013620230902729,0.006747034021641121,3639.543666666667,49.99550781198635,0.08
73,0.3010823262499477,0.0022333314278660497,0.2956689403351697,0.006747034021641121,3939.373666666667,49.99550781198635,0.08
0,0.2883601680384691,0.0009680030172005765,0.3032711006359777,0.002309296425804588,-3256.5013333333336,99.99943068598628,0.08
1,0.2864425015028553,0.0009680030172005765,0.2987349892285432,0.002309296425804588,-2956.6713333333337,99.99943068598628,0.08
2,0.2955939486297265,0.0009680030172005765,0.29755331495252896,0.002309296425804588,-2656.8413333333333,99.99943068598628,0.08
3,0.2868831247253892,0.0009680030172005765,0.29574446911287444,0.002309296425804588,-2357.011333333334,99.99943068598628,0.08
4,0.2971359490535302,0.0009680030172005765,0.2998514405257359,0.002309296425804588,-2057.181333333334,99.99943068598628,0.08
5,0.2878755668927121,0.0009680030172005765,0.30553113770783114,0.002309296425804588,-1982.2238333333332,99.99943068598628,0.08
6,0.2978859248641653,0.0009680030172005765,0.30537634947488695,0.002309296425804588,-1907.266333333333,99.99943068598628,0.08
7,0.2893007048022345,0.0009680030172005765,0.2942368947275348,0.002309296425804588,-1832.308833333333,99.99943068598628,0.08
8,0.2970424168425901,0.0009680030172005765,0.29938521435879223,0.002309296425804588,-1757.351333333334,99.99943068598628,0.08
9,0.29352713695078964,0.0009680030172005765,0.3007112956032839,0.002309296425804588,-1682.3938333333335,99.99943068598628,0.08
10,0.2970993861879581,0.0009680030172005765,0.30187736218513445,0.002309296425804588,-1607.436333333333,99.99943068598628,0.08
11,0.2952033921175928,0.0009680030172005765,0.2932876175857188,0.002309296425804588,-1532.4788333333333,99.99943068598628,0.08
12,0.2852733639373595,0.0009680030172005765,0.3018860967662719,0.002309296425804588,-1457.521333333334,99.99943068598628,0.08
13,0.28738017472809696,0.0009680030172005765,0.2973722513812451,0.002309296425804588,-1382.5638333333334,99.99943068598628,0.08
14,0.29620400290533616,0.0009680030172005765,0.2977817743657226,0.002309296425804588,-1307.6063333333334,99.99943068598628,0.08
15,0.2844543919195565,0.0009680030172005765,0.3083733847289452,0.002309296425804588,-1232.6488333333334,99.99943068598628,0.08
16,0.29731171003386914,0.0009680030172005765,0.29888992065134196,0.002309296425804588,-1157.6913333333332,99.99943068598628,0.08
17,0.290758909046079,0.0009680030172005765,0.30917932882619403,0.002309296425804588,-1082.7338333333337,99.99943068598628,0.08
18,0.29049269039089914,0.0009680030172005765,0.29630455622958196,0.002309296425804588,-1007.7763333333332,99.99943068598628,0.08
19,0.28397539728080395,0.0009680030172005765,0.2875883749884553,0.002309296425804588,-932.8188333333336,99.99943068598628,0.08
20,0.2895805177297746,0.0009680030172005765,0.2938711162436719,0.002309296425804588,-857.8613333333333,99.99943068598628,0.08
21,0.2832139673160737,0.0009680030172005765,0.2877483180561691,0.002309296425804588,-782.9038333333338,99.99943068598628,0.08
22,0.2811124917497436,0.0009680030172005765,0.288379212556032,0.002309296425804588,-707.9463333333333,99.99943068598628,0.08
23,0.27888327222274195,0.0009680030172005765,0.2879640335722933,0.002309296425804588,-632.9888333333338,99.99943068598628,0.08
24,0.2752249058322845,0.0009680030172005765,0.2775070216725005,0.002309296425804588,-558.0313333333334,99.99943068598628,0.08
25,0.2650447249551153,0.0009680030172005765,0.2748951671276187,0.002309296425804588,-483.0738333333338,99.99943068598628,0.08
26,0.254401012547222,0.0009680030172005765,0.2634185718673461,0.002309296425804588,-408.1163333333334,99.99943068598628,0.08
27,0.2417538480180445,0.0009680030172005765,0.240310449924002,0.002309296425804588,-333.1588333333338,99.99943068598628,0.08
28,0.21869277758313527,0.0009680030172005765,0.22194842731002826,0.002309296425804588,-258.2013333333334,99.99943068598628,0.08
29,0.16991851776011804,0.0009680030172005765,0.17322936795282182,0.002309296425804588,-187.65307334733367,99.99943068598628,0.08
30,0.08264865457396023,0.0009680030172005765,0.08872616157400016,0.002309296425804588,-117.10487332733372,99.99943068598628,0.08
31,0.0186183145292629,0.0009680030172005765,0.01579361903050445,0.002309296425804588,-46.55661334133402,99.99943068598628,0.08
32,0.03384162984172871,0.0009680030172005765,0.03257732431141789,0.002309296425804588,23.991586678666863,99.99943068598628,0.08
33,0.08841232462961637,0.0009680030172005765,0.0846353706147212,0.002309296425804588,94.53984666466657,99.99943068598628,0.08
34,0.14190235012113772,0.0009680030172005765,0.15306544420714704,0.002309296425804588,165.08804668466655,99.99943068598628,0.08
35,0.19542137270802631,0.0009680030172005765,0.2071552686349067,0.002309296425804588,235.63630667066627,99.99943068598628,0.08
36,0.2335055307990649,0.0009680030172005765,0.23497161619104964,0.002309296425804588,306.18454866686625,99.99943068598628,0.08
37,0.24526539023850866,0.0009680030172005765,0.2614086874716753,0.002309296425804588,376.7327846664666,99.99943068598628,0.08
38,0.2602453439617166,0.0009680030172005765,0.25942235780710465,0.002309296425804588,447.28102666266665,99.99943068598628,0.08
39,0.27242843439497605,0.0009680030172005765,0.28030595376256395,0.002309296425804588,517.8292866486663,99.99943068598628,0.08
40,0.27919467450157603,0.0009680030172005765,0.28291394218136856,0.002309296425804588,588.3774866686663,99.99943068598628,0.08
41,0.2772252231324479,0.0009680030172005765,0.2820691936334927,0.002309296425804588,658.925746654666,99.99943068598628,0.08
42,0.28437321813803484,0.0009680030172005765,0.2890685285166175,0.002309296425804588,729.4739466746669,99.99943068598628,0.08
43,0.28260038636670315,0.0009680030172005765,0.290538873539732,0.002309296425804588,800.0222066606657,99.99943068598628,0.08
44,0.2886712086071739,0.0009680030172005765,0.2916458027115863,0.002309296425804588,870.5704066806667,99.99943068598628,0.08
45,0.28972667876453084,0.0009680030172005765,0.30151630896647713,0.002309296425804588,941.1186666666672,99.99943068598628,0.08
46,0.2937709898629732,0.0009680030172005765,0.3027344250605156,0.002309296425804588,1016.0761666666658,99.99943068598628,0.08
47,0.2896154830422756,0.0009680030172005765,0.29347426556133643,0.002309296425804588,1091.0336666666662,99.99943068598628,0.08
48,0.2902598997801707,0.0009680030172005765,0.2996987285456851,0.002309296425804588,1165.9911666666667,99.99943068598628,0.08
49,0.29224378941196083,0.0009680030172005765,0.29794601312907776,0.002309296425804588,1240.9486666666671,99.99943068598628,0.08
50,0.29287862083142896,0.0009680030172005765,0.2924213189647087,0.002309296425804588,1315.9061666666655,99.99943068598628,0.08
51,0.287565912879503,0.0009680030172005765,0.3123710306877337,0.002309296425804588,1390.8636666666662,99.99943068598628,0.08
52,0.2983376103881541,0.0009680030172005765,0.3004975131501983,0.002309296425804588,1465.8211666666666,99.99943068598628,0.08
53,0.294130348876453,0.0009680030172005765,0.3046074199550813,0.002309296425804588,1540.7786666666668,99.99943068598628,0.08
54,0.2900196338267696,0.0009680030172005765,0.30007023462373644,0.002309296425804588,1615.7361666666657,99.99943068598628,0.08
55,0.2850286368923634,0.0009680030172005765,0.2912301941582835,0.002309296425804588,1690.6936666666659,99.99943068598628,0.08
56,0.30090002522928155,0.0009680030172005765,0.2972355050699948,0.002309296425804588,1765.6511666666665,99.99943068598628,0.08
57,0.29796824406109645,0.0009680030172005765,0.29931834469664154,0.002309296425804588,1840.608666666667,99.99943068598628,0.08
58,0.2920654361756951,0.0009680030172005765,0.3020471853528234,0.002309296425804588,1915.5661666666656,99.99943068598628,0.08
59,0.2957270880998272,0.0009680030172005765,0.29632424483460496,0.002309296425804588,1990.523666666666,99.99943068598628,0.08
60,0.29494790419624944,0.0009680030172005765,0.3016126041437712,0.002309296425804588,2065.4811666666665,99.99943068598628,0.08
61,0.2991179397071414,0.0009680030172005765,0.2961257836959736,0.002309296425804588,2140.438666666667,99.99943068598628,0.08
62,0.291857844703976,0.0009680030172005765,0.2938684672313597,0.002309296425804588,2215.3961666666655,99.99943068598628,0.08
63,0.29681848813003003,0.0009680030172005765,0.3019914844993403,0.002309296425804588,2290.353666666666,99.99943068598628,0.08
64,0.29576039557423545,0.0009680030172005765,0.3004290683996457,0.002309296425804588,2365.3111666666664,99.99943068598628,0.08
65,0.2910423993599338,0.0009680030172005765,0.3060165513153062,0.002309296425804588,2440.268666666667,99.99943068598628,0.08
66,0.2901095489364165,0.0009680030172005765,0.2983820262366771,0.002309296425804588,2515.2261666666673,99.99943068598628,0.08
67,0.2840717026027355,0.0009680030172005765,0.30696998096290884,0.002309296425804588,2590.183666666666,99.99943068598628,0.08
68,0.2980152663779081,0.0009680030172005765,0.3061649675997156,0.002309296425804588,2665.141166666667,99.99943068598628,0.08
69,0.2948000551808897,0.0009680030172005765,0.2999536780820005,0.002309296425804588,2740.0986666666668,99.99943068598628,0.08
70,0.3013463755288629,0.0009680030172005765,0.3021727628554062,0.002309296425804588,3039.9286666666667,99.99943068598628,0.08
71,0.293399935555312,0.0009680030172005765,0.2951750030606832,0.002309296425804588,3339.758666666666,99.99943068598628,0.08
72,0.2958885012450364,0.0009680030172005765,0.3016446786712268,0.002309296425804588,3639.588666666666,99.99943068598628,0.08
73,0.2926488746142889,0.0009680030172005765,0.29958431985176986,0.002309296425804588,3939.4186666666665,99.99943068598628,0.08
0,0.2981128164256006,0.0010431111029725656,0.2992216381645687,0.007749593255213647,-3256.501666666667,10.004875721698632,0.08
1,0.2977419785499523,0.0010431111029725656,0.2976929828227525,0.007749593255213647,-2956.671666666667,10.004875721698632,0.08
2,0.30292049906687346,0.0010431111029725656,0.2973366432748093,0.007749593255213647,-2656.8416666666667,10.004875721698632,0.08
3,0.30210439033923503,0.0010431111029725656,0.3026582274873953,0.007749593255213647,-2357.0116666666668,10.004875721698632,0.08
4,0.29651585510863154,0.0010431111029725656,0.30394915690528385,0.007749593255213647,-2057.1816666666673,10.004875721698632,0.08
5,0.2916939976298868,0.0010431111029725656,0.3045409427159124,0.007749593255213647,-1982.2241666666669,10.004875721698632,0.08
6,0.2976667614336652,0.0010431111029725656,0.30551606781232304,0.007749593255213647,-1907.2666666666667,10.004875721698632,0.08
7,0.2909194784785755,0.0010431111029725656,0.3034069537266762,0.007749593255213647,-1832.309166666667,10.004875721698632,0.08
8,0.2925282018947234,0.0010431111029725656,0.2971027642792281,0.007749593255213647,-1757.3516666666674,10.004875721698632,0.08
9,0.2886750286814265,0.0010431111029725656,0.3044469066896659,0.007749593255213647,-1682.394166666667,10.004875721698632,0.08
10,0.2952324291328498,0.0010431111029725656,0.2993075528976394,0.007749593255213647,-1607.4366666666665,10.004875721698632,0.08
11,0.2992760880343864,0.0010431111029725656,0.292289045847787,0.007749593255213647,-1532.479166666667,10.004875721698632,0.08
12,0.3011599842528614,0.0010431111029725656,0.3004035712793079,0.007749593255213647,-1457.5216666666674,10.004875721698632,0.08
13,0.2925576071426705,0.0010431111029725656,0.3004447476604976,0.007749593255213647,-1382.5641666666668,10.004875721698632,0.08
14,0.29701312047083783,0.0010431111029725656,0.30224760350611896,0.007749593255213647,-1307.6066666666666,10.004875721698632,0.08
15,0.29471504756512484,0.0010431111029725656,0.30280704662287183,0.007749593255213647,-1232.649166666667,10.004875721698632,0.08
16,0.29959297104995536,0.0010431111029725656,0.3096710353841419,0.007749593255213647,-1157.6916666666666,10.004875721698632,0.08
17,0.3008472933700767,0.0010431111029725656,0.2988350218657507,0.007749593255213647,-1082.734166666667,10.004875721698632,0.08
18,0.3036355743784887,0.0010431111029725656,0.3061775970090844,0.007749593255213647,-1007.7766666666665,10.004875721698632,0.08
19,0.2995936043937573,0.0010431111029725656,0.29841421064829765,0.007749593255213647,-932.8191666666672,10.004875721698632,0.08
20,0.2934933575304176,0.0010431111029725656,0.2998111443139549,0.007749593255213647,-857.8616666666667,10.004875721698632,0.08
21,0.3033327757227056,0.0010431111029725656,0.3006283316299197,0.007749593255213647,-782.9041666666672,10.004875721698632,0.08
22,0.29035513899182125,0.0010431111029725656,0.3021131747322348,0.007749593255213647,-707.9466666666667,10.004875721698632,0.08
23,0.30083215343728753,0.0010431111029725656,0.2963623018119507,0.007749593255213647,-632.9891666666673,10.004875721698632,0.08
24,0.2991152790271518,0.0010431111029725656,0.30286097485913593,0.007749593255213647,-558.0316666666668,10.004875721698632,0.08
25,0.2972384099089553,0.0010431111029725656,0.30440800996971845,0.007749593255213647,-483.07416666666717,10.004875721698632,0.08
26,0.2935462869767223,0.0010431111029725656,0.3014219386999092,0.007749593255213647,-408.1166666666668,10.004875721698632,0.08
27,0.2985699700136843,0.0010431111029725656,0.29843180678351194,0.007749593255213647,-333.15916666666726,10.004875721698632,0.08
28,0.29993199093936346,0.0010431111029725656,0.2996882563251101,0.007749593255213647,-258.20166666666677,10.004875721698632,0.08
29,0.2935437536015146,0.0010431111029725656,0.2945432746193916,0.007749593255213647,-187.65340668066708,10.004875721698632,0.08
30,0.2934146721028341,0.0010431111029725656,0.2969122700866651,0.007749593255213647,-117.10520666066714,10.004875721698632,0.08
31,0.268767042477464,0.0010431111029725656,0.26425020991880604,0.007749593255213647,-46.55694667466742,10.004875721698632,0.08
32,0.21418284977366506,0.0010431111029725656,0.20880550025266245,0.007749593255213647,23.99125334533346,10.004875721698632,0.08
33,0.2907460025953021,0.0010431111029725656,0.28661924338043365,0.007749593255213647,94.53951333133318,10.004875721698632,0.08
34,0.2895881898069045,0.0010431111029725656,0.2978380975087102,0.007749593255213647,165.08771335133315,10.004875721698632,0.08
35,0.29388301476475204,0.0010431111029725656,0.2961958153018461,0.007749593255213647,235.63597333733287,10.004875721698632,0.08
36,0.2930108098717992,0.0010431111029725656,0.29419826213824624,0.007749593255213647,306.18421533353285,10.004875721698632,0.08
37,0.2947187269910218,0.0010431111029725656,0.2953152961469925,0.007749593255213647,376.73245133313316,10.004875721698632,0.08
38,0.29489096634591994,0.0010431111029725656,0.2943076858778785,0.007749593255213647,447.2806933293332,10.004875721698632,0.08
39,0.3015946993748193,0.0010431111029725656,0.3057820757835385,0.007749593255213647,517.8289533153329,10.004875721698632,0.08
40,0.2913434267559005,0.0010431111029725656,0.3051253196275033,0.007749593255213647,588.3771533353329,10.004875721698632,0.08
41,0.2911979989552844,0.0010431111029725656,0.30027206332139045,0.007749593255213647,658.9254133213326,10.004875721698632,0.08
42,0.28966005924881005,0.0010431111029725656,0.30296868885283645,0.007749593255213647,729.4736133413335,10.004875721698632,0.08
43,0.2995420019535138,0.0010431111029725656,0.29858276310140314,0.007749593255213647,800.0218733273323,10.004875721698632,0.08
44,0.29447217529669645,0.0010431111029725656,0.3050832171339339,0.007749593255213647,870.5700733473333,10.004875721698632,0.08
45,0.301134017156982,0.0010431111029725656,0.3006957241153964,0.007749593255213647,941.1183333333338,10.004875721698632,0.08
46,0.29397711155818257,0.0010431111029725656,0.30018401140590506,0.007749593255213647,1016.0758333333324,10.004875721698632,0.08
47,0.3025100319647612,0.0010431111029725656,0.2998757584622925,0.007749593255213647,1091.0333333333328,10.004875721698632,0.08
48,0.2979961303699009,0.0010431111029725656,0.3024626040570371,0.007749593255213647,1165.9908333333333,10.004875721698632,0.08
49,0.293302962319864,0.0010431111029725656,0.2977984883946245,0.007749593255213647,1240.9483333333335,10.004875721698632,0.08
50,0.29085919018047685,0.0010431111029725656,0.3035642503523976,0.007749593255213647,1315.9058333333326,10.004875721698632,0.08
51,0.2942119011533291,0.0010431111029725656,0.30187658863892824,0.007749593255213647,1390.8633333333328,10.004875721698632,0.08
52,0.2937007927051662,0.0010431111029725656,0.2993719533277355,0.007749593255213647,1465.8208333333332,10.004875721698632,0.08
53,0.2966199647659785,0.0010431111029725656,0.3030270339327576,0.007749593255213647,1540.7783333333334,10.004875721698632,0.08
54,0.2923128046836076,0.0010431111029725656,0.2995984234242791,0.007749593255213647,1615.7358333333325,10.004875721698632,0.08
55,0.2959653888670625,0.0010431111029725656,0.2978749282856567,0.007749593255213647,1690.693333333333,10.004875721698632,0.08
56,0.2959054021612505,0.0010431111029725656,0.3015734649331109,0.007749593255213647,1765.6508333333331,10.004875721698632,0.08
57,0.294770269112808,0.0010431111029725656,0.2944728188391205,0.007749593255213647,1840.6083333333333,10.004875721698632,0.08
58,0.29508600607768776,0.0010431111029725656,0.2899028816817821,0.007749593255213647,1915.565833333332,10.004875721698632,0.08
59,0.2944197283980504,0.0010431111029725656,0.3045834726459648,0.007749593255213647,1990.5233333333329,10.004875721698632,0.08
60,0.29563164684267057,0.0010431111029725656,0.3065355038241317,0.007749593255213647,2065.480833333333,10.004875721698632,0.08
61,0.2916708051830444,0.0010431111029725656,0.28732907289976706,0.007749593255213647,2140.438333333333,10.004875721698632,0.08
62,0.3017328286420988,0.0010431111029725656,0.30787615835286875,0.007749593255213647,2215.395833333332,10.004875721698632,0.08
63,0.2984860971987706,0.0010431111029725656,0.2974039645208722,0.007749593255213647,2290.353333333333,10.004875721698632,0.08
64,0.2940396316392023,0.0010431111029725656,0.29881778192760555,0.007749593255213647,2365.310833333333,10.004875721698632,0.08
65,0.2999097334286097,0.0010431111029725656,0.30185193980174546,0.007749593255213647,2440.268333333333,10.004875721698632,0.08
66,0.2943654719456845,0.0010431111029725656,0.2993624072462832,0.007749593255213647,2515.225833333334,10.004875721698632,0.08
67,0.2972887155023663,0.0010431111029725656,0.2987122763557335,0.007749593255213647,2590.1833333333325,10.004875721698632,0.08
68,0.2970209317110617,0.0010431111029725656,0.2964437997013644,0.007749593255213647,2665.140833333333,10.004875721698632,0.08
69,0.2892885277109025,0.0010431111029725656,0.2992301156548137,0.007749593255213647,2740.098333333333,10.004875721698632,0.08
70,0.29888495299784745,0.0010431111029725656,0.30014824922016586,0.007749593255213647,3039.9283333333333,10.004875721698632,0.08
71,0.29388244173940736,0.0010431111029725656,0.301097015733462,0.007749593255213647,3339.758333333333,10.004875721698632,0.08
72,0.2927636851521292,0.0010431111029725656,0.2996535627305782,0.007749593255213647,3639.588333333333,10.004875721698632,0.08
73,0.2970461448262245,0.0010431111029725656,0.3039005716250565,0.007749593255213647,3939.418333333333,10.004875721698632,0.08
0,0.2916281704578408,0.0015122383691175425,0.2999823043677406,0.002482716820354825,-3256.522666666668,199.99897155737244,0.08
1,0.2897049017102332,0.0015122383691175425,0.3016364519517017,0.002482716820354825,-2956.692666666668,199.99897155737244,0.08
2,0.2914623620565798,0.0015122383691175425,0.2932146921986859,0.002482716820354825,-2656.8626666666682,199.99897155737244,0.08
3,0.2942146728104922,0.0015122383691175425,0.29485250535286905,0.002482716820354825,-2357.032666666668,199.99897155737244,0.08
4,0.28707494674614226,0.0015122383691175425,0.29101821288920243,0.002482716820354825,-2057.202666666668,199.99897155737244,0.08
5,0.2887281087464762,0.0015122383691175425,0.29008356828006576,0.002482716820354825,-1982.2451666666675,199.99897155737244,0.08
6,0.2903206967797861,0.0015122383691175425,0.29812225699789424,0.002482716820354825,-1907.2876666666668,199.99897155737244,0.08
7,0.2870568893023335,0.0015122383691175425,0.29409775439799746,0.002482716820354825,-1832.3301666666675,199.99897155737244,0.08
8,0.2816244069805609,0.0015122383691175425,0.2900885832365765,0.002482716820354825,-1757.372666666668,199.99897155737244,0.08
9,0.28339171135145874,0.0015122383691175425,0.29190657661396824,0.002482716820354825,-1682.4151666666676,199.99897155737244,0.08
10,0.2829822180479621,0.0015122383691175425,0.2895716128625515,0.002482716820354825,-1607.4576666666671,199.99897155737244,0.08
11,0.2855462542832328,0.0015122383691175425,0.28875102269291697,0.002482716820354825,-1532.5001666666674,199.99897155737244,0.08
12,0.2816821726829124,0.0015122383691175425,0.2870041700557425,0.002482716820354825,-1457.542666666668,199.99897155737244,0.08
13,0.2829759673943361,0.0015122383691175425,0.2851121702486989,0.002482716820354825,-1382.5851666666674,199.99897155737244,0.08
14,0.2826410289884379,0.0015122383691175425,0.28529471466569106,0.002482716820354825,-1307.6276666666672,199.99897155737244,0.08
15,0.2764880305015792,0.0015122383691175425,0.28061805279268603,0.002482716820354825,-1232.6701666666675,199.99897155737244,0.08
16,0.2712127204122895,0.0015122383691175425,0.2791117747835569,0.002482716820354825,-1157.7126666666672,199.99897155737244,0.08
17,0.2803913976109217,0.0015122383691175425,0.2819416431003512,0.002482716820354825,-1082.7551666666677,199.99897155737244,0.08
18,0.27012534825249945,0.0015122383691175425,0.2784985888867609,0.002482716820354825,-1007.7976666666672,199.99897155737244,0.08
19,0.26664355300438525,0.0015122383691175425,0.2690924648129159,0.002482716820354825,-932.8401666666678,199.99897155737244,0.08
20,0.26183417327959313,0.0015122383691175425,0.26007851033821344,0.002482716820354825,-857.8826666666672,199.99897155737244,0.08
21,0.2529027743541218,0.0015122383691175425,0.2665940851214837,0.002482716820354825,-782.9251666666678,199.99897155737244,0.08
22,0.2461851334897037,0.0015122383691175425,0.25369490055341243,0.002482716820354825,-707.9676666666674,199.99897155737244,0.08
23,0.2346579015257332,0.0015122383691175425,0.2417736325049421,0.002482716820354825,-633.0101666666678,199.99897155737244,0.08
24,0.2226661886241929,0.0015122383691175425,0.22705308737439325,0.002482716820354825,-558.0526666666674,199.99897155737244,0.08
25,0.20404452518736613,0.0015122383691175425,0.2008179155261621,0.002482716820354825,-483.0951666666679,199.99897155737244,0.08
26,0.17766580060052575,0.0015122383691175425,0.17758426679186548,0.002482716820354825,-408.1376666666674,199.99897155737244,0.08
27,0.15277512412982802,0.0015122383691175425,0.15249264831256268,0.002482716820354825,-333.18016666666784,199.99897155737244,0.08
28,0.11393812215266876,0.0015122383691175425,0.10575174914518873,0.002482716820354825,-258.22266666666746,199.99897155737244,0.08
29,0.07367261934898386,0.0015122383691175425,0.0699951307160355,0.002482716820354825,-187.67440668066772,199.99897155737244,0.08
32,0.051343503009221685,0.0015122383691175425,0.050616715470949786,0.002482716820354825,23.970253345332818,199.99897155737244,0.08
34,0.04086689419314278,0.0015122383691175425,0.04492080667247128,0.002482716820354825,165.06671335133248,199.99897155737244,0.08
35,0.0923217615046501,0.0015122383691175425,0.09049109319842942,0.002482716820354825,235.61497333733226,199.99897155737244,0.08
36,0.14266576386157934,0.0015122383691175425,0.14619687190893604,0.002482716820354825,306.1632153335322,199.99897155737244,0.08
37,0.16807799245512892,0.0015122383691175425,0.17845063635021974,0.002482716820354825,376.71145133313263,199.99897155737244,0.08
38,0.19397405787501326,0.0015122383691175425,0.1941676533394596,0.002482716820354825,447.2596933293326,199.99897155737244,0.08
39,0.21252318957266164,0.0015122383691175425,0.21664146452013794,0.002482716820354825,517.8079533153324,199.99897155737244,0.08
40,0.22971689571806075,0.0015122383691175425,0.2274845885610275,0.002482716820354825,588.3561533353322,199.99897155737244,0.08
41,0.22979317181013595,0.0015122383691175425,0.2584699272162645,0.002482716820354825,658.9044133213321,199.99897155737244,0.08
42,0.2438103984504821,0.0015122383691175425,0.2610911733422106,0.002482716820354825,729.4526133413327,199.99897155737244,0.08
43,0.2570322822605947,0.0015122383691175425,0.26937215610174536,0.002482716820354825,800.0008733273316,199.99897155737244,0.08
44,0.26252850917079595,0.0015122383691175425,0.2671442258507157,0.002482716820354825,870.5490733473324,199.99897155737244,0.08
45,0.2644745158033333,0.0015122383691175425,0.2796617722283171,0.002482716820354825,941.0973333333333,199.99897155737244,0.08
46,0.2721586828574365,0.0015122383691175425,0.2768935878766053,0.002482716820354825,1016.0548333333318,199.99897155737244,0.08
47,0.2676521125749764,0.0015122383691175425,0.2781802824327984,0.002482716820354825,1091.0123333333322,199.99897155737244,0.08
48,0.27784161407377445,0.0015122383691175425,0.2803697408031668,0.002482716820354825,1165.9698333333324,199.99897155737244,0.08
49,0.2788218494264849,0.0015122383691175425,0.2863149001044544,0.002482716820354825,1240.927333333333,199.99897155737244,0.08
50,0.2820834223707572,0.0015122383691175425,0.2921335392171988,0.002482716820354825,1315.8848333333315,199.99897155737244,0.08
51,0.2818620526039307,0.0015122383691175425,0.28721107283292985,0.002482716820354825,1390.842333333332,199.99897155737244,0.08
52,0.27411522803159466,0.0015122383691175425,0.2859022408258535,0.002482716820354825,1465.7998333333326,199.99897155737244,0.08
53,0.28648210093627946,0.0015122383691175425,0.2942658987255802,0.002482716820354825,1540.7573333333332,199.99897155737244,0.08
54,0.2878875619139321,0.0015122383691175425,0.2961704359239007,0.002482716820354825,1615.7148333333316,199.99897155737244,0.08
55,0.2885590995274164,0.0015122383691175425,0.2996169289648127,0.002482716820354825,1690.6723333333318,199.99897155737244,0.08
56,0.2930410295521039,0.0015122383691175425,0.2929001111409886,0.002482716820354825,1765.6298333333325,199.99897155737244,0.08
57,0.28794318367228616,0.0015122383691175425,0.29014847614576234,0.002482716820354825,1840.5873333333332,199.99897155737244,0.08
58,0.28382469744974337,0.0015122383691175425,0.2988256404696483,0.002482716820354825,1915.544833333332,199.99897155737244,0.08
59,0.2917235608675263,0.0015122383691175425,0.29278827761079834,0.002482716820354825,1990.502333333332,199.99897155737244,0.08
60,0.2911891450806903,0.0015122383691175425,0.28928432749671995,0.002482716820354825,2065.4598333333324,199.99897155737244,0.08
61,0.29287706313089706,0.0015122383691175425,0.2958739087096421,0.002482716820354825,2140.4173333333333,199.99897155737244,0.08
62,0.2949579570569024,0.0015122383691175425,0.3027288527642202,0.002482716820354825,2215.3748333333315,199.99897155737244,0.08
63,0.2935532207927137,0.0015122383691175425,0.2981880962126571,0.002482716820354825,2290.332333333332,199.99897155737244,0.08
64,0.2921796472074727,0.0015122383691175425,0.3006193471290807,0.002482716820354825,2365.2898333333324,199.99897155737244,0.08
65,0.2977986828534103,0.0015122383691175425,0.2950567573673293,0.002482716820354825,2440.2473333333332,199.99897155737244,0.08
66,0.2888748330265212,0.0015122383691175425,0.29290448131737656,0.002482716820354825,2515.204833333333,199.99897155737244,0.08
67,0.2935744488579271,0.0015122383691175425,0.3020234633098617,0.002482716820354825,2590.162333333332,199.99897155737244,0.08
68,0.3014550434571409,0.0015122383691175425,0.2974994710414919,0.002482716820354825,2665.1198333333327,199.99897155737244,0.08
69,0.28506253824247524,0.0015122383691175425,0.3072474002226641,0.002482716820354825,2740.077333333333,199.99897155737244,0.08
70,0.2875354417596607,0.0015122383691175425,0.3019688719261302,0.002482716820354825,3039.907333333333,199.99897155737244,0.08
71,0.2950286166196324,0.0015122383691175425,0.30055006908699616,0.002482716820354825,3339.737333333333,199.99897155737244,0.08
72,0.2897127829691531,0.0015122383691175425,0.2985770419111856,0.002482716820354825,3639.567333333333,199.99897155737244,0.08
73,0.2940701226708389,0.0015122383691175425,0.29978657777934864,0.002482716820354825,3939.3973333333333,199.99897155737244,0.08
