,Unnamed: 0,Unnamed: 0.1,norm_intensity,norm_intensity_error,norm_volume,norm_volume_error,offset(hz),slp(hz),trelax(s)
157,182,3,0.412657161109432,0.002471218316842489,0.42154848546641177,0.0024935833066123693,-4622.067,10.000004687411117,0.05
158,183,4,0.4216742131808292,0.002471218316842489,0.4248731236227646,0.0024935833066123693,-4301.9270000000015,10.000004687411117,0.05
159,184,5,0.4337011745807823,0.002471218316842489,0.4176993289810653,0.0024935833066123693,-3981.787,10.000004687411117,0.05
160,185,6,0.4300827134871189,0.002471218316842489,0.4263403901241888,0.0024935833066123693,-3661.647,10.000004687411117,0.05
161,186,7,0.4305300923507779,0.002471218316842489,0.4459926242881681,0.0024935833066123693,-3341.5070000000005,10.000004687411117,0.05
162,187,8,0.42574938476865737,0.002471218316842489,0.427893886639416,0.0024935833066123693,-3021.367,10.000004687411117,0.05
163,188,9,0.4252527586295557,0.002471218316842489,0.4309382058684473,0.0024935833066123693,-2701.2270000000008,10.000004687411117,0.05
164,189,10,0.4337958933274167,0.002471218316842489,0.42354633780607903,0.0024935833066123693,-2381.0869999999995,10.000004687411117,0.05
165,190,11,0.4271800369992856,0.002471218316842489,0.43927410698755776,0.0024935833066123693,-2285.045,10.000004687411117,0.05
166,191,12,0.4237707015210557,0.002471218316842489,0.4260937637188169,0.0024935833066123693,-2189.003,10.000004687411117,0.05
167,192,13,0.4260479969448349,0.002471218316842489,0.4376627192958453,0.0024935833066123693,-2092.961,10.000004687411117,0.05
168,193,14,0.4295893237516607,0.002471218316842489,0.42778624188708575,0.0024935833066123693,-1996.919,10.000004687411117,0.05
169,194,15,0.4224496554938221,0.002471218316842489,0.42135610973197546,0.0024935833066123693,-1900.8770000000006,10.000004687411117,0.05
170,195,16,0.4230573981580188,0.002471218316842489,0.4218705631338613,0.0024935833066123693,-1804.835,10.000004687411117,0.05
171,196,17,0.4357379512737856,0.002471218316842489,0.43056409038637655,0.0024935833066123693,-1708.7929999999994,10.000004687411117,0.05
172,197,18,0.4253700782616341,0.002471218316842489,0.4264834405775507,0.0024935833066123693,-1612.7510000000002,10.000004687411117,0.05
173,198,19,0.4189757537629035,0.002471218316842489,0.4401158489766015,0.0024935833066123693,-1516.7089999999994,10.000004687411117,0.05
174,199,20,0.4191689131203624,0.002471218316842489,0.42362214598046544,0.0024935833066123693,-1420.6669999999995,10.000004687411117,0.05
175,200,21,0.4103356348358577,0.002471218316842489,0.4270889780006391,0.0024935833066123693,-1324.625,10.000004687411117,0.05
176,201,22,0.4190672900459551,0.002471218316842489,0.43418489437656105,0.0024935833066123693,-1228.5830000000005,10.000004687411117,0.05
177,202,23,0.4277273667954695,0.002471218316842489,0.43298538348918897,0.0024935833066123693,-1132.5410000000004,10.000004687411117,0.05
178,203,24,0.42213011457408295,0.002471218316842489,0.4324153231495941,0.0024935833066123693,-1036.4989999999998,10.000004687411117,0.05
179,204,25,0.4365005558523257,0.002471218316842489,0.4386412300816163,0.0024935833066123693,-940.4570000000003,10.000004687411117,0.05
180,205,26,0.43096468742004507,0.002471218316842489,0.4310409252309163,0.0024935833066123693,-844.415,10.000004687411117,0.05
181,206,27,0.4253034083465771,0.002471218316842489,0.4243029205182461,0.0024935833066123693,-748.3729999999997,10.000004687411117,0.05
182,207,28,0.4208144086128612,0.002471218316842489,0.4347356814514815,0.0024935833066123693,-652.3310000000001,10.000004687411117,0.05
183,208,29,0.4261968175723772,0.002471218316842489,0.42457802852585935,0.0024935833066123693,-556.2889999999999,10.000004687411117,0.05
184,209,30,0.4217703343690424,0.002471218316842489,0.4202582474701461,0.0024935833066123693,-460.2470000000003,10.000004687411117,0.05
185,210,31,0.4297737448192819,0.002471218316842489,0.4352199400720439,0.0024935833066123693,-364.20499999999987,10.000004687411117,0.05
186,211,32,0.4058957744974629,0.002471218316842489,0.4154509242006294,0.0024935833066123693,-268.16300000000047,10.000004687411117,0.05
187,212,33,0.3855423556235839,0.002471218316842489,0.4010217447634421,0.0024935833066123693,-172.12100000000007,10.000004687411117,0.05
188,213,34,0.3956369682880989,0.002471218316842489,0.3879346269897563,0.0024935833066123693,-76.07899999999972,10.000004687411117,0.05
189,214,35,0.27676159697820585,0.002471218316842489,0.25384745520334123,0.0024935833066123693,19.962999999999735,10.000004687411117,0.05
190,215,36,0.4135538606789364,0.002471218316842489,0.4211540973652019,0.0024935833066123693,99.99799999999959,10.000004687411117,0.05
191,216,37,0.4344578457526427,0.002471218316842489,0.43146800649961103,0.0024935833066123693,180.03300000000038,10.000004687411117,0.05
192,217,38,0.4236304573631688,0.002471218316842489,0.4332982528190719,0.0024935833066123693,260.0680000000002,10.000004687411117,0.05
193,218,39,0.4209175959490295,0.002471218316842489,0.4209700019963295,0.0024935833066123693,340.10300000000007,10.000004687411117,0.05
194,219,40,0.4251612223465041,0.002471218316842489,0.4222634522033743,0.0024935833066123693,420.13800000000083,10.000004687411117,0.05
195,220,41,0.4299604853095144,0.002471218316842489,0.4191041358284517,0.0024935833066123693,500.1730000000007,10.000004687411117,0.05
196,221,42,0.4309636625588913,0.002471218316842489,0.43151983016684703,0.0024935833066123693,580.2080000000005,10.000004687411117,0.05
197,222,43,0.4226552750053086,0.002471218316842489,0.42036874752094655,0.0024935833066123693,660.2430000000004,10.000004687411117,0.05
198,223,44,0.4225494446061647,0.002471218316842489,0.4286959399797226,0.0024935833066123693,740.2780000000004,10.000004687411117,0.05
199,224,45,0.4234396174283213,0.002471218316842489,0.4310946762246196,0.0024935833066123693,820.3130000000001,10.000004687411117,0.05
200,225,46,0.4173137526118227,0.002471218316842489,0.42197992106527377,0.0024935833066123693,900.3480000000003,10.000004687411117,0.05
201,226,47,0.4217776162772404,0.002471218316842489,0.4222621673190627,0.0024935833066123693,980.3829999999997,10.000004687411117,0.05
202,227,48,0.4241179676320079,0.002471218316842489,0.4263942125003539,0.0024935833066123693,1060.4179999999997,10.000004687411117,0.05
203,228,49,0.41808126573588894,0.002471218316842489,0.4307758821504109,0.0024935833066123693,1140.4529999999995,10.000004687411117,0.05
204,229,50,0.4249116416855262,0.002471218316842489,0.4227333629491236,0.0024935833066123693,1220.4879999999996,10.000004687411117,0.05
205,230,51,0.4162795058874677,0.002471218316842489,0.42404430185929903,0.0024935833066123693,1300.5229999999992,10.000004687411117,0.05
206,231,52,0.42902473313604456,0.002471218316842489,0.4270190231881168,0.0024935833066123693,1380.558000000001,10.000004687411117,0.05
207,232,53,0.4194401237456913,0.002471218316842489,0.4181766635028373,0.0024935833066123693,1460.5930000000005,10.000004687411117,0.05
208,233,54,0.4084745948606989,0.002471218316842489,0.4255582524907125,0.0024935833066123693,1540.6280000000006,10.000004687411117,0.05
209,234,55,0.4448237769226081,0.002471218316842489,0.4416145951436608,0.0024935833066123693,1620.6630000000007,10.000004687411117,0.05
210,235,56,0.4285063152124097,0.002471218316842489,0.42397705958032345,0.0024935833066123693,1716.705,10.000004687411117,0.05
211,236,57,0.4223655629391507,0.002471218316842489,0.4400749468260145,0.0024935833066123693,1812.7469999999994,10.000004687411117,0.05
212,237,58,0.4261928799479442,0.002471218316842489,0.4263700852282799,0.0024935833066123693,1908.7890000000007,10.000004687411117,0.05
213,238,59,0.41197843332532025,0.002471218316842489,0.4221533090648826,0.0024935833066123693,2004.831,10.000004687411117,0.05
214,239,60,0.4268899473527028,0.002471218316842489,0.4249009627828499,0.0024935833066123693,2100.873,10.000004687411117,0.05
215,240,61,0.4258692935236506,0.002471218316842489,0.42698318919231454,0.0024935833066123693,2196.915000000001,10.000004687411117,0.05
216,241,62,0.4179293165848246,0.002471218316842489,0.4213227741223348,0.0024935833066123693,2292.957000000001,10.000004687411117,0.05
217,242,63,0.4400552058541507,0.002471218316842489,0.43048414202920826,0.0024935833066123693,2388.999,10.000004687411117,0.05
218,243,64,0.418101709018904,0.002471218316842489,0.4240963396739201,0.0024935833066123693,2485.041000000001,10.000004687411117,0.05
219,244,65,0.4303481525259501,0.002471218316842489,0.4309783941944168,0.0024935833066123693,2581.0830000000005,10.000004687411117,0.05
220,245,66,0.42313248272254905,0.002471218316842489,0.42950912898406335,0.0024935833066123693,2677.125,10.000004687411117,0.05
221,246,67,0.4257149710099144,0.002471218316842489,0.4380913709786987,0.0024935833066123693,2773.1669999999995,10.000004687411117,0.05
222,247,68,0.4280012744238347,0.002471218316842489,0.4390545345351919,0.0024935833066123693,2869.209000000001,10.000004687411117,0.05
223,248,69,0.43459150922312106,0.002471218316842489,0.4235321326961893,0.0024935833066123693,2965.2509999999997,10.000004687411117,0.05
224,249,70,0.42570580119959095,0.002471218316842489,0.4314987723406285,0.0024935833066123693,3061.293,10.000004687411117,0.05
225,250,71,0.42869100598033455,0.002471218316842489,0.4294512378075781,0.0024935833066123693,3157.3349999999987,10.000004687411117,0.05
226,251,72,0.4076831323496704,0.002471218316842489,0.4250410151728181,0.0024935833066123693,3253.3770000000004,10.000004687411117,0.05
227,252,73,0.4170828891519166,0.002471218316842489,0.41521407719251824,0.0024935833066123693,3349.4190000000012,10.000004687411117,0.05
228,253,74,0.4268209040749738,0.002471218316842489,0.4401979388076226,0.0024935833066123693,3445.4609999999993,10.000004687411117,0.05
229,254,75,0.4236960484770113,0.002471218316842489,0.433043346048136,0.0024935833066123693,3541.503000000001,10.000004687411117,0.05
230,255,76,0.4339354902045749,0.002471218316842489,0.4324920592959833,0.0024935833066123693,3637.545,10.000004687411117,0.05
231,256,77,0.41748517412480896,0.002471218316842489,0.4412509728834683,0.0024935833066123693,3733.587,10.000004687411117,0.05
232,257,78,0.4152740631555403,0.002471218316842489,0.4280782675381353,0.0024935833066123693,3829.6290000000013,10.000004687411117,0.05
233,258,79,0.4228847899636965,0.002471218316842489,0.4293692193590188,0.0024935833066123693,3925.671,10.000004687411117,0.05
234,259,80,0.4170750678431114,0.002471218316842489,0.4273068372739228,0.0024935833066123693,4021.713,10.000004687411117,0.05
235,260,81,0.4283048490855991,0.002471218316842489,0.4251494451322276,0.0024935833066123693,4341.853000000001,10.000004687411117,0.05
236,261,82,0.4209914938322237,0.002471218316842489,0.4356100452255483,0.0024935833066123693,4661.9929999999995,10.000004687411117,0.05
237,273,3,0.42119957003883696,0.004494105142989505,0.41407102151366654,0.003344046804971828,-4622.402999999998,50.00001453914387,0.05
238,274,4,0.41566182150129904,0.004494105142989505,0.4198618366161384,0.003344046804971828,-4302.263,50.00001453914387,0.05
239,275,5,0.4133412735708923,0.004494105142989505,0.4090861827764886,0.003344046804971828,-3982.123,50.00001453914387,0.05
240,276,6,0.4283481605116322,0.004494105142989505,0.41811900182102857,0.003344046804971828,-3661.982999999999,50.00001453914387,0.05
241,277,7,0.41392717667838796,0.004494105142989505,0.4108710843109696,0.003344046804971828,-3341.843,50.00001453914387,0.05
242,278,8,0.4241169861667018,0.004494105142989505,0.4179481493662736,0.003344046804971828,-3021.7029999999995,50.00001453914387,0.05
243,279,9,0.427647313012807,0.004494105142989505,0.4155131000857639,0.003344046804971828,-2701.563,50.00001453914387,0.05
244,280,10,0.4220502557620738,0.004494105142989505,0.4080099171289893,0.003344046804971828,-2381.422999999999,50.00001453914387,0.05
245,281,11,0.4180663631011219,0.004494105142989505,0.4219872551289511,0.003344046804971828,-2285.3809999999994,50.00001453914387,0.05
246,282,12,0.4144529608443659,0.004494105142989505,0.41454724215953775,0.003344046804971828,-2189.338999999999,50.00001453914387,0.05
247,283,13,0.42432116370393175,0.004494105142989505,0.4080674968519824,0.003344046804971828,-2093.297,50.00001453914387,0.05
248,284,14,0.41743686970988425,0.004494105142989505,0.4088558638845163,0.003344046804971828,-1997.2549999999994,50.00001453914387,0.05
249,285,15,0.4199370722669648,0.004494105142989505,0.4214373128717234,0.003344046804971828,-1901.213,50.00001453914387,0.05
250,286,16,0.4175827108079057,0.004494105142989505,0.3999495245713082,0.003344046804971828,-1805.1709999999994,50.00001453914387,0.05
251,287,17,0.4149296451740101,0.004494105142989505,0.40714664055392064,0.003344046804971828,-1709.128999999999,50.00001453914387,0.05
252,288,18,0.4147202821755169,0.004494105142989505,0.4160181804714363,0.003344046804971828,-1613.0869999999993,50.00001453914387,0.05
253,289,19,0.4204498387645639,0.004494105142989505,0.4138691430916677,0.003344046804971828,-1517.0449999999994,50.00001453914387,0.05
254,290,20,0.4187076858258657,0.004494105142989505,0.4220108041176024,0.003344046804971828,-1421.0029999999988,50.00001453914387,0.05
255,291,21,0.4152039884839548,0.004494105142989505,0.4300713364318926,0.003344046804971828,-1324.9609999999993,50.00001453914387,0.05
256,292,22,0.4159654950765126,0.004494105142989505,0.4091477455628441,0.003344046804971828,-1228.919,50.00001453914387,0.05
257,293,23,0.42062025678836296,0.004494105142989505,0.4180078953167094,0.003344046804971828,-1132.8769999999995,50.00001453914387,0.05
258,294,24,0.4166378225383913,0.004494105142989505,0.40932684365754224,0.003344046804971828,-1036.8349999999991,50.00001453914387,0.05
259,295,25,0.41746231087920577,0.004494105142989505,0.4057122485953296,0.003344046804971828,-940.7929999999997,50.00001453914387,0.05
260,296,26,0.4098835431824688,0.004494105142989505,0.4048614802367849,0.003344046804971828,-844.7509999999992,50.00001453914387,0.05
261,297,27,0.4226787228641031,0.004494105142989505,0.4200725197045173,0.003344046804971828,-748.7089999999989,50.00001453914387,0.05
262,298,28,0.4176045869726089,0.004494105142989505,0.420152530363288,0.003344046804971828,-652.6669999999995,50.00001453914387,0.05
263,299,29,0.4118617966542972,0.004494105142989505,0.4067030530762992,0.003344046804971828,-556.6249999999992,50.00001453914387,0.05
264,300,30,0.3953417272987528,0.004494105142989505,0.3896781824559801,0.003344046804971828,-460.58299999999963,50.00001453914387,0.05
265,301,31,0.3730481329638692,0.004494105142989505,0.3587848442342712,0.003344046804971828,-364.54099999999926,50.00001453914387,0.05
266,302,32,0.2366170806933393,0.004494105142989505,0.2500382700181544,0.003344046804971828,-268.4989999999998,50.00001453914387,0.05
267,303,33,0.14496837408781793,0.004494105142989505,0.14939485388213578,0.003344046804971828,-172.45699999999943,50.00001453914387,0.05
268,304,34,0.09106361372634808,0.004494105142989505,0.08661401879912735,0.003344046804971828,-76.41499999999904,50.00001453914387,0.05
269,305,36,0.2487812545575344,0.004494105142989505,0.2422458607586268,0.003344046804971828,99.66200000000026,50.00001453914387,0.05
270,306,37,0.3662432413454112,0.004494105142989505,0.3671995197962907,0.003344046804971828,179.69700000000103,50.00001453914387,0.05
271,307,38,0.3846877650121805,0.004494105142989505,0.3860499611243697,0.003344046804971828,259.73200000000094,50.00001453914387,0.05
272,308,39,0.4076507159717608,0.004494105142989505,0.38774702562996455,0.003344046804971828,339.76700000000073,50.00001453914387,0.05
273,309,40,0.4246930044886649,0.004494105142989505,0.4127074162776386,0.003344046804971828,419.8020000000015,50.00001453914387,0.05
274,310,41,0.4123086645816792,0.004494105142989505,0.4125239158497505,0.003344046804971828,499.83700000000135,50.00001453914387,0.05
275,311,42,0.4091318133450006,0.004494105142989505,0.4087496488615193,0.003344046804971828,579.8720000000012,50.00001453914387,0.05
276,312,43,0.4134199197333808,0.004494105142989505,0.4093054608963336,0.003344046804971828,659.9070000000012,50.00001453914387,0.05
277,313,44,0.4137014470677837,0.004494105142989505,0.4134553936501119,0.003344046804971828,739.9420000000009,50.00001453914387,0.05
278,314,45,0.4067950068329255,0.004494105142989505,0.4108362150369726,0.003344046804971828,819.9770000000008,50.00001453914387,0.05
279,315,46,0.4261204647469657,0.004494105142989505,0.4083948068307439,0.003344046804971828,900.0120000000006,50.00001453914387,0.05
280,316,47,0.4205706708150357,0.004494105142989505,0.4049298212186869,0.003344046804971828,980.0470000000003,50.00001453914387,0.05
281,317,48,0.4121418655777198,0.004494105142989505,0.4098014571024076,0.003344046804971828,1060.0820000000003,50.00001453914387,0.05
282,318,49,0.4176341332987636,0.004494105142989505,0.4140796165451328,0.003344046804971828,1140.1170000000004,50.00001453914387,0.05
283,319,50,0.4219673423970875,0.004494105142989505,0.410780661784813,0.003344046804971828,1220.152,50.00001453914387,0.05
284,320,51,0.419770543339113,0.004494105142989505,0.4206022671317145,0.003344046804971828,1300.187,50.00001453914387,0.05
285,321,52,0.4246994863152436,0.004494105142989505,0.4263668079916556,0.003344046804971828,1380.2220000000016,50.00001453914387,0.05
286,322,53,0.4188868543155461,0.004494105142989505,0.4137948624538745,0.003344046804971828,1460.2570000000014,50.00001453914387,0.05
287,323,54,0.4158829058028553,0.004494105142989505,0.4220333748099892,0.003344046804971828,1540.2920000000013,50.00001453914387,0.05
288,324,55,0.4140313180254195,0.004494105142989505,0.4190489422986887,0.003344046804971828,1620.3270000000011,50.00001453914387,0.05
289,325,56,0.4248791409419174,0.004494105142989505,0.4048303145129319,0.003344046804971828,1716.3690000000006,50.00001453914387,0.05
290,326,57,0.42221548832460987,0.004494105142989505,0.4168008873612973,0.003344046804971828,1812.411,50.00001453914387,0.05
291,327,58,0.4179887972430631,0.004494105142989505,0.4132376528529681,0.003344046804971828,1908.4530000000007,50.00001453914387,0.05
292,328,59,0.43701506484527336,0.004494105142989505,0.4251205284290565,0.003344046804971828,2004.4950000000006,50.00001453914387,0.05
293,329,60,0.4220741304899721,0.004494105142989505,0.4260295054153356,0.003344046804971828,2100.5370000000007,50.00001453914387,0.05
294,330,61,0.4150993609999298,0.004494105142989505,0.4212184540217061,0.003344046804971828,2196.579000000001,50.00001453914387,0.05
295,331,62,0.4272844927700626,0.004494105142989505,0.4116800654433615,0.003344046804971828,2292.621000000001,50.00001453914387,0.05
296,332,63,0.4304458956533952,0.004494105142989505,0.42407158519865706,0.003344046804971828,2388.6630000000005,50.00001453914387,0.05
297,333,64,0.4252685366736346,0.004494105142989505,0.4207185446305744,0.003344046804971828,2484.7050000000017,50.00001453914387,0.05
298,334,65,0.4133581803352185,0.004494105142989505,0.428625065161519,0.003344046804971828,2580.7470000000008,50.00001453914387,0.05
299,335,66,0.4256555017203849,0.004494105142989505,0.42931252792220587,0.003344046804971828,2676.789000000001,50.00001453914387,0.05
300,336,67,0.4141411309707075,0.004494105142989505,0.4210128720495633,0.003344046804971828,2772.8309999999997,50.00001453914387,0.05
301,337,68,0.42244062376777775,0.004494105142989505,0.4108190948523448,0.003344046804971828,2868.8730000000014,50.00001453914387,0.05
302,338,69,0.4200908536025452,0.004494105142989505,0.4228151732818904,0.003344046804971828,2964.9150000000013,50.00001453914387,0.05
303,339,70,0.4256322751751444,0.004494105142989505,0.4161383012770493,0.003344046804971828,3060.9570000000012,50.00001453914387,0.05
304,340,71,0.4177209357596971,0.004494105142989505,0.4225754906971013,0.003344046804971828,3156.999000000001,50.00001453914387,0.05
305,341,72,0.4348632064515781,0.004494105142989505,0.4060364839286887,0.003344046804971828,3253.041000000001,50.00001453914387,0.05
306,342,73,0.4269432246006925,0.004494105142989505,0.4136261762265622,0.003344046804971828,3349.0830000000005,50.00001453914387,0.05
307,343,74,0.4219807921872383,0.004494105142989505,0.4165525398667374,0.003344046804971828,3445.125,50.00001453914387,0.05
308,344,75,0.4197712455369923,0.004494105142989505,0.4239409826473535,0.003344046804971828,3541.1670000000013,50.00001453914387,0.05
309,345,76,0.4352829587377723,0.004494105142989505,0.4314150962294133,0.003344046804971828,3637.209000000001,50.00001453914387,0.05
310,346,77,0.42947632242766015,0.004494105142989505,0.4105282613485861,0.003344046804971828,3733.2509999999997,50.00001453914387,0.05
311,347,78,0.4285119346631881,0.004494105142989505,0.4257001689657405,0.003344046804971828,3829.293000000001,50.00001453914387,0.05
312,348,79,0.4246713443848477,0.004494105142989505,0.4154140825281411,0.003344046804971828,3925.3350000000014,50.00001453914387,0.05
313,349,80,0.4189326592233691,0.004494105142989505,0.4187018567597244,0.003344046804971828,4021.377,50.00001453914387,0.05
314,350,81,0.4240705870914424,0.004494105142989505,0.4144611520882665,0.003344046804971828,4341.517000000002,50.00001453914387,0.05
315,351,82,0.4261256502082287,0.004494105142989505,0.4204264533173328,0.003344046804971828,4661.657000000001,50.00001453914387,0.05
77,91,3,0.4127121325115935,0.003369064034251921,0.4118306972932562,0.002859159332865662,-4622.450666666667,100.00004001777742,0.05
78,92,4,0.4095604037795863,0.003369064034251921,0.4167510757101661,0.002859159332865662,-4302.310666666666,100.00004001777742,0.05
79,93,5,0.4038994489584526,0.003369064034251921,0.4152699859829926,0.002859159332865662,-3982.1706666666655,100.00004001777742,0.05
80,94,6,0.4160828986591156,0.003369064034251921,0.4193669650664974,0.002859159332865662,-3662.0306666666656,100.00004001777742,0.05
81,95,7,0.426402397539046,0.003369064034251921,0.4206939053036729,0.002859159332865662,-3341.890666666666,100.00004001777742,0.05
82,96,8,0.4204580483986666,0.003369064034251921,0.4254553412880516,0.002859159332865662,-3021.7506666666663,100.00004001777742,0.05
83,97,9,0.40926751854993104,0.003369064034251921,0.40958809357891374,0.002859159332865662,-2701.6106666666665,100.00004001777742,0.05
84,98,10,0.4172526267072086,0.003369064034251921,0.4212106972838583,0.002859159332865662,-2381.4706666666652,100.00004001777742,0.05
85,99,11,0.4129345823892781,0.003369064034251921,0.42325953924785575,0.002859159332865662,-2285.428666666666,100.00004001777742,0.05
86,100,12,0.4156410381278664,0.003369064034251921,0.4169223529212751,0.002859159332865662,-2189.3866666666654,100.00004001777742,0.05
87,101,13,0.41511626542983865,0.003369064034251921,0.4204663110178002,0.002859159332865662,-2093.344666666666,100.00004001777742,0.05
88,102,14,0.42597184078873374,0.003369064034251921,0.4121700094308193,0.002859159332865662,-1997.3026666666656,100.00004001777742,0.05
89,103,15,0.4133786823488261,0.003369064034251921,0.4274212230555573,0.002859159332865662,-1901.2606666666657,100.00004001777742,0.05
90,104,16,0.4148186347449789,0.003369064034251921,0.4086195667649847,0.002859159332865662,-1805.2186666666657,100.00004001777742,0.05
91,105,17,0.4054728606172717,0.003369064034251921,0.4210693054791322,0.002859159332865662,-1709.1766666666656,100.00004001777742,0.05
92,106,18,0.4094948205222631,0.003369064034251921,0.4147422689132097,0.002859159332865662,-1613.134666666666,100.00004001777742,0.05
93,107,19,0.4191667513857796,0.003369064034251921,0.4109079853711876,0.002859159332865662,-1517.0926666666655,100.00004001777742,0.05
94,108,20,0.4089027583358275,0.003369064034251921,0.4141065696675343,0.002859159332865662,-1421.0506666666656,100.00004001777742,0.05
95,109,21,0.40802500908212586,0.003369064034251921,0.4106680563067371,0.002859159332865662,-1325.0086666666655,100.00004001777742,0.05
96,110,22,0.4092314744182641,0.003369064034251921,0.41486688541906996,0.002859159332865662,-1228.9666666666662,100.00004001777742,0.05
97,111,23,0.4079543071315482,0.003369064034251921,0.4054944272645127,0.002859159332865662,-1132.9246666666659,100.00004001777742,0.05
98,112,24,0.4008774471086137,0.003369064034251921,0.4290184711547092,0.002859159332865662,-1036.8826666666657,100.00004001777742,0.05
99,113,25,0.40907428787957417,0.003369064034251921,0.4132900778101328,0.002859159332865662,-940.8406666666659,100.00004001777742,0.05
100,114,26,0.399275509398845,0.003369064034251921,0.4175359905344084,0.002859159332865662,-844.7986666666658,100.00004001777742,0.05
101,115,27,0.3916754229498034,0.003369064034251921,0.4128735147164481,0.002859159332865662,-748.7566666666652,100.00004001777742,0.05
102,116,28,0.4000259311578413,0.003369064034251921,0.3935712778689638,0.002859159332865662,-652.7146666666657,100.00004001777742,0.05
103,117,29,0.3814619769957394,0.003369064034251921,0.3759248616977636,0.002859159332865662,-556.6726666666655,100.00004001777742,0.05
104,118,30,0.3441830672205282,0.003369064034251921,0.3499726285389655,0.002859159332865662,-460.63066666666606,100.00004001777742,0.05
105,119,31,0.27255234041585114,0.003369064034251921,0.2853731376246459,0.002859159332865662,-364.58866666666563,100.00004001777742,0.05
106,120,32,0.13207737544690812,0.003369064034251921,0.12736180466503674,0.002859159332865662,-268.54666666666617,100.00004001777742,0.05
107,121,33,0.05784613919006632,0.003369064034251921,0.0675670553805714,0.002859159332865662,-172.5046666666658,100.00004001777742,0.05
108,122,34,0.030785266196931768,0.003369064034251921,0.02840073604560626,0.002859159332865662,-76.46266666666544,100.00004001777742,0.05
109,123,35,0.0206845807896864,0.003369064034251921,0.013692048273389443,0.002859159332865662,19.579333333334034,100.00004001777742,0.05
110,124,36,0.11030863943000506,0.003369064034251921,0.106719658441758,0.002859159332865662,99.61433333333387,100.00004001777742,0.05
111,125,37,0.2441045628173857,0.003369064034251921,0.24768601903362064,0.002859159332865662,179.64933333333462,100.00004001777742,0.05
112,126,38,0.31724791679848485,0.003369064034251921,0.3101214963942506,0.002859159332865662,259.6843333333345,100.00004001777742,0.05
113,127,39,0.3564157843437657,0.003369064034251921,0.3609185815333563,0.002859159332865662,339.71933333333436,100.00004001777742,0.05
114,128,40,0.3616879850761654,0.003369064034251921,0.3775357132955756,0.002859159332865662,419.7543333333351,100.00004001777742,0.05
115,129,41,0.3820778730976412,0.003369064034251921,0.3899726943244512,0.002859159332865662,499.78933333333504,100.00004001777742,0.05
116,130,42,0.39104187802011786,0.003369064034251921,0.3959479430053348,0.002859159332865662,579.8243333333347,100.00004001777742,0.05
117,131,43,0.4065384019297473,0.003369064034251921,0.3895514792571315,0.002859159332865662,659.8593333333347,100.00004001777742,0.05
118,132,44,0.4032017070842003,0.003369064034251921,0.40574041799157856,0.002859159332865662,739.8943333333345,100.00004001777742,0.05
119,133,45,0.4086295480833693,0.003369064034251921,0.4065402050345632,0.002859159332865662,819.9293333333344,100.00004001777742,0.05
120,134,46,0.407809437448502,0.003369064034251921,0.4121197540186709,0.002859159332865662,899.9643333333343,100.00004001777742,0.05
121,135,47,0.396706085344257,0.003369064034251921,0.40660744719892455,0.002859159332865662,979.999333333334,100.00004001777742,0.05
122,136,48,0.4088847362699939,0.003369064034251921,0.4193611853416781,0.002859159332865662,1060.034333333334,100.00004001777742,0.05
123,137,49,0.4103879791754496,0.003369064034251921,0.4222232768784223,0.002859159332865662,1140.0693333333338,100.00004001777742,0.05
124,138,50,0.41107745649288463,0.003369064034251921,0.4127687748252104,0.002859159332865662,1220.1043333333334,100.00004001777742,0.05
125,139,51,0.4028117266418742,0.003369064034251921,0.4044459006009504,0.002859159332865662,1300.1393333333335,100.00004001777742,0.05
126,140,52,0.4083363429353857,0.003369064034251921,0.4084714789376021,0.002859159332865662,1380.1743333333352,100.00004001777742,0.05
127,141,53,0.40536046264455866,0.003369064034251921,0.4077702996387908,0.002859159332865662,1460.209333333335,100.00004001777742,0.05
128,142,54,0.4081131999013229,0.003369064034251921,0.4202835448415017,0.002859159332865662,1540.244333333335,100.00004001777742,0.05
129,143,55,0.4121307342694381,0.003369064034251921,0.4175002549187573,0.002859159332865662,1620.2793333333348,100.00004001777742,0.05
130,144,56,0.4127516424251516,0.003369064034251921,0.4083829504696379,0.002859159332865662,1716.3213333333345,100.00004001777742,0.05
131,145,57,0.4121468368253011,0.003369064034251921,0.41253547129896734,0.002859159332865662,1812.3633333333328,100.00004001777742,0.05
132,146,58,0.4164324627526199,0.003369064034251921,0.4148654757300897,0.002859159332865662,1908.405333333335,100.00004001777742,0.05
133,147,59,0.4160278727066299,0.003369064034251921,0.4190212388440739,0.002859159332865662,2004.4473333333344,100.00004001777742,0.05
134,148,60,0.4161249679193009,0.003369064034251921,0.4372627552183162,0.002859159332865662,2100.489333333334,100.00004001777742,0.05
135,149,61,0.4141593897095781,0.003369064034251921,0.42744955780406174,0.002859159332865662,2196.531333333335,100.00004001777742,0.05
136,150,62,0.4292624673949904,0.003369064034251921,0.4250690160229949,0.002859159332865662,2292.573333333334,100.00004001777742,0.05
137,151,63,0.418967175668576,0.003369064034251921,0.4203655182557073,0.002859159332865662,2388.615333333334,100.00004001777742,0.05
138,152,64,0.427742375457572,0.003369064034251921,0.4171898414052908,0.002859159332865662,2484.6573333333354,100.00004001777742,0.05
139,153,65,0.4170378015496843,0.003369064034251921,0.40685597536615503,0.002859159332865662,2580.699333333335,100.00004001777742,0.05
140,154,66,0.4255313132505195,0.003369064034251921,0.41574674279613694,0.002859159332865662,2676.7413333333343,100.00004001777742,0.05
141,155,67,0.41677088302435145,0.003369064034251921,0.4221122638712221,0.002859159332865662,2772.7833333333338,100.00004001777742,0.05
142,156,68,0.41443969148498266,0.003369064034251921,0.4146500047694477,0.002859159332865662,2868.825333333335,100.00004001777742,0.05
143,157,69,0.4102563327833108,0.003369064034251921,0.40691172856532665,0.002859159332865662,2964.8673333333345,100.00004001777742,0.05
144,158,70,0.4230174483456312,0.003369064034251921,0.4283702961615579,0.002859159332865662,3060.909333333334,100.00004001777742,0.05
145,159,71,0.4167501949724479,0.003369064034251921,0.4186706491946682,0.002859159332865662,3156.951333333333,100.00004001777742,0.05
146,160,72,0.4106203465213147,0.003369064034251921,0.4259523976225126,0.002859159332865662,3252.993333333335,100.00004001777742,0.05
147,161,73,0.4233716512548974,0.003369064034251921,0.4293333956729127,0.002859159332865662,3349.0353333333337,100.00004001777742,0.05
148,162,74,0.41527537147849897,0.003369064034251921,0.4249541968555478,0.002859159332865662,3445.0773333333336,100.00004001777742,0.05
149,163,75,0.4091904715525068,0.003369064034251921,0.4145382164333084,0.002859159332865662,3541.119333333335,100.00004001777742,0.05
150,164,76,0.4153323169409552,0.003369064034251921,0.41694335728708176,0.002859159332865662,3637.1613333333344,100.00004001777742,0.05
151,165,77,0.4252581029980613,0.003369064034251921,0.4190724810385085,0.002859159332865662,3733.203333333334,100.00004001777742,0.05
152,166,78,0.4233634400178016,0.003369064034251921,0.4197458894644075,0.002859159332865662,3829.245333333335,100.00004001777742,0.05
153,167,79,0.41721930188133305,0.003369064034251921,0.4252994296868282,0.002859159332865662,3925.287333333335,100.00004001777742,0.05
154,168,80,0.42504983616626935,0.003369064034251921,0.4242768413005039,0.002859159332865662,4021.3293333333336,100.00004001777742,0.05
155,169,81,0.4005309222392292,0.003369064034251921,0.40840353192875056,0.002859159332865662,4341.469333333335,100.00004001777742,0.05
156,170,82,0.3863931447900589,0.003369064034251921,0.3953921731248435,0.002859159332865662,4661.609333333335,100.00004001777742,0.05
316,363,3,0.3945677015065557,0.004103499608753778,0.4023916781392527,0.009399013232571134,-4622.902333333333,500.0001111097761,0.05
317,364,4,0.39526617327638935,0.004103499608753778,0.3780845547922603,0.009399013232571134,-4302.762333333333,500.0001111097761,0.05
318,365,5,0.3757048200643648,0.004103499608753778,0.3825871964782152,0.009399013232571134,-3982.6223333333332,500.0001111097761,0.05
319,366,6,0.3944675631367552,0.004103499608753778,0.4016466567012446,0.009399013232571134,-3662.482333333333,500.0001111097761,0.05
320,367,7,0.3898874944087197,0.004103499608753778,0.3986278053801701,0.009399013232571134,-3342.342333333333,500.0001111097761,0.05
321,368,8,0.3985184656570547,0.004103499608753778,0.39676240341896574,0.009399013232571134,-3022.202333333333,500.0001111097761,0.05
322,369,9,0.3815959842654377,0.004103499608753778,0.37961357165435655,0.009399013232571134,-2702.0623333333333,500.0001111097761,0.05
323,370,10,0.3881062532737544,0.004103499608753778,0.37486610942126064,0.009399013232571134,-2381.922333333332,500.0001111097761,0.05
324,371,11,0.3748244523909785,0.004103499608753778,0.3674727928925159,0.009399013232571134,-2285.880333333333,500.0001111097761,0.05
325,372,12,0.36843668687378106,0.004103499608753778,0.3708113559496696,0.009399013232571134,-2189.838333333332,500.0001111097761,0.05
326,373,13,0.3578336006641184,0.004103499608753778,0.3511008703727076,0.009399013232571134,-2093.7963333333328,500.0001111097761,0.05
327,374,14,0.3509426996029527,0.004103499608753778,0.354132018299016,0.009399013232571134,-1997.7543333333329,500.0001111097761,0.05
328,375,15,0.3618488571121971,0.004103499608753778,0.3628601070105703,0.009399013232571134,-1901.7123333333332,500.0001111097761,0.05
329,376,16,0.3465171148958083,0.004103499608753778,0.3506274858073787,0.009399013232571134,-1805.6703333333328,500.0001111097761,0.05
330,377,17,0.3389037301055783,0.004103499608753778,0.34102147506000674,0.009399013232571134,-1709.6283333333322,500.0001111097761,0.05
331,378,18,0.3491231030817827,0.004103499608753778,0.3380917567587909,0.009399013232571134,-1613.5863333333327,500.0001111097761,0.05
332,379,19,0.3255305031567935,0.004103499608753778,0.32467428469535803,0.009399013232571134,-1517.5443333333326,500.0001111097761,0.05
333,380,20,0.3198315408771732,0.004103499608753778,0.3233268685455849,0.009399013232571134,-1421.502333333332,500.0001111097761,0.05
334,381,21,0.30625936528387765,0.004103499608753778,0.2989129662028616,0.009399013232571134,-1325.4603333333325,500.0001111097761,0.05
335,382,22,0.2969255129900095,0.004103499608753778,0.29214663759634946,0.009399013232571134,-1229.418333333333,500.0001111097761,0.05
336,383,23,0.2734134487512896,0.004103499608753778,0.2912584336533307,0.009399013232571134,-1133.376333333333,500.0001111097761,0.05
337,384,24,0.2632324842850935,0.004103499608753778,0.2607548633536849,0.009399013232571134,-1037.3343333333323,500.0001111097761,0.05
338,385,25,0.24382349014181576,0.004103499608753778,0.2344797273905145,0.009399013232571134,-941.2923333333329,500.0001111097761,0.05
339,386,26,0.20899233706840886,0.004103499608753778,0.1907188187848592,0.009399013232571134,-845.2503333333325,500.0001111097761,0.05
340,387,27,0.17637432165329778,0.004103499608753778,0.18150254789828787,0.009399013232571134,-749.208333333332,500.0001111097761,0.05
341,388,28,0.15548168592286496,0.004103499608753778,0.13881366706304502,0.009399013232571134,-653.1663333333328,500.0001111097761,0.05
342,389,29,0.12046162460382925,0.004103499608753778,0.10817622355274632,0.009399013232571134,-557.1243333333323,500.0001111097761,0.05
343,390,30,0.08387026742168578,0.004103499608753778,0.07880116204077332,0.009399013232571134,-461.0823333333328,500.0001111097761,0.05
344,391,31,0.03719259645423402,0.004103499608753778,0.04737084454057359,0.009399013232571134,-365.0403333333325,500.0001111097761,0.05
345,392,32,0.014959429351184822,0.004103499608753778,0.014936394593662038,0.009399013232571134,-268.998333333333,500.0001111097761,0.05
346,393,33,0.006342190606082393,0.004103499608753778,0.0023974059026020877,0.009399013232571134,-172.95633333333262,500.0001111097761,0.05
347,394,36,0.011747027634648478,0.004103499608753778,0.018064560651094828,0.009399013232571134,99.16266666666706,500.0001111097761,0.05
348,395,37,0.020389314253151925,0.004103499608753778,0.012978260945078635,0.009399013232571134,179.19766666666786,500.0001111097761,0.05
349,396,38,0.023725345685444044,0.004103499608753778,0.0338967386207192,0.009399013232571134,259.2326666666677,500.0001111097761,0.05
350,397,39,0.06204169651929298,0.004103499608753778,0.06144941544810241,0.009399013232571134,339.26766666666754,500.0001111097761,0.05
351,398,40,0.09815361137387718,0.004103499608753778,0.09233173508341892,0.009399013232571134,419.3026666666683,500.0001111097761,0.05
352,399,41,0.11822840614776987,0.004103499608753778,0.12663717951538409,0.009399013232571134,499.33766666666816,500.0001111097761,0.05
353,400,42,0.15404112774043568,0.004103499608753778,0.15926639518417698,0.009399013232571134,579.372666666668,500.0001111097761,0.05
354,401,43,0.18987244266436407,0.004103499608753778,0.17432681875707026,0.009399013232571134,659.4076666666679,500.0001111097761,0.05
355,402,44,0.22209463261879456,0.004103499608753778,0.2136538632992649,0.009399013232571134,739.4426666666678,500.0001111097761,0.05
356,403,45,0.2370814419783588,0.004103499608753778,0.2390699042323711,0.009399013232571134,819.4776666666678,500.0001111097761,0.05
357,404,46,0.2517892451213755,0.004103499608753778,0.24624396603728585,0.009399013232571134,899.5126666666672,500.0001111097761,0.05
358,405,47,0.27064378612639994,0.004103499608753778,0.2726524889046874,0.009399013232571134,979.5476666666672,500.0001111097761,0.05
359,406,48,0.2687746782202676,0.004103499608753778,0.2794809257884822,0.009399013232571134,1059.5826666666671,500.0001111097761,0.05
360,407,49,0.2970098204663349,0.004103499608753778,0.29095609000373995,0.009399013232571134,1139.617666666667,500.0001111097761,0.05
361,408,50,0.31220588448830977,0.004103499608753778,0.32103587899306785,0.009399013232571134,1219.6526666666666,500.0001111097761,0.05
362,409,51,0.32739929232010423,0.004103499608753778,0.3177091957070722,0.009399013232571134,1299.6876666666667,500.0001111097761,0.05
363,410,52,0.3171458138619837,0.004103499608753778,0.31762200791290024,0.009399013232571134,1379.7226666666684,500.0001111097761,0.05
364,411,53,0.33995016278904217,0.004103499608753778,0.3372797639792834,0.009399013232571134,1459.7576666666685,500.0001111097761,0.05
365,412,54,0.34631811312749394,0.004103499608753778,0.34434190583486657,0.009399013232571134,1539.792666666668,500.0001111097761,0.05
366,413,55,0.3418636821949906,0.004103499608753778,0.3630717197763454,0.009399013232571134,1619.8276666666684,500.0001111097761,0.05
367,414,56,0.34698901364325524,0.004103499608753778,0.34780107288459605,0.009399013232571134,1715.8696666666674,500.0001111097761,0.05
368,415,57,0.3732384412342714,0.004103499608753778,0.36853537242387857,0.009399013232571134,1811.9116666666669,500.0001111097761,0.05
369,416,58,0.3680575954112367,0.004103499608753778,0.36551874421787456,0.009399013232571134,1907.9536666666681,500.0001111097761,0.05
370,417,59,0.37107284938020463,0.004103499608753778,0.3713296891228306,0.009399013232571134,2003.995666666668,500.0001111097761,0.05
371,418,60,0.38030114467630427,0.004103499608753778,0.3701168409071699,0.009399013232571134,2100.037666666667,500.0001111097761,0.05
372,419,61,0.3664653156457039,0.004103499608753778,0.3825519739988167,0.009399013232571134,2196.0796666666683,500.0001111097761,0.05
373,420,62,0.3800748372729356,0.004103499608753778,0.3754955983479477,0.009399013232571134,2292.1216666666683,500.0001111097761,0.05
374,421,63,0.3829724751407161,0.004103499608753778,0.3792676688438528,0.009399013232571134,2388.1636666666673,500.0001111097761,0.05
375,422,64,0.3882583998472868,0.004103499608753778,0.3893064228341707,0.009399013232571134,2484.2056666666685,500.0001111097761,0.05
376,423,65,0.3884871509456214,0.004103499608753778,0.3830544674771002,0.009399013232571134,2580.247666666668,500.0001111097761,0.05
377,424,66,0.3851211205014321,0.004103499608753778,0.3914787536197987,0.009399013232571134,2676.2896666666675,500.0001111097761,0.05
378,425,67,0.3846842303405626,0.004103499608753778,0.3879156559405224,0.009399013232571134,2772.331666666667,500.0001111097761,0.05
379,426,68,0.3933975966082931,0.004103499608753778,0.3946605175921348,0.009399013232571134,2868.373666666668,500.0001111097761,0.05
380,427,69,0.3827882417898048,0.004103499608753778,0.3960639979250926,0.009399013232571134,2964.415666666668,500.0001111097761,0.05
381,428,70,0.3993356691279515,0.004103499608753778,0.3821943998341927,0.009399013232571134,3060.4576666666667,500.0001111097761,0.05
382,429,71,0.4107051193284585,0.004103499608753778,0.39985767432058944,0.009399013232571134,3156.499666666666,500.0001111097761,0.05
383,430,72,0.4049249838769257,0.004103499608753778,0.3980536164408623,0.009399013232571134,3252.541666666668,500.0001111097761,0.05
384,431,73,0.3986241820262341,0.004103499608753778,0.3988463653805406,0.009399013232571134,3348.5836666666673,500.0001111097761,0.05
385,432,74,0.4025246379347165,0.004103499608753778,0.3966461067118392,0.009399013232571134,3444.625666666667,500.0001111097761,0.05
386,433,75,0.3983830530816588,0.004103499608753778,0.3914241483558791,0.009399013232571134,3540.667666666668,500.0001111097761,0.05
387,434,76,0.4058775999232184,0.004103499608753778,0.4136724587305319,0.009399013232571134,3636.709666666668,500.0001111097761,0.05
388,435,77,0.4056031623537812,0.004103499608753778,0.3898177393003903,0.009399013232571134,3732.751666666667,500.0001111097761,0.05
389,436,78,0.38634588979360696,0.004103499608753778,0.3977011832298389,0.009399013232571134,3828.7936666666683,500.0001111097761,0.05
390,437,79,0.3932208537136903,0.004103499608753778,0.4103199317318414,0.009399013232571134,3924.835666666668,500.0001111097761,0.05
391,438,80,0.4080565789757944,0.004103499608753778,0.3963675226045646,0.009399013232571134,4020.877666666666,500.0001111097761,0.05
392,439,81,0.3874632958786907,0.004103499608753778,0.4040339349252536,0.009399013232571134,4341.017666666668,500.0001111097761,0.05
393,440,82,0.3954755873102108,0.004103499608753778,0.4017021651056617,0.009399013232571134,4661.157666666668,500.0001111097761,0.05
0,3,3,0.3653971559006679,0.006872651171396167,0.3728056237938801,0.0045265863961406,-4623.578,1000.0003316144414,0.05
1,4,4,0.3556111280219553,0.006872651171396167,0.3527332813293273,0.0045265863961406,-4303.438,1000.0003316144414,0.05
2,5,5,0.3406764306834523,0.006872651171396167,0.3432400581444968,0.0045265863961406,-3983.298,1000.0003316144414,0.05
3,6,6,0.3407884182660719,0.006872651171396167,0.3392425664828124,0.0045265863961406,-3663.158,1000.0003316144414,0.05
4,7,7,0.3263765899616226,0.006872651171396167,0.337470764999479,0.0045265863961406,-3343.018,1000.0003316144414,0.05
5,8,8,0.3125775956111558,0.006872651171396167,0.3208080741625281,0.0045265863961406,-3022.878,1000.0003316144414,0.05
6,9,9,0.2984313928978388,0.006872651171396167,0.3121714908395273,0.0045265863961406,-2702.7380000000007,1000.0003316144414,0.05
7,10,10,0.2896762651230093,0.006872651171396167,0.2797647213625817,0.0045265863961406,-2382.597999999999,1000.0003316144414,0.05
8,11,11,0.2892030642218329,0.006872651171396167,0.2804239883085302,0.0045265863961406,-2286.556,1000.0003316144414,0.05
9,12,12,0.2810189117229636,0.006872651171396167,0.27559780644618104,0.0045265863961406,-2190.513999999999,1000.0003316144414,0.05
10,13,13,0.2373017396341635,0.006872651171396167,0.2552275412970621,0.0045265863961406,-2094.472,1000.0003316144414,0.05
11,14,14,0.22549821718822835,0.006872651171396167,0.2377910934206497,0.0045265863961406,-1998.4299999999994,1000.0003316144414,0.05
12,15,15,0.2267247181047113,0.006872651171396167,0.2323162723847456,0.0045265863961406,-1902.388,1000.0003316144414,0.05
13,16,16,0.2179213799619107,0.006872651171396167,0.21958675448304515,0.0045265863961406,-1806.3459999999993,1000.0003316144414,0.05
14,17,17,0.19818772055202089,0.006872651171396167,0.2094417866067524,0.0045265863961406,-1710.3039999999994,1000.0003316144414,0.05
15,18,18,0.1972063844549504,0.006872651171396167,0.20083011643851847,0.0045265863961406,-1614.2619999999995,1000.0003316144414,0.05
16,19,19,0.1833925521402592,0.006872651171396167,0.1837309278068304,0.0045265863961406,-1518.2199999999993,1000.0003316144414,0.05
17,20,20,0.1866245210634881,0.006872651171396167,0.18492882958090925,0.0045265863961406,-1422.177999999999,1000.0003316144414,0.05
18,21,21,0.1647267575872325,0.006872651171396167,0.17352654102124612,0.0045265863961406,-1326.1359999999995,1000.0003316144414,0.05
19,22,22,0.15376988417363646,0.006872651171396167,0.15449371891750388,0.0045265863961406,-1230.094,1000.0003316144414,0.05
20,23,23,0.1306971101199081,0.006872651171396167,0.1263548972062071,0.0045265863961406,-1134.0519999999995,1000.0003316144414,0.05
21,24,24,0.10423758374772617,0.006872651171396167,0.11099604080972583,0.0045265863961406,-1038.0099999999993,1000.0003316144414,0.05
22,25,25,0.0975463907649899,0.006872651171396167,0.09541841792955813,0.0045265863961406,-941.9679999999997,1000.0003316144414,0.05
23,26,26,0.0798795816770058,0.006872651171396167,0.07199680890782156,0.0045265863961406,-845.9259999999997,1000.0003316144414,0.05
24,27,27,0.06662896724645216,0.006872651171396167,0.07655322478129678,0.0045265863961406,-749.8839999999991,1000.0003316144414,0.05
25,28,28,0.045095556489604914,0.006872651171396167,0.04584365534640212,0.0045265863961406,-653.8419999999996,1000.0003316144414,0.05
26,29,29,0.0188851204894758,0.006872651171396167,0.029436652150479137,0.0045265863961406,-557.7999999999993,1000.0003316144414,0.05
27,30,30,0.02347395616223257,0.006872651171396167,0.0206043935947198,0.0045265863961406,-461.75799999999987,1000.0003316144414,0.05
28,31,31,0.01089826085175815,0.006872651171396167,0.008787338964519113,0.0045265863961406,-365.7159999999994,1000.0003316144414,0.05
29,32,33,0.007127970586469234,0.006872651171396167,9.448393308552068e-05,0.0045265863961406,-173.63199999999958,1000.0003316144414,0.05
30,33,36,0.008673243037523908,0.006872651171396167,0.00011496710106344436,0.0045265863961406,98.48700000000008,1000.0003316144414,0.05
31,34,37,0.00845769687722461,0.006872651171396167,0.003252498619194723,0.0045265863961406,178.52200000000084,1000.0003316144414,0.05
32,35,38,0.012480721926832005,0.006872651171396167,0.004877423597933427,0.0045265863961406,258.5570000000007,1000.0003316144414,0.05
33,36,39,0.022198963737403786,0.006872651171396167,0.01938630595424399,0.0045265863961406,338.5920000000005,1000.0003316144414,0.05
34,37,40,0.03201355860197569,0.006872651171396167,0.02958054804799797,0.0045265863961406,418.6270000000013,1000.0003316144414,0.05
35,38,41,0.03639665158342771,0.006872651171396167,0.03717242134470766,0.0045265863961406,498.6620000000012,1000.0003316144414,0.05
36,39,42,0.0390419482264381,0.006872651171396167,0.04668469170603582,0.0045265863961406,578.697000000001,1000.0003316144414,0.05
37,40,43,0.05380599856375448,0.006872651171396167,0.05522824061368715,0.0045265863961406,658.7320000000009,1000.0003316144414,0.05
38,41,44,0.08396876842814416,0.006872651171396167,0.07332866202096525,0.0045265863961406,738.7670000000007,1000.0003316144414,0.05
39,42,45,0.09459144923698154,0.006872651171396167,0.09016781528655536,0.0045265863961406,818.8020000000006,1000.0003316144414,0.05
40,43,46,0.1007509224701618,0.006872651171396167,0.111184994321503,0.0045265863961406,898.8370000000003,1000.0003316144414,0.05
41,44,47,0.1254163046839722,0.006872651171396167,0.11386305494167265,0.0045265863961406,978.8720000000003,1000.0003316144414,0.05
42,45,48,0.13009828112163208,0.006872651171396167,0.13863708250624954,0.0045265863961406,1058.9070000000004,1000.0003316144414,0.05
43,46,49,0.14017544547733646,0.006872651171396167,0.13976203911526328,0.0045265863961406,1138.942,1000.0003316144414,0.05
44,47,50,0.15279365025373787,0.006872651171396167,0.15635143972960372,0.0045265863961406,1218.977,1000.0003316144414,0.05
45,48,51,0.1810166556582277,0.006872651171396167,0.183610157665994,0.0045265863961406,1299.0119999999995,1000.0003316144414,0.05
46,49,52,0.1904830165182118,0.006872651171396167,0.1890127926634325,0.0045265863961406,1379.0470000000016,1000.0003316144414,0.05
47,50,53,0.1986264557257708,0.006872651171396167,0.2044823435204289,0.0045265863961406,1459.0820000000012,1000.0003316144414,0.05
48,51,54,0.21036578445279844,0.006872651171396167,0.2158533008549836,0.0045265863961406,1539.1170000000006,1000.0003316144414,0.05
49,52,55,0.2220195736176484,0.006872651171396167,0.2245664869530292,0.0045265863961406,1619.152000000001,1000.0003316144414,0.05
50,53,56,0.2333354216394093,0.006872651171396167,0.2340882809026061,0.0045265863961406,1715.1940000000006,1000.0003316144414,0.05
51,54,57,0.24511712967478305,0.006872651171396167,0.24573217875545106,0.0045265863961406,1811.236,1000.0003316144414,0.05
52,55,58,0.2473313183782851,0.006872651171396167,0.2572277708753489,0.0045265863961406,1907.2780000000007,1000.0003316144414,0.05
53,56,59,0.2646852807047808,0.006872651171396167,0.2825478174995244,0.0045265863961406,2003.3200000000006,1000.0003316144414,0.05
54,57,60,0.2773622125816912,0.006872651171396167,0.2905068458266785,0.0045265863961406,2099.362,1000.0003316144414,0.05
55,58,61,0.28898512836834805,0.006872651171396167,0.2878648782257417,0.0045265863961406,2195.4040000000014,1000.0003316144414,0.05
56,59,62,0.3038486034785742,0.006872651171396167,0.2987671784023422,0.0045265863961406,2291.446000000001,1000.0003316144414,0.05
57,60,63,0.3065434901599133,0.006872651171396167,0.3002249085079919,0.0045265863961406,2387.4880000000007,1000.0003316144414,0.05
58,61,64,0.31525420816813443,0.006872651171396167,0.3149481689061285,0.0045265863961406,2483.5300000000016,1000.0003316144414,0.05
59,62,65,0.30802135139666026,0.006872651171396167,0.3054458362021035,0.0045265863961406,2579.572000000001,1000.0003316144414,0.05
60,63,66,0.3158550676246727,0.006872651171396167,0.31233463404691997,0.0045265863961406,2675.6140000000005,1000.0003316144414,0.05
61,64,67,0.32326873930755473,0.006872651171396167,0.3222226030635129,0.0045265863961406,2771.656,1000.0003316144414,0.05
62,65,68,0.3291914819325659,0.006872651171396167,0.34164658240054696,0.0045265863961406,2867.6980000000012,1000.0003316144414,0.05
63,66,69,0.33214767297335096,0.006872651171396167,0.3392021947500185,0.0045265863961406,2963.740000000001,1000.0003316144414,0.05
64,67,70,0.329305239658286,0.006872651171396167,0.3386345750880875,0.0045265863961406,3059.782,1000.0003316144414,0.05
65,68,71,0.33587882225090704,0.006872651171396167,0.3477359509245357,0.0045265863961406,3155.824,1000.0003316144414,0.05
66,69,72,0.3392246009628884,0.006872651171396167,0.3326447901716569,0.0045265863961406,3251.8660000000013,1000.0003316144414,0.05
67,70,73,0.3468992646270222,0.006872651171396167,0.3514116419195229,0.0045265863961406,3347.9080000000013,1000.0003316144414,0.05
68,71,74,0.3537856939811317,0.006872651171396167,0.3574633991710798,0.0045265863961406,3443.95,1000.0003316144414,0.05
69,72,75,0.3426409250837261,0.006872651171396167,0.3444267110426006,0.0045265863961406,3539.992000000001,1000.0003316144414,0.05
70,73,76,0.36223364986500056,0.006872651171396167,0.3605276481958897,0.0045265863961406,3636.034000000001,1000.0003316144414,0.05
71,74,77,0.3582348445380499,0.006872651171396167,0.3547195705827861,0.0045265863961406,3732.0759999999996,1000.0003316144414,0.05
72,75,78,0.3610398445328436,0.006872651171396167,0.3678274095770952,0.0045265863961406,3828.1180000000013,1000.0003316144414,0.05
73,76,79,0.3567149684341835,0.006872651171396167,0.36442810967585065,0.0045265863961406,3924.160000000001,1000.0003316144414,0.05
74,77,80,0.3508240883849804,0.006872651171396167,0.3620462464525209,0.0045265863961406,4020.202,1000.0003316144414,0.05
75,78,81,0.3696560681373201,0.006872651171396167,0.3801887510780173,0.0045265863961406,4340.3420000000015,1000.0003316144414,0.05
76,79,82,0.36919671600275306,0.006872651171396167,0.3806253178842636,0.0045265863961406,4660.482000000001,1000.0003316144414,0.05
