,Unnamed: 0,Unnamed: 0.1,Unnamed: 0.1.1,norm_intensity,norm_intensity_error,norm_volume,norm_volume_error,offset(hz),slp(hz),trelax(s)
0,333,381,4,0.41330496456809057,0.004188095971832136,0.4052068984461896,0.0009664140345573367,-4584.883666666667,10.000004687411117,0.08
1,334,382,5,0.4092932609787147,0.004188095971832136,0.4110428512198895,0.0009664140345573367,-4264.743666666665,10.000004687411117,0.08
2,335,383,6,0.41050826701837584,0.004188095971832136,0.40553900860524505,0.0009664140345573367,-3944.603666666665,10.000004687411117,0.08
3,336,384,7,0.4103680976720714,0.004188095971832136,0.4105740106017336,0.0009664140345573367,-3624.4636666666656,10.000004687411117,0.08
4,337,385,8,0.410728631991776,0.004188095971832136,0.40731473803015217,0.0009664140345573367,-3304.323666666665,10.000004687411117,0.08
5,338,386,9,0.4153167752900075,0.004188095971832136,0.4056197396385899,0.0009664140345573367,-2984.1836666666663,10.000004687411117,0.08
6,339,387,10,0.4196977785888184,0.004188095971832136,0.4120881149492145,0.0009664140345573367,-2664.043666666665,10.000004687411117,0.08
7,340,388,11,0.407671510099805,0.004188095971832136,0.40339036186876026,0.0009664140345573367,-2584.0086666666652,10.000004687411117,0.08
8,341,389,12,0.4148294503767452,0.004188095971832136,0.40984654802993015,0.0009664140345573367,-2503.973666666665,10.000004687411117,0.08
9,342,390,13,0.4204509869905726,0.004188095971832136,0.4107109177151739,0.0009664140345573367,-2423.938666666665,10.000004687411117,0.08
10,343,391,14,0.4108481180938917,0.004188095971832136,0.4090171559039912,0.0009664140345573367,-2343.9036666666652,10.000004687411117,0.08
11,344,392,15,0.4233072738125781,0.004188095971832136,0.40984195501709214,0.0009664140345573367,-2263.868666666665,10.000004687411117,0.08
12,345,393,16,0.4132756697129386,0.004188095971832136,0.3955931926132341,0.0009664140345573367,-2183.8336666666655,10.000004687411117,0.08
13,346,394,17,0.4143524286408853,0.004188095971832136,0.4136440863752573,0.0009664140345573367,-2103.7986666666648,10.000004687411117,0.08
14,347,395,18,0.4129570401072966,0.004188095971832136,0.40281605860967024,0.0009664140345573367,-2023.7636666666656,10.000004687411117,0.08
15,348,396,19,0.411416561306853,0.004188095971832136,0.4186382812192235,0.0009664140345573367,-1943.728666666665,10.000004687411117,0.08
16,349,397,20,0.4114407814626873,0.004188095971832136,0.4088929679030252,0.0009664140345573367,-1863.6936666666647,10.000004687411117,0.08
17,350,398,21,0.4095619124850162,0.004188095971832136,0.4090095597673745,0.0009664140345573367,-1783.6586666666644,10.000004687411117,0.08
18,351,399,22,0.4101736444209448,0.004188095971832136,0.4119459082055764,0.0009664140345573367,-1703.6236666666643,10.000004687411117,0.08
19,352,400,23,0.4157110640491128,0.004188095971832136,0.40335485434643575,0.0009664140345573367,-1623.5886666666647,10.000004687411117,0.08
20,353,401,24,0.4103584096097377,0.004188095971832136,0.40316636416573776,0.0009664140345573367,-1543.5536666666644,10.000004687411117,0.08
21,354,402,25,0.4086339345143372,0.004188095971832136,0.4090296983621257,0.0009664140345573367,-1463.518666666665,10.000004687411117,0.08
22,355,403,26,0.4130649159124886,0.004188095971832136,0.4095063117712383,0.0009664140345573367,-1383.4836666666656,10.000004687411117,0.08
23,356,404,27,0.4096854737244628,0.004188095971832136,0.40392827433382616,0.0009664140345573367,-1303.4486666666653,10.000004687411117,0.08
24,357,405,28,0.4216054041959562,0.004188095971832136,0.404213571092802,0.0009664140345573367,-1223.4136666666654,10.000004687411117,0.08
25,358,406,29,0.4100913727804919,0.004188095971832136,0.4115086887142667,0.0009664140345573367,-1143.3786666666656,10.000004687411117,0.08
26,359,407,30,0.4114604651448891,0.004188095971832136,0.40810420627526856,0.0009664140345573367,-1063.3436666666648,10.000004687411117,0.08
27,360,408,31,0.4060399173797944,0.004188095971832136,0.4064881723736519,0.0009664140345573367,-983.3086666666652,10.000004687411117,0.08
28,361,409,32,0.41190365555196456,0.004188095971832136,0.4051542554528925,0.0009664140345573367,-903.2736666666652,10.000004687411117,0.08
29,362,410,33,0.4025189987259429,0.004188095971832136,0.3982968872857573,0.0009664140345573367,-823.2386666666652,10.000004687411117,0.08
30,363,411,34,0.3948970310189713,0.004188095971832136,0.3893723100328418,0.0009664140345573367,-743.2036666666652,10.000004687411117,0.08
31,364,412,35,0.4011845834735497,0.004188095971832136,0.3923759637745544,0.0009664140345573367,-663.1686666666646,10.000004687411117,0.08
32,365,413,36,0.3849766089680189,0.004188095971832136,0.3901411097201872,0.0009664140345573367,-583.1336666666647,10.000004687411117,0.08
33,366,414,37,0.3936799489659532,0.004188095971832136,0.3927536507533101,0.0009664140345573367,-503.09866666666494,10.000004687411117,0.08
34,367,415,38,0.39993105585270455,0.004188095971832136,0.4022829158117823,0.0009664140345573367,-423.06366666666514,10.000004687411117,0.08
35,368,416,39,0.40294319745526896,0.004188095971832136,0.3960721025287656,0.0009664140345573367,-343.0286666666653,10.000004687411117,0.08
36,369,417,40,0.3938637145927593,0.004188095971832136,0.3897415176032811,0.0009664140345573367,-262.99366666666543,10.000004687411117,0.08
37,370,418,41,0.4012858467917521,0.004188095971832136,0.3908394243259032,0.0009664140345573367,-182.95866666666552,10.000004687411117,0.08
38,371,419,42,0.3948006886213196,0.004188095971832136,0.3962178423592022,0.0009664140345573367,-102.92366666666477,10.000004687411117,0.08
39,372,420,43,0.2536880633589025,0.004188095971832136,0.2505251786313964,0.0009664140345573367,-22.88866666666491,10.000004687411117,0.08
40,373,421,44,0.3840184903589684,0.004188095971832136,0.3740425997229942,0.0009664140345573367,57.14633333333495,10.000004687411117,0.08
41,374,422,45,0.4127502076654102,0.004188095971832136,0.4027167788706335,0.0009664140345573367,137.18133333333478,10.000004687411117,0.08
42,375,423,46,0.4115465812545221,0.004188095971832136,0.4054425553356471,0.0009664140345573367,217.21633333333463,10.000004687411117,0.08
43,376,424,47,0.4134239124445212,0.004188095971832136,0.4129496581650195,0.0009664140345573367,297.25133333333537,10.000004687411117,0.08
44,377,425,48,0.4183535983847079,0.004188095971832136,0.4085380693341197,0.0009664140345573367,377.28633333333534,10.000004687411117,0.08
45,378,426,49,0.4174835181198803,0.004188095971832136,0.4065392254778897,0.0009664140345573367,457.32133333333513,10.000004687411117,0.08
46,379,427,50,0.4098164163447351,0.004188095971832136,0.4081817575304948,0.0009664140345573367,537.356333333335,10.000004687411117,0.08
47,380,428,51,0.4165362409139175,0.004188095971832136,0.4042485486521067,0.0009664140345573367,617.3913333333347,10.000004687411117,0.08
48,381,429,52,0.41355108748499697,0.004188095971832136,0.4056987041285355,0.0009664140345573367,697.4263333333348,10.000004687411117,0.08
49,382,430,53,0.4147317239701885,0.004188095971832136,0.4053602344132429,0.0009664140345573367,777.4613333333348,10.000004687411117,0.08
50,383,431,54,0.4149793077853833,0.004188095971832136,0.4076722864141565,0.0009664140345573367,857.4963333333344,10.000004687411117,0.08
51,384,432,55,0.4126128832262991,0.004188095971832136,0.4085817029560807,0.0009664140345573367,937.5313333333344,10.000004687411117,0.08
52,385,433,56,0.4140957718784256,0.004188095971832136,0.4078959308084992,0.0009664140345573367,1017.566333333334,10.000004687411117,0.08
53,386,434,57,0.4162046170024469,0.004188095971832136,0.4084735905000478,0.0009664140345573367,1097.6013333333358,10.000004687411117,0.08
54,387,435,58,0.4093793770883477,0.004188095971832136,0.40040190040028106,0.0009664140345573367,1177.6363333333356,10.000004687411117,0.08
55,388,436,59,0.4092888782838495,0.004188095971832136,0.4061931596259804,0.0009664140345573367,1257.6713333333355,10.000004687411117,0.08
56,389,437,60,0.4117683302368271,0.004188095971832136,0.4067231226457497,0.0009664140345573367,1337.7063333333356,10.000004687411117,0.08
57,390,438,61,0.4161165017688403,0.004188095971832136,0.4054891920813867,0.0009664140345573367,1433.7483333333344,10.000004687411117,0.08
58,391,439,62,0.40865800089140425,0.004188095971832136,0.4083294405586705,0.0009664140345573367,1529.7903333333343,10.000004687411117,0.08
59,392,440,63,0.4089912394799305,0.004188095971832136,0.406272124115926,0.0009664140345573367,1625.8323333333356,10.000004687411117,0.08
60,393,441,64,0.413781678746416,0.004188095971832136,0.4126975724219492,0.0009664140345573367,1721.874333333335,10.000004687411117,0.08
61,394,442,65,0.4134309862678124,0.004188095971832136,0.4050712279131287,0.0009664140345573367,1817.9163333333343,10.000004687411117,0.08
62,395,443,66,0.4102496111319425,0.004188095971832136,0.40690648985058986,0.0009664140345573367,1913.958333333336,10.000004687411117,0.08
63,396,444,67,0.4104213820149068,0.004188095971832136,0.4069944637118715,0.0009664140345573367,2010.0003333333352,10.000004687411117,0.08
64,397,445,68,0.41471434696949466,0.004188095971832136,0.4111347114766495,0.0009664140345573367,2106.0423333333347,10.000004687411117,0.08
65,398,446,69,0.4115033694209384,0.004188095971832136,0.4033453150120799,0.0009664140345573367,2202.084333333336,10.000004687411117,0.08
66,399,447,70,0.4135476274627349,0.004188095971832136,0.4082896933321878,0.0009664140345573367,2298.1263333333354,10.000004687411117,0.08
67,400,448,71,0.4101511158315497,0.004188095971832136,0.40174570996407616,0.0009664140345573367,2394.168333333335,10.000004687411117,0.08
68,401,449,72,0.4085077590358482,0.004188095971832136,0.4000943451944749,0.0009664140345573367,2490.2103333333343,10.000004687411117,0.08
69,402,450,73,0.4134355996308284,0.004188095971832136,0.4067944909990786,0.0009664140345573367,2586.252333333336,10.000004687411117,0.08
70,403,451,74,0.4132347645608629,0.004188095971832136,0.4026197956380157,0.0009664140345573367,2682.294333333335,10.000004687411117,0.08
71,404,452,75,0.4124538759810125,0.004188095971832136,0.40034236788772704,0.0009664140345573367,2778.3363333333346,10.000004687411117,0.08
72,405,453,76,0.41512608961867736,0.004188095971832136,0.4104510591811471,0.0009664140345573367,2874.3783333333336,10.000004687411117,0.08
73,406,454,77,0.4161842413157927,0.004188095971832136,0.4106347796946671,0.0009664140345573367,2970.420333333336,10.000004687411117,0.08
74,407,455,78,0.4193719213811179,0.004188095971832136,0.4087569440612844,0.0009664140345573367,3066.4623333333348,10.000004687411117,0.08
75,408,456,79,0.4128797662767777,0.004188095971832136,0.4004942906200608,0.0009664140345573367,3162.5043333333338,10.000004687411117,0.08
76,409,457,80,0.41127300882767015,0.004188095971832136,0.3999860560841021,0.0009664140345573367,3258.5463333333355,10.000004687411117,0.08
77,410,458,81,0.4149426315494057,0.004188095971832136,0.4008869932177099,0.0009664140345573367,3354.588333333335,10.000004687411117,0.08
78,411,459,82,0.4133723965575085,0.004188095971832136,0.4091710218340642,0.0009664140345573367,3450.6303333333344,10.000004687411117,0.08
79,412,460,83,0.4068440265534923,0.004188095971832136,0.4044186667814527,0.0009664140345573367,3546.672333333336,10.000004687411117,0.08
80,413,461,84,0.4024905496540106,0.004188095971832136,0.4034601403330299,0.0009664140345573367,3642.714333333335,10.000004687411117,0.08
81,414,462,85,0.4033430991393772,0.004188095971832136,0.3994947803647759,0.0009664140345573367,3738.756333333335,10.000004687411117,0.08
82,415,463,86,0.4066041316766576,0.004188095971832136,0.4000478851030752,0.0009664140345573367,4058.8963333333363,10.000004687411117,0.08
83,416,464,87,0.4053858193935017,0.004188095971832136,0.4018714878541014,0.0009664140345573367,4379.036333333335,10.000004687411117,0.08
84,417,465,88,0.3931960071855693,0.004188095971832136,0.3841470513122561,0.0009664140345573367,4699.1763333333365,10.000004687411117,0.08
85,164,190,4,0.4169626890735572,0.00686961089185631,0.4075723125255699,0.0021641214035759433,-4584.766333333333,50.00001453914387,0.08
86,165,191,5,0.4169937564579173,0.00686961089185631,0.4121413113480406,0.0021641214035759433,-4264.626333333333,50.00001453914387,0.08
87,166,192,6,0.41677350951718095,0.00686961089185631,0.4032522729768144,0.0021641214035759433,-3944.4863333333333,50.00001453914387,0.08
88,167,193,7,0.4180171299749893,0.00686961089185631,0.4135683338040248,0.0021641214035759433,-3624.346333333333,50.00001453914387,0.08
89,168,194,8,0.4111713585954767,0.00686961089185631,0.4119341715377444,0.0021641214035759433,-3304.206333333333,50.00001453914387,0.08
90,169,195,9,0.4167114518387446,0.00686961089185631,0.4067517612667418,0.0021641214035759433,-2984.066333333333,50.00001453914387,0.08
91,170,196,10,0.4116676658424002,0.00686961089185631,0.4070126435364104,0.0021641214035759433,-2663.926333333332,50.00001453914387,0.08
92,171,197,11,0.4159609779262251,0.00686961089185631,0.4114147204155324,0.0021641214035759433,-2583.891333333332,50.00001453914387,0.08
93,172,198,12,0.4164508095893118,0.00686961089185631,0.408895053255752,0.0021641214035759433,-2503.856333333333,50.00001453914387,0.08
94,173,199,13,0.4050648830373366,0.00686961089185631,0.41153092513728795,0.0021641214035759433,-2423.8213333333324,50.00001453914387,0.08
95,174,200,14,0.41635860960992055,0.00686961089185631,0.4101343330142597,0.0021641214035759433,-2343.7863333333325,50.00001453914387,0.08
96,175,201,15,0.4145116805913133,0.00686961089185631,0.4057657117058728,0.0021641214035759433,-2263.751333333333,50.00001453914387,0.08
97,176,202,16,0.4132205725187014,0.00686961089185631,0.4102827476206061,0.0021641214035759433,-2183.7163333333333,50.00001453914387,0.08
98,177,203,17,0.4111261836891864,0.00686961089185631,0.4126764225246392,0.0021641214035759433,-2103.681333333332,50.00001453914387,0.08
99,178,204,18,0.40910395136528177,0.00686961089185631,0.4068948372181835,0.0021641214035759433,-2023.6463333333331,50.00001453914387,0.08
100,179,205,19,0.4104782398540835,0.00686961089185631,0.41615811529821817,0.0021641214035759433,-1943.6113333333328,50.00001453914387,0.08
101,180,206,20,0.41036391496324975,0.00686961089185631,0.4137756515694845,0.0021641214035759433,-1863.5763333333325,50.00001453914387,0.08
102,181,207,21,0.4116074583307743,0.00686961089185631,0.4107445412698489,0.0021641214035759433,-1783.5413333333315,50.00001453914387,0.08
103,182,208,22,0.4144034458328976,0.00686961089185631,0.4072882960846483,0.0021641214035759433,-1703.506333333332,50.00001453914387,0.08
104,183,209,23,0.3953040196672732,0.00686961089185631,0.3972984270721055,0.0021641214035759433,-1623.4713333333316,50.00001453914387,0.08
105,184,210,24,0.3913149058432122,0.00686961089185631,0.3929182386780921,0.0021641214035759433,-1543.4363333333322,50.00001453914387,0.08
106,185,211,25,0.4128351210998419,0.00686961089185631,0.40381265378662784,0.0021641214035759433,-1463.4013333333326,50.00001453914387,0.08
107,186,212,26,0.4142518863350021,0.00686961089185631,0.4044128965530619,0.0021641214035759433,-1383.3663333333325,50.00001453914387,0.08
108,187,213,27,0.41485989740311097,0.00686961089185631,0.405169917818526,0.0021641214035759433,-1303.3313333333326,50.00001453914387,0.08
109,188,214,28,0.41004483827871785,0.00686961089185631,0.40736250338782143,0.0021641214035759433,-1223.2963333333328,50.00001453914387,0.08
110,189,215,29,0.4129065067026147,0.00686961089185631,0.4132503279268775,0.0021641214035759433,-1143.261333333333,50.00001453914387,0.08
111,190,216,30,0.4131826440990857,0.00686961089185631,0.4083855676226952,0.0021641214035759433,-1063.2263333333321,50.00001453914387,0.08
112,191,217,31,0.4039092996835957,0.00686961089185631,0.407006237150525,0.0021641214035759433,-983.1913333333324,50.00001453914387,0.08
113,192,218,32,0.4051169960691664,0.00686961089185631,0.403304235884552,0.0021641214035759433,-903.1563333333323,50.00001453914387,0.08
114,193,219,33,0.4121160229328176,0.00686961089185631,0.39995725516973096,0.0021641214035759433,-823.1213333333328,50.00001453914387,0.08
115,194,220,34,0.4037279833361642,0.00686961089185631,0.4086306118828137,0.0021641214035759433,-743.0863333333328,50.00001453914387,0.08
116,195,221,35,0.40106127623992655,0.00686961089185631,0.3950631322635737,0.0021641214035759433,-663.051333333332,50.00001453914387,0.08
117,196,222,36,0.3895125350086251,0.00686961089185631,0.3884816384972541,0.0021641214035759433,-583.0163333333321,50.00001453914387,0.08
118,197,223,37,0.3852611600391721,0.00686961089185631,0.39211530498044894,0.0021641214035759433,-502.9813333333322,50.00001453914387,0.08
119,198,224,38,0.3712184710375657,0.00686961089185631,0.37213965992412346,0.0021641214035759433,-422.94633333333235,50.00001453914387,0.08
120,199,225,39,0.32641552536642937,0.00686961089185631,0.3233135678533251,0.0021641214035759433,-342.9113333333325,50.00001453914387,0.08
121,200,226,40,0.1833440531655712,0.00686961089185631,0.1929203029579885,0.0021641214035759433,-262.8763333333327,50.00001453914387,0.08
122,201,227,41,0.1401070424286934,0.00686961089185631,0.13596973908035975,0.0021641214035759433,-182.8413333333328,50.00001453914387,0.08
123,202,228,42,0.12442664743863675,0.00686961089185631,0.1260694704926315,0.0021641214035759433,-102.80633333333208,50.00001453914387,0.08
124,203,229,43,0.0123244005395292,0.00686961089185631,0.009354097497719059,0.0021641214035759433,-22.77133333333223,50.00001453914387,0.08
125,204,230,44,0.08916508909966514,0.00686961089185631,0.084015622327892,0.0021641214035759433,57.26366666666763,50.00001453914387,0.08
126,205,231,45,0.2861377022624199,0.00686961089185631,0.2846012015888549,0.0021641214035759433,137.2986666666675,50.00001453914387,0.08
127,206,232,46,0.3562346638516721,0.00686961089185631,0.356053224965757,0.0021641214035759433,217.33366666666734,50.00001453914387,0.08
128,207,233,47,0.38062402528972455,0.00686961089185631,0.3747673458681392,0.0021641214035759433,297.3686666666681,50.00001453914387,0.08
129,208,234,48,0.391947662892412,0.00686961089185631,0.38662378659047336,0.0021641214035759433,377.403666666668,50.00001453914387,0.08
130,209,235,49,0.3982419303818204,0.00686961089185631,0.395315828595722,0.0021641214035759433,457.4386666666678,50.00001453914387,0.08
131,210,236,50,0.4041060340877817,0.00686961089185631,0.39815955210820814,0.0021641214035759433,537.4736666666677,50.00001453914387,0.08
132,211,237,51,0.4034729686774468,0.00686961089185631,0.3967948139594437,0.0021641214035759433,617.5086666666675,50.00001453914387,0.08
133,212,238,52,0.4063539867625704,0.00686961089185631,0.4030978078949096,0.0021641214035759433,697.5436666666674,50.00001453914387,0.08
134,213,239,53,0.4086244498002205,0.00686961089185631,0.4081325153802199,0.0021641214035759433,777.5786666666672,50.00001453914387,0.08
135,214,240,54,0.41310948541978615,0.00686961089185631,0.3984896589364723,0.0021641214035759433,857.6136666666672,50.00001453914387,0.08
136,215,241,55,0.4027827793668369,0.00686961089185631,0.40006189280586,0.0021641214035759433,937.6486666666667,50.00001453914387,0.08
137,216,242,56,0.41173458020871423,0.00686961089185631,0.4037980614632221,0.0021641214035759433,1017.6836666666667,50.00001453914387,0.08
138,217,243,57,0.3984733554137037,0.00686961089185631,0.4075276457795353,0.0021641214035759433,1097.7186666666685,50.00001453914387,0.08
139,218,244,58,0.3974636268768593,0.00686961089185631,0.3979518784324214,0.0021641214035759433,1177.7536666666686,50.00001453914387,0.08
140,219,245,59,0.4068587739407088,0.00686961089185631,0.4025153606448241,0.0021641214035759433,1257.7886666666682,50.00001453914387,0.08
141,220,246,60,0.4140543810279784,0.00686961089185631,0.4076345968327896,0.0021641214035759433,1337.823666666668,50.00001453914387,0.08
142,221,247,61,0.4121076971821702,0.00686961089185631,0.4105438078454381,0.0021641214035759433,1433.8656666666675,50.00001453914387,0.08
143,222,248,62,0.4155429173173301,0.00686961089185631,0.4033077949878217,0.0021641214035759433,1529.907666666667,50.00001453914387,0.08
144,223,249,63,0.4116571815638072,0.00686961089185631,0.4126602286047621,0.0021641214035759433,1625.9496666666685,50.00001453914387,0.08
145,224,250,64,0.4069051822915395,0.00686961089185631,0.4033900102733516,0.0021641214035759433,1721.9916666666675,50.00001453914387,0.08
146,225,251,65,0.41336103101573385,0.00686961089185631,0.40397334729925455,0.0021641214035759433,1818.0336666666672,50.00001453914387,0.08
147,226,252,66,0.4122699722295101,0.00686961089185631,0.4033752399947824,0.0021641214035759433,1914.0756666666684,50.00001453914387,0.08
148,227,253,67,0.4113841277786872,0.00686961089185631,0.4072395363698535,0.0021641214035759433,2010.1176666666681,50.00001453914387,0.08
149,228,254,68,0.4117421350565239,0.00686961089185631,0.4072194274363797,0.0021641214035759433,2106.1596666666674,50.00001453914387,0.08
150,229,255,69,0.4080922184810593,0.00686961089185631,0.4043180464509245,0.0021641214035759433,2202.2016666666686,50.00001453914387,0.08
151,230,256,70,0.4090140640944037,0.00686961089185631,0.4016553033397024,0.0021641214035759433,2298.243666666668,50.00001453914387,0.08
152,231,257,71,0.4100913237198323,0.00686961089185631,0.4079992269627698,0.0021641214035759433,2394.285666666668,50.00001453914387,0.08
153,232,258,72,0.4045224758007175,0.00686961089185631,0.4045985037885765,0.0021641214035759433,2490.327666666667,50.00001453914387,0.08
154,233,259,73,0.4149381440411395,0.00686961089185631,0.4123440022792497,0.0021641214035759433,2586.3696666666683,50.00001453914387,0.08
155,234,260,74,0.4135315547234373,0.00686961089185631,0.4042283570485282,0.0021641214035759433,2682.411666666668,50.00001453914387,0.08
156,235,261,75,0.4138698268886285,0.00686961089185631,0.4090719406882558,0.0021641214035759433,2778.453666666667,50.00001453914387,0.08
157,236,262,76,0.4060399209464837,0.00686961089185631,0.4018423342165248,0.0021641214035759433,2874.4956666666667,50.00001453914387,0.08
158,237,263,77,0.4146499034701163,0.00686961089185631,0.4110440398099937,0.0021641214035759433,2970.537666666668,50.00001453914387,0.08
159,238,264,78,0.4168933078181625,0.00686961089185631,0.4132731061878036,0.0021641214035759433,3066.5796666666674,50.00001453914387,0.08
160,239,265,79,0.4151518383077552,0.00686961089185631,0.4055272517868033,0.0021641214035759433,3162.621666666667,50.00001453914387,0.08
161,240,266,80,0.41335224272338383,0.00686961089185631,0.4110839017666143,0.0021641214035759433,3258.663666666668,50.00001453914387,0.08
162,241,267,81,0.4151956255889376,0.00686961089185631,0.4037151343570382,0.0021641214035759433,3354.705666666668,50.00001453914387,0.08
163,242,268,82,0.4116681283841028,0.00686961089185631,0.4140160689953524,0.0021641214035759433,3450.747666666666,50.00001453914387,0.08
164,243,269,83,0.4169308507863593,0.00686961089185631,0.41042333219975896,0.0021641214035759433,3546.789666666669,50.00001453914387,0.08
165,244,270,84,0.4083036000391618,0.00686961089185631,0.41337827768942303,0.0021641214035759433,3642.8316666666683,50.00001453914387,0.08
166,245,271,85,0.4156577818401502,0.00686961089185631,0.4158395755555805,0.0021641214035759433,3738.873666666667,50.00001453914387,0.08
167,246,272,86,0.4149042243162798,0.00686961089185631,0.4031383816721842,0.0021641214035759433,4059.0136666666685,50.00001453914387,0.08
168,247,273,87,0.4088453905535108,0.00686961089185631,0.4117551486432787,0.0021641214035759433,4379.153666666668,50.00001453914387,0.08
169,248,274,88,0.4179799724582113,0.00686961089185631,0.4028691355098318,0.0021641214035759433,4699.293666666668,50.00001453914387,0.08
170,249,286,4,0.40659263399814216,0.002589991352381523,0.4103773668732115,0.006169232910056263,-4584.805666666667,100.00004001777742,0.08
171,250,287,5,0.4130679547955857,0.002589991352381523,0.4091939821001279,0.006169232910056263,-4264.665666666667,100.00004001777742,0.08
172,251,288,6,0.4121804416004055,0.002589991352381523,0.4124605079319419,0.006169232910056263,-3944.5256666666655,100.00004001777742,0.08
173,252,289,7,0.41150813885877147,0.002589991352381523,0.4024668688398327,0.006169232910056263,-3624.385666666667,100.00004001777742,0.08
174,253,290,8,0.4071679847370212,0.002589991352381523,0.4047908097735486,0.006169232910056263,-3304.2456666666667,100.00004001777742,0.08
175,254,291,9,0.40799533404116384,0.002589991352381523,0.40814725792030176,0.006169232910056263,-2984.1056666666673,100.00004001777742,0.08
176,255,292,10,0.4092835310864653,0.002589991352381523,0.4029893423693215,0.006169232910056263,-2663.965666666666,100.00004001777742,0.08
177,256,293,11,0.4074561582788069,0.002589991352381523,0.4076162542107397,0.006169232910056263,-2583.9306666666657,100.00004001777742,0.08
178,257,294,12,0.4070535583812005,0.002589991352381523,0.40423386009959694,0.006169232910056263,-2503.895666666667,100.00004001777742,0.08
179,258,295,13,0.41134719087000815,0.002589991352381523,0.4092044671131347,0.006169232910056263,-2423.8606666666665,100.00004001777742,0.08
180,259,296,14,0.4125069360918967,0.002589991352381523,0.4066857537344121,0.006169232910056263,-2343.8256666666666,100.00004001777742,0.08
181,260,297,15,0.4076386426413047,0.002589991352381523,0.4068696857422424,0.006169232910056263,-2263.7906666666668,100.00004001777742,0.08
182,261,298,16,0.4084000032700544,0.002589991352381523,0.4043250263991302,0.006169232910056263,-2183.755666666667,100.00004001777742,0.08
183,262,299,17,0.4113160742588473,0.002589991352381523,0.4077141735694977,0.006169232910056263,-2103.720666666666,100.00004001777742,0.08
184,263,300,18,0.40770562766139,0.002589991352381523,0.4057445905329929,0.006169232910056263,-2023.6856666666672,100.00004001777742,0.08
185,264,301,19,0.4154003210784639,0.002589991352381523,0.4048793103918089,0.006169232910056263,-1943.650666666667,100.00004001777742,0.08
186,265,302,20,0.41524151906288415,0.002589991352381523,0.4071463834583696,0.006169232910056263,-1863.6156666666666,100.00004001777742,0.08
187,266,303,21,0.4089384126134172,0.002589991352381523,0.4087482801912987,0.006169232910056263,-1783.5806666666656,100.00004001777742,0.08
188,267,304,22,0.41003324214650455,0.002589991352381523,0.4105273558728335,0.006169232910056263,-1703.545666666666,100.00004001777742,0.08
189,268,305,23,0.4033109811491584,0.002589991352381523,0.4084108049421494,0.006169232910056263,-1623.5106666666659,100.00004001777742,0.08
190,269,306,24,0.4131070421642855,0.002589991352381523,0.408379527615214,0.006169232910056263,-1543.4756666666665,100.00004001777742,0.08
191,270,307,25,0.4022468850177349,0.002589991352381523,0.3997867928880571,0.006169232910056263,-1463.4406666666666,100.00004001777742,0.08
192,271,308,26,0.40340049888767054,0.002589991352381523,0.4055587036922292,0.006169232910056263,-1383.4056666666665,100.00004001777742,0.08
193,272,309,27,0.4105955637624837,0.002589991352381523,0.3983521232269813,0.006169232910056263,-1303.3706666666667,100.00004001777742,0.08
194,273,310,28,0.4018918797396628,0.002589991352381523,0.3976103529847752,0.006169232910056263,-1223.3356666666666,100.00004001777742,0.08
195,274,311,29,0.4029739867174479,0.002589991352381523,0.40193462114567663,0.006169232910056263,-1143.300666666667,100.00004001777742,0.08
196,275,312,30,0.3946183335598527,0.002589991352381523,0.3986329083210603,0.006169232910056263,-1063.2656666666662,100.00004001777742,0.08
197,276,313,31,0.40168862542242456,0.002589991352381523,0.39656007456325176,0.006169232910056263,-983.2306666666664,100.00004001777742,0.08
198,277,314,32,0.3938578159919965,0.002589991352381523,0.3941781994898715,0.006169232910056263,-903.1956666666664,100.00004001777742,0.08
199,278,315,33,0.3953829131483777,0.002589991352381523,0.3870578093857808,0.006169232910056263,-823.1606666666668,100.00004001777742,0.08
200,279,316,34,0.3861102396643289,0.002589991352381523,0.3864798896858157,0.006169232910056263,-743.1256666666667,100.00004001777742,0.08
201,280,317,35,0.3752439511658255,0.002589991352381523,0.3732902764595819,0.006169232910056263,-663.090666666666,100.00004001777742,0.08
202,281,318,36,0.3687429553320791,0.002589991352381523,0.3558657842511313,0.006169232910056263,-583.0556666666663,100.00004001777742,0.08
203,282,319,37,0.34061990012027665,0.002589991352381523,0.3273959528323693,0.006169232910056263,-503.02066666666633,100.00004001777742,0.08
204,283,320,38,0.2980789707912612,0.002589991352381523,0.2950745673984337,0.006169232910056263,-422.9856666666665,100.00004001777742,0.08
205,284,321,39,0.21257021675351045,0.002589991352381523,0.2144629440092012,0.006169232910056263,-342.9506666666666,100.00004001777742,0.08
206,285,322,40,0.11183264066087804,0.002589991352381523,0.1057846112945034,0.006169232910056263,-262.91566666666677,100.00004001777742,0.08
207,286,323,41,0.05804363887563267,0.002589991352381523,0.059139614049633075,0.006169232910056263,-182.8806666666669,100.00004001777742,0.08
208,287,324,42,0.02451057760401072,0.002589991352381523,0.022048667283762008,0.006169232910056263,-102.84566666666616,100.00004001777742,0.08
209,288,325,44,0.020763493828283314,0.002589991352381523,0.01618760721221986,0.006169232910056263,57.22433333333356,100.00004001777742,0.08
210,289,326,45,0.13071191638470964,0.002589991352381523,0.1341485440818973,0.006169232910056263,137.25933333333342,100.00004001777742,0.08
211,290,327,46,0.2478727018926461,0.002589991352381523,0.2466880094931426,0.006169232910056263,217.29433333333327,100.00004001777742,0.08
212,291,328,47,0.30519494122588203,0.002589991352381523,0.3050717607322401,0.006169232910056263,297.32933333333403,100.00004001777742,0.08
213,292,329,48,0.3485124829216301,0.002589991352381523,0.3461602164485804,0.006169232910056263,377.3643333333339,100.00004001777742,0.08
214,293,330,49,0.3584182951367138,0.002589991352381523,0.35750642221856,0.006169232910056263,457.39933333333374,100.00004001777742,0.08
215,294,331,50,0.3756325255958397,0.002589991352381523,0.3646500926057674,0.006169232910056263,537.4343333333336,100.00004001777742,0.08
216,295,332,51,0.3830874831515558,0.002589991352381523,0.3807511629182646,0.006169232910056263,617.4693333333336,100.00004001777742,0.08
217,296,333,52,0.3910685107048296,0.002589991352381523,0.3942142750430981,0.006169232910056263,697.5043333333333,100.00004001777742,0.08
218,297,334,53,0.3937200138568554,0.002589991352381523,0.394436770573343,0.006169232910056263,777.5393333333333,100.00004001777742,0.08
219,298,335,54,0.3945791695492537,0.002589991352381523,0.3922541107470909,0.006169232910056263,857.574333333333,100.00004001777742,0.08
220,299,336,55,0.40482626814241496,0.002589991352381523,0.4009515178922304,0.006169232910056263,937.6093333333329,100.00004001777742,0.08
221,300,337,56,0.403630271302105,0.002589991352381523,0.4021009596571057,0.006169232910056263,1017.6443333333328,100.00004001777742,0.08
222,301,338,57,0.4064239451775384,0.002589991352381523,0.4040417533358631,0.006169232910056263,1097.6793333333344,100.00004001777742,0.08
223,302,339,58,0.4070170768370808,0.002589991352381523,0.4038930083208352,0.006169232910056263,1177.7143333333345,100.00004001777742,0.08
224,303,340,59,0.4034044842664399,0.002589991352381523,0.4029856104155394,0.006169232910056263,1257.749333333334,100.00004001777742,0.08
225,304,341,60,0.40426218376274936,0.002589991352381523,0.4004884001990849,0.006169232910056263,1337.784333333334,100.00004001777742,0.08
226,305,342,61,0.409407077828316,0.002589991352381523,0.4050099287741811,0.006169232910056263,1433.8263333333334,100.00004001777742,0.08
227,306,343,62,0.40925118820491385,0.002589991352381523,0.4052389996515658,0.006169232910056263,1529.8683333333329,100.00004001777742,0.08
228,307,344,63,0.4042260087862273,0.002589991352381523,0.3999666375179355,0.006169232910056263,1625.9103333333344,100.00004001777742,0.08
229,308,345,64,0.41100337530925,0.002589991352381523,0.4113284819513829,0.006169232910056263,1721.9523333333334,100.00004001777742,0.08
230,309,346,65,0.4118358596206532,0.002589991352381523,0.40621837095123,0.006169232910056263,1817.994333333333,100.00004001777742,0.08
231,310,347,66,0.4096576201974908,0.002589991352381523,0.4051423242774019,0.006169232910056263,1914.0363333333344,100.00004001777742,0.08
232,311,348,67,0.4166745692980726,0.002589991352381523,0.4059702848807653,0.006169232910056263,2010.0783333333331,100.00004001777742,0.08
233,312,349,68,0.4037797230059566,0.002589991352381523,0.4000313247168247,0.006169232910056263,2106.1203333333333,100.00004001777742,0.08
234,313,350,69,0.4089587227167612,0.002589991352381523,0.4108985964181063,0.006169232910056263,2202.1623333333346,100.00004001777742,0.08
235,314,351,70,0.4105593121440622,0.002589991352381523,0.4049390216523219,0.006169232910056263,2298.204333333334,100.00004001777742,0.08
236,315,352,71,0.4158799460849785,0.002589991352381523,0.4084246664847685,0.006169232910056263,2394.246333333333,100.00004001777742,0.08
237,316,353,72,0.4077154378245146,0.002589991352381523,0.4043362222604764,0.006169232910056263,2490.288333333333,100.00004001777742,0.08
238,317,354,73,0.4079501153205113,0.002589991352381523,0.40851156769426505,0.006169232910056263,2586.3303333333342,100.00004001777742,0.08
239,318,355,74,0.4154328172438142,0.002589991352381523,0.4083656660725949,0.006169232910056263,2682.3723333333332,100.00004001777742,0.08
240,319,356,75,0.4160576020078134,0.002589991352381523,0.4088392687787471,0.006169232910056263,2778.414333333333,100.00004001777742,0.08
241,320,357,76,0.4135310251518276,0.002589991352381523,0.4116879934990549,0.006169232910056263,2874.456333333333,100.00004001777742,0.08
242,321,358,77,0.4092005279094032,0.002589991352381523,0.4043778068883336,0.006169232910056263,2970.498333333334,100.00004001777742,0.08
243,322,359,78,0.4145984935268252,0.002589991352381523,0.4107695774444978,0.006169232910056263,3066.540333333333,100.00004001777742,0.08
244,323,360,79,0.4031809964877572,0.002589991352381523,0.4123840917354521,0.006169232910056263,3162.5823333333333,100.00004001777742,0.08
245,324,361,80,0.41464547501116417,0.002589991352381523,0.40372595896106667,0.006169232910056263,3258.6243333333337,100.00004001777742,0.08
246,325,362,81,0.4187066526190581,0.002589991352381523,0.4020012631774992,0.006169232910056263,3354.6663333333336,100.00004001777742,0.08
247,326,363,82,0.4086756075403366,0.002589991352381523,0.4086702645860452,0.006169232910056263,3450.708333333333,100.00004001777742,0.08
248,327,364,83,0.4136090466054281,0.002589991352381523,0.4059143055740343,0.006169232910056263,3546.7503333333343,100.00004001777742,0.08
249,328,365,84,0.4131065056709896,0.002589991352381523,0.40642576095426175,0.006169232910056263,3642.7923333333338,100.00004001777742,0.08
250,329,366,85,0.4126908766504833,0.002589991352381523,0.407070855822304,0.006169232910056263,3738.8343333333332,100.00004001777742,0.08
251,330,367,86,0.4142638749939964,0.002589991352381523,0.4048846417543547,0.006169232910056263,4058.974333333335,100.00004001777742,0.08
252,331,368,87,0.4107092236993103,0.002589991352381523,0.40344890582076975,0.006169232910056263,4379.114333333334,100.00004001777742,0.08
253,332,369,88,0.4098468490471368,0.002589991352381523,0.4053960971345822,0.006169232910056263,4699.254333333335,100.00004001777742,0.08
254,0,4,4,0.3964551555204001,0.001406633613667569,0.38855496449843097,0.0006879324548613519,-4584.845333333333,500.0001111097761,0.08
255,1,5,5,0.39400729759383535,0.001406633613667569,0.38468670705915614,0.0006879324548613519,-4264.7053333333315,500.0001111097761,0.08
256,2,6,6,0.3915248398867087,0.001406633613667569,0.3806061478781973,0.0006879324548613519,-3944.565333333332,500.0001111097761,0.08
257,3,7,7,0.3876236380801715,0.001406633613667569,0.3843601567019224,0.0006879324548613519,-3624.425333333333,500.0001111097761,0.08
258,4,8,8,0.3899133474522212,0.001406633613667569,0.3776543438943181,0.0006879324548613519,-3304.2853333333323,500.0001111097761,0.08
259,5,9,9,0.37923701870327375,0.001406633613667569,0.3778212278504677,0.0006879324548613519,-2984.145333333333,500.0001111097761,0.08
260,6,10,10,0.3826198361868797,0.001406633613667569,0.3706571883151656,0.0006879324548613519,-2664.0053333333317,500.0001111097761,0.08
261,7,11,11,0.37365665586486696,0.001406633613667569,0.3673672154707765,0.0006879324548613519,-2583.970333333332,500.0001111097761,0.08
262,8,12,12,0.3744732719246766,0.001406633613667569,0.3721110855660517,0.0006879324548613519,-2503.935333333332,500.0001111097761,0.08
263,9,13,13,0.3714885050139063,0.001406633613667569,0.3602575716553586,0.0006879324548613519,-2423.900333333332,500.0001111097761,0.08
264,10,14,14,0.3611828225868184,0.001406633613667569,0.35814141971772673,0.0006879324548613519,-2343.865333333333,500.0001111097761,0.08
265,11,15,15,0.3577892883570208,0.001406633613667569,0.3572304234381123,0.0006879324548613519,-2263.8303333333324,500.0001111097761,0.08
266,12,16,16,0.356251588374882,0.001406633613667569,0.35555999953525985,0.0006879324548613519,-2183.795333333333,500.0001111097761,0.08
267,13,17,17,0.3560540940522059,0.001406633613667569,0.34743127215217284,0.0006879324548613519,-2103.760333333332,500.0001111097761,0.08
268,14,18,18,0.3499213594958026,0.001406633613667569,0.3458471068342501,0.0006879324548613519,-2023.7253333333329,500.0001111097761,0.08
269,15,19,19,0.3379607052639637,0.001406633613667569,0.339250789618128,0.0006879324548613519,-1943.6903333333319,500.0001111097761,0.08
270,16,20,20,0.3418234033323977,0.001406633613667569,0.32998820193803674,0.0006879324548613519,-1863.655333333332,500.0001111097761,0.08
271,17,21,21,0.3260821106886785,0.001406633613667569,0.3277866716051174,0.0006879324548613519,-1783.6203333333317,500.0001111097761,0.08
272,18,22,22,0.3285497180475109,0.001406633613667569,0.3168223252709136,0.0006879324548613519,-1703.5853333333316,500.0001111097761,0.08
273,19,23,23,0.3166109565971779,0.001406633613667569,0.3170039964130512,0.0006879324548613519,-1623.5503333333315,500.0001111097761,0.08
274,20,24,24,0.3087946212140543,0.001406633613667569,0.30230764599617577,0.0006879324548613519,-1543.515333333332,500.0001111097761,0.08
275,21,25,25,0.29308999515194817,0.001406633613667569,0.2915795425619222,0.0006879324548613519,-1463.4803333333316,500.0001111097761,0.08
276,22,26,26,0.28564399989793576,0.001406633613667569,0.2829390729208953,0.0006879324548613519,-1383.4453333333322,500.0001111097761,0.08
277,23,27,27,0.2715429818070476,0.001406633613667569,0.2653604535018697,0.0006879324548613519,-1303.4103333333326,500.0001111097761,0.08
278,24,28,28,0.26279007935495396,0.001406633613667569,0.2558786986008857,0.0006879324548613519,-1223.3753333333325,500.0001111097761,0.08
279,25,29,29,0.240961292133398,0.001406633613667569,0.2367039432848044,0.0006879324548613519,-1143.3403333333324,500.0001111097761,0.08
280,26,30,30,0.2259485851343421,0.001406633613667569,0.224653266894272,0.0006879324548613519,-1063.305333333332,500.0001111097761,0.08
281,27,31,31,0.20663142047919167,0.001406633613667569,0.20458687947070325,0.0006879324548613519,-983.270333333332,500.0001111097761,0.08
282,28,32,32,0.17898619581026254,0.001406633613667569,0.17745344941039615,0.0006879324548613519,-903.2353333333322,500.0001111097761,0.08
283,29,33,33,0.16066086601515656,0.001406633613667569,0.1527435335107561,0.0006879324548613519,-823.2003333333322,500.0001111097761,0.08
284,30,34,34,0.13514169069429208,0.001406633613667569,0.1352598865541174,0.0006879324548613519,-743.1653333333328,500.0001111097761,0.08
285,31,35,35,0.10737651501620273,0.001406633613667569,0.104100926769278,0.0006879324548613519,-663.1303333333318,500.0001111097761,0.08
286,32,36,36,0.0872740425097599,0.001406633613667569,0.07853393500750097,0.0006879324548613519,-583.0953333333317,500.0001111097761,0.08
287,33,37,37,0.06074110892807023,0.001406633613667569,0.054507151892918236,0.0006879324548613519,-503.060333333332,500.0001111097761,0.08
288,34,38,38,0.037568319256972266,0.001406633613667569,0.037953513312164185,0.0006879324548613519,-423.0253333333321,500.0001111097761,0.08
289,35,39,39,0.02568789518001582,0.001406633613667569,0.02241249770710598,0.0006879324548613519,-342.9903333333324,500.0001111097761,0.08
290,36,40,40,0.012051333214258376,0.001406633613667569,0.011591803603637223,0.0006879324548613519,-262.9553333333324,500.0001111097761,0.08
291,37,41,41,0.011140425097598938,0.001406633613667569,0.002747860523036851,0.0006879324548613519,-182.92033333333256,500.0001111097761,0.08
292,38,42,44,0.0007921037993416858,0.001406633613667569,1.8216017550277315e-05,0.0006879324548613519,57.18466666666791,500.0001111097761,0.08
293,39,43,45,0.002847718864024904,0.001406633613667569,6.54890140010006e-05,0.0006879324548613519,137.21966666666776,500.0001111097761,0.08
294,40,44,46,0.00902745017988824,0.001406633613667569,0.0059569016902105655,0.0006879324548613519,217.2546666666676,500.0001111097761,0.08
295,41,45,47,0.023806317777040648,0.001406633613667569,0.026323074664374887,0.0006879324548613519,297.2896666666684,500.0001111097761,0.08
296,42,46,48,0.044319938251129086,0.001406633613667569,0.0361272254274817,0.0006879324548613519,377.3246666666682,500.0001111097761,0.08
297,43,47,49,0.06969967339440178,0.001406633613667569,0.05782298470899346,0.0006879324548613519,457.3596666666681,500.0001111097761,0.08
298,44,48,50,0.08511722079048761,0.001406633613667569,0.0868071719260345,0.0006879324548613519,537.3946666666681,500.0001111097761,0.08
299,45,49,51,0.11126669388379984,0.001406633613667569,0.11403224733188115,0.0006879324548613519,617.4296666666678,500.0001111097761,0.08
300,46,50,52,0.1400058686943431,0.001406633613667569,0.13926793571235685,0.0006879324548613519,697.4646666666678,500.0001111097761,0.08
301,47,51,53,0.16930621826439746,0.001406633613667569,0.16523448076028668,0.0006879324548613519,777.4996666666675,500.0001111097761,0.08
302,48,52,54,0.18966918425148632,0.001406633613667569,0.18946856613938606,0.0006879324548613519,857.5346666666674,500.0001111097761,0.08
303,49,53,55,0.21006728585644666,0.001406633613667569,0.20587512503093866,0.0006879324548613519,937.5696666666672,500.0001111097761,0.08
304,50,54,56,0.2260115077441249,0.001406633613667569,0.23501521143739545,0.0006879324548613519,1017.6046666666672,500.0001111097761,0.08
305,51,55,57,0.2470714449746116,0.001406633613667569,0.24756794799980425,0.0006879324548613519,1097.6396666666687,500.0001111097761,0.08
306,52,56,58,0.2564560230665204,0.001406633613667569,0.26562750303929483,0.0006879324548613519,1177.6746666666686,500.0001111097761,0.08
307,53,57,59,0.27762174989155675,0.001406633613667569,0.2812586148561224,0.0006879324548613519,1257.7096666666685,500.0001111097761,0.08
308,54,58,60,0.2831456201678957,0.001406633613667569,0.2899261943381273,0.0006879324548613519,1337.7446666666685,500.0001111097761,0.08
309,55,59,61,0.2983490087009773,0.001406633613667569,0.29500418442155873,0.0006879324548613519,1433.7866666666678,500.0001111097761,0.08
310,56,60,62,0.3156245566584165,0.001406633613667569,0.3055710371133723,0.0006879324548613519,1529.8286666666672,500.0001111097761,0.08
311,57,61,63,0.33059064581153835,0.001406633613667569,0.31937505127104665,0.0006879324548613519,1625.8706666666683,500.0001111097761,0.08
312,58,62,64,0.3246066443826389,0.001406633613667569,0.3251945131090164,0.0006879324548613519,1721.9126666666684,500.0001111097761,0.08
313,59,63,65,0.3391090811665944,0.001406633613667569,0.32896049251187465,0.0006879324548613519,1817.9546666666674,500.0001111097761,0.08
314,60,64,66,0.33953530147227684,0.001406633613667569,0.34050734835124635,0.0006879324548613519,1913.9966666666687,500.0001111097761,0.08
315,61,65,67,0.3540035212166059,0.001406633613667569,0.3521362378652655,0.0006879324548613519,2010.0386666666682,500.0001111097761,0.08
316,62,66,68,0.3607088362123957,0.001406633613667569,0.35371036902126785,0.0006879324548613519,2106.080666666668,500.0001111097761,0.08
317,63,67,69,0.355695083054783,0.001406633613667569,0.35633632679962696,0.0006879324548613519,2202.122666666669,500.0001111097761,0.08
318,64,68,70,0.3701535046311653,0.001406633613667569,0.3640293603098549,0.0006879324548613519,2298.1646666666684,500.0001111097761,0.08
319,65,69,71,0.37586254497206,0.001406633613667569,0.3664613242910865,0.0006879324548613519,2394.2066666666683,500.0001111097761,0.08
320,66,70,72,0.3744878160802225,0.001406633613667569,0.3708339303953073,0.0006879324548613519,2490.2486666666673,500.0001111097761,0.08
321,67,71,73,0.3730303385981476,0.001406633613667569,0.3761124276792181,0.0006879324548613519,2586.290666666669,500.0001111097761,0.08
322,68,72,74,0.3760594269092394,0.001406633613667569,0.3726476491719,0.0006879324548613519,2682.332666666668,500.0001111097761,0.08
323,69,73,75,0.3755195325457376,0.001406633613667569,0.3800426504692995,0.0006879324548613519,2778.3746666666675,500.0001111097761,0.08
324,70,74,76,0.3850722104564824,0.001406633613667569,0.3755741036940855,0.0006879324548613519,2874.416666666667,500.0001111097761,0.08
325,71,75,77,0.3821655226965375,0.001406633613667569,0.3780352899714361,0.0006879324548613519,2970.4586666666687,500.0001111097761,0.08
326,72,76,78,0.3876098594064964,0.001406633613667569,0.3803510689199052,0.0006879324548613519,3066.500666666668,500.0001111097761,0.08
327,73,77,79,0.3850833099436095,0.001406633613667569,0.3815917842394651,0.0006879324548613519,3162.5426666666667,500.0001111097761,0.08
328,74,78,80,0.3954274195606135,0.001406633613667569,0.3813499081258052,0.0006879324548613519,3258.584666666669,500.0001111097761,0.08
329,75,79,81,0.390696282309714,0.001406633613667569,0.3843355113919424,0.0006879324548613519,3354.626666666668,500.0001111097761,0.08
330,76,80,82,0.39020958893623536,0.001406633613667569,0.3852377057751355,0.0006879324548613519,3450.6686666666674,500.0001111097761,0.08
331,77,81,83,0.3877588221785615,0.001406633613667569,0.380942556359423,0.0006879324548613519,3546.7106666666687,500.0001111097761,0.08
332,78,82,84,0.3899038554770228,0.001406633613667569,0.3831213777995752,0.0006879324548613519,3642.752666666668,500.0001111097761,0.08
333,79,83,85,0.3923382409226608,0.001406633613667569,0.3924707521783813,0.0006879324548613519,3738.794666666668,500.0001111097761,0.08
334,80,84,86,0.388566252455921,0.001406633613667569,0.38819655127615177,0.0006879324548613519,4058.934666666669,500.0001111097761,0.08
335,81,85,87,0.3964950371258708,0.001406633613667569,0.3944307584734977,0.0006879324548613519,4379.074666666668,500.0001111097761,0.08
336,82,86,88,0.3931565410425864,0.001406633613667569,0.3947676950685087,0.0006879324548613519,4699.2146666666695,500.0001111097761,0.08
337,83,98,4,0.3623467825617117,0.0014342993281922798,0.3518721586014865,0.003524551821001088,-4584.718333333334,1000.0003316144414,0.08
338,84,99,5,0.3440372858946834,0.0014342993281922798,0.33907378256689497,0.003524551821001088,-4264.578333333334,1000.0003316144414,0.08
339,85,100,6,0.34161507399668034,0.0014342993281922798,0.3418514345496796,0.003524551821001088,-3944.438333333334,1000.0003316144414,0.08
340,86,101,7,0.32651324285769834,0.0014342993281922798,0.32779379479771553,0.003524551821001088,-3624.2983333333336,1000.0003316144414,0.08
341,87,102,8,0.3295113824516018,0.0014342993281922798,0.3211753884769448,0.003524551821001088,-3304.1583333333338,1000.0003316144414,0.08
342,88,103,9,0.2990196028268349,0.0014342993281922798,0.2919597607895548,0.003524551821001088,-2984.0183333333343,1000.0003316144414,0.08
343,89,104,10,0.2878355229091921,0.0014342993281922798,0.2838375098125021,0.003524551821001088,-2663.878333333333,1000.0003316144414,0.08
344,90,105,11,0.2816529728634495,0.0014342993281922798,0.2793782973643078,0.003524551821001088,-2583.8433333333332,1000.0003316144414,0.08
345,91,106,12,0.2714753849239567,0.0014342993281922798,0.2704534874687889,0.003524551821001088,-2503.808333333333,1000.0003316144414,0.08
346,92,107,13,0.26305604959445605,0.0014342993281922798,0.2645223553599644,0.003524551821001088,-2423.773333333333,1000.0003316144414,0.08
347,93,108,14,0.25821615401460896,0.0014342993281922798,0.252200016482757,0.003524551821001088,-2343.7383333333332,1000.0003316144414,0.08
348,94,109,15,0.2450529366377201,0.0014342993281922798,0.249789147227793,0.003524551821001088,-2263.703333333334,1000.0003316144414,0.08
349,95,110,16,0.2464629771000178,0.0014342993281922798,0.23679531927537825,0.003524551821001088,-2183.668333333334,1000.0003316144414,0.08
350,96,111,17,0.2353632448020172,0.0014342993281922798,0.2332014515704319,0.003524551821001088,-2103.633333333333,1000.0003316144414,0.08
351,97,112,18,0.22069543166947397,0.0014342993281922798,0.2222142869558133,0.003524551821001088,-2023.5983333333343,1000.0003316144414,0.08
352,98,113,19,0.21011015077680653,0.0014342993281922798,0.20944446605622133,0.003524551821001088,-1943.563333333333,1000.0003316144414,0.08
353,99,114,20,0.20520148771088184,0.0014342993281922798,0.20027684883266253,0.003524551821001088,-1863.5283333333327,1000.0003316144414,0.08
354,100,115,21,0.18914266797379467,0.0014342993281922798,0.1895610466810833,0.003524551821001088,-1783.4933333333329,1000.0003316144414,0.08
355,101,116,22,0.18745548533267287,0.0014342993281922798,0.18101969145555868,0.003524551821001088,-1703.458333333333,1000.0003316144414,0.08
356,102,117,23,0.1666084223797234,0.0014342993281922798,0.17811912823951506,0.003524551821001088,-1623.4233333333332,1000.0003316144414,0.08
357,103,118,24,0.16143980900649402,0.0014342993281922798,0.16093294533033678,0.003524551821001088,-1543.388333333333,1000.0003316144414,0.08
358,104,119,25,0.14184406870199326,0.0014342993281922798,0.14264549196004456,0.003524551821001088,-1463.3533333333335,1000.0003316144414,0.08
359,105,120,26,0.12968143359741954,0.0014342993281922798,0.1308664810366117,0.003524551821001088,-1383.3183333333334,1000.0003316144414,0.08
360,106,121,27,0.11570114182680008,0.0014342993281922798,0.114019252900711,0.003524551821001088,-1303.2833333333338,1000.0003316144414,0.08
361,107,122,28,0.10536345458378274,0.0014342993281922798,0.10488066968708656,0.003524551821001088,-1223.2483333333341,1000.0003316144414,0.08
362,108,123,29,0.08407247294838549,0.0014342993281922798,0.08254940127035469,0.003524551821001088,-1143.213333333334,1000.0003316144414,0.08
363,109,124,30,0.07488400859184245,0.0014342993281922798,0.07431975815515145,0.003524551821001088,-1063.1783333333333,1000.0003316144414,0.08
364,110,125,31,0.06441160308061965,0.0014342993281922798,0.07101646111896164,0.003524551821001088,-983.1433333333334,1000.0003316144414,0.08
365,111,126,32,0.05669162387459758,0.0014342993281922798,0.05800161587774288,0.003524551821001088,-903.1083333333336,1000.0003316144414,0.08
366,112,127,33,0.04877012369960888,0.0014342993281922798,0.038993792716678785,0.003524551821001088,-823.0733333333337,1000.0003316144414,0.08
367,113,128,34,0.03762897741110882,0.0014342993281922798,0.03797969522980262,0.003524551821001088,-743.0383333333339,1000.0003316144414,0.08
368,114,129,35,0.03341346144006484,0.0014342993281922798,0.022801257561050937,0.003524551821001088,-663.0033333333331,1000.0003316144414,0.08
369,115,130,36,0.02491177397600915,0.0014342993281922798,0.022988799174395964,0.003524551821001088,-582.9683333333332,1000.0003316144414,0.08
370,116,131,37,0.01973924638203204,0.0014342993281922798,0.015119873037839512,0.003524551821001088,-502.9333333333333,1000.0003316144414,0.08
371,117,132,38,0.005289562794334049,0.0014342993281922798,0.00709162521048327,0.003524551821001088,-422.8983333333336,1000.0003316144414,0.08
372,118,133,39,0.008507627869661053,0.0014342993281922798,0.011579795403344532,0.003524551821001088,-342.8633333333337,1000.0003316144414,0.08
373,119,134,41,0.015183009007312688,0.0014342993281922798,0.003890215024304972,0.003524551821001088,-182.793333333334,1000.0003316144414,0.08
374,120,135,42,0.002967401448619841,0.0014342993281922798,6.857400385441113e-05,0.003524551821001088,-102.75833333333321,1000.0003316144414,0.08
375,121,136,46,0.0072017594038513875,0.0014342993281922798,0.0014079866643381125,0.003524551821001088,217.38166666666612,1000.0003316144414,0.08
376,122,137,47,0.006409729882952008,0.0014342993281922798,0.003166092272933173,0.003524551821001088,297.41666666666697,1000.0003316144414,0.08
377,123,138,48,0.006764251600993036,0.0014342993281922798,0.00761698471253847,0.003524551821001088,377.45166666666677,1000.0003316144414,0.08
378,124,139,49,0.02208063345906595,0.0014342993281922798,0.0057098830209038965,0.003524551821001088,457.48666666666674,1000.0003316144414,0.08
379,125,140,50,0.01904127174822913,0.0014342993281922798,0.015984719396433124,0.003524551821001088,537.5216666666665,1000.0003316144414,0.08
380,126,141,51,0.03322238606803478,0.0014342993281922798,0.024143916461509155,0.003524551821001088,617.5566666666664,1000.0003316144414,0.08
381,127,142,52,0.0336955309320655,0.0014342993281922798,0.041685016641790786,0.003524551821001088,697.5916666666662,1000.0003316144414,0.08
382,128,143,53,0.04636379893287597,0.0014342993281922798,0.050470367514637904,0.003524551821001088,777.6266666666661,1000.0003316144414,0.08
383,129,144,54,0.051540187023002317,0.0014342993281922798,0.05384402369402232,0.003524551821001088,857.661666666666,1000.0003316144414,0.08
384,130,145,55,0.0667267648786438,0.0014342993281922798,0.061666108767514265,0.003524551821001088,937.6966666666658,1000.0003316144414,0.08
385,131,146,56,0.08018342601252959,0.0014342993281922798,0.07494598468096819,0.003524551821001088,1017.7316666666657,1000.0003316144414,0.08
386,132,147,57,0.09333881494792297,0.0014342993281922798,0.08376858138207563,0.003524551821001088,1097.766666666667,1000.0003316144414,0.08
387,133,148,58,0.10022354549603664,0.0014342993281922798,0.10068380975871442,0.003524551821001088,1177.8016666666672,1000.0003316144414,0.08
388,134,149,59,0.11255909705834798,0.0014342993281922798,0.11061411512839228,0.003524551821001088,1257.836666666667,1000.0003316144414,0.08
389,135,150,60,0.12935755101790206,0.0014342993281922798,0.12437306107381732,0.003524551821001088,1337.8716666666671,1000.0003316144414,0.08
390,136,151,61,0.13742169000190338,0.0014342993281922798,0.14167885630003724,0.003524551821001088,1433.9136666666666,1000.0003316144414,0.08
391,137,152,62,0.15894760163159047,0.0014342993281922798,0.15663935266514,0.003524551821001088,1529.9556666666656,1000.0003316144414,0.08
392,138,153,63,0.1730480062545666,0.0014342993281922798,0.17245171433088224,0.003524551821001088,1625.9976666666669,1000.0003316144414,0.08
393,139,154,64,0.18548125983671807,0.0014342993281922798,0.18868470555044425,0.003524551821001088,1722.0396666666666,1000.0003316144414,0.08
394,140,155,65,0.2130528772848304,0.0014342993281922798,0.20203112734372328,0.003524551821001088,1818.081666666666,1000.0003316144414,0.08
395,141,156,66,0.2009494927374576,0.0014342993281922798,0.197641263080528,0.003524551821001088,1914.1236666666675,1000.0003316144414,0.08
396,142,157,67,0.21761808666749896,0.0014342993281922798,0.2117189446353178,0.003524551821001088,2010.1656666666668,1000.0003316144414,0.08
397,143,158,68,0.2188394770396416,0.0014342993281922798,0.21749417634870985,0.003524551821001088,2106.2076666666667,1000.0003316144414,0.08
398,144,159,69,0.2475456045091823,0.0014342993281922798,0.24299373454224224,0.003524551821001088,2202.2496666666675,1000.0003316144414,0.08
399,145,160,70,0.26222684879135,0.0014342993281922798,0.26180855336848313,0.003524551821001088,2298.291666666667,1000.0003316144414,0.08
400,146,161,71,0.2681956516844964,0.0014342993281922798,0.2642664233114899,0.003524551821001088,2394.3336666666664,1000.0003316144414,0.08
401,147,162,72,0.27999004304107833,0.0014342993281922798,0.26919564264011203,0.003524551821001088,2490.375666666666,1000.0003316144414,0.08
402,148,163,73,0.2858260694265078,0.0014342993281922798,0.2773615244445553,0.003524551821001088,2586.4176666666667,1000.0003316144414,0.08
403,149,164,74,0.29807558488179564,0.0014342993281922798,0.2946011994575588,0.003524551821001088,2682.4596666666666,1000.0003316144414,0.08
404,150,165,75,0.2963986099143885,0.0014342993281922798,0.2996526205750921,0.003524551821001088,2778.501666666666,1000.0003316144414,0.08
405,151,166,76,0.30179923680370363,0.0014342993281922798,0.3005160143463836,0.003524551821001088,2874.5436666666656,1000.0003316144414,0.08
406,152,167,77,0.3099797279181667,0.0014342993281922798,0.3155627968802894,0.003524551821001088,2970.585666666667,1000.0003316144414,0.08
407,153,168,78,0.31486544290559,0.0014342993281922798,0.3143054841348734,0.003524551821001088,3066.6276666666663,1000.0003316144414,0.08
408,154,169,79,0.328260597049138,0.0014342993281922798,0.3244920408029822,0.003524551821001088,3162.6696666666658,1000.0003316144414,0.08
409,155,170,80,0.3314571339103526,0.0014342993281922798,0.32716735543859443,0.003524551821001088,3258.711666666667,1000.0003316144414,0.08
410,156,171,81,0.32129389811360143,0.0014342993281922798,0.3242093272303777,0.003524551821001088,3354.753666666666,1000.0003316144414,0.08
411,157,172,82,0.33800109700513503,0.0014342993281922798,0.3276169657940225,0.003524551821001088,3450.7956666666664,1000.0003316144414,0.08
412,158,173,83,0.33292918790920234,0.0014342993281922798,0.336908913139536,0.003524551821001088,3546.837666666667,1000.0003316144414,0.08
413,159,174,84,0.34024310124989005,0.0014342993281922798,0.33600046965215824,0.003524551821001088,3642.879666666666,1000.0003316144414,0.08
414,160,175,85,0.34718186339420753,0.0014342993281922798,0.34403368536356005,0.003524551821001088,3738.921666666666,1000.0003316144414,0.08
415,161,176,86,0.3596935548901664,0.0014342993281922798,0.3514530543530145,0.003524551821001088,4059.061666666667,1000.0003316144414,0.08
416,162,177,87,0.3646788138836641,0.0014342993281922798,0.3583236681394337,0.003524551821001088,4379.201666666667,1000.0003316144414,0.08
417,163,178,88,0.3715895624873363,0.0014342993281922798,0.3613592031426493,0.003524551821001088,4699.341666666668,1000.0003316144414,0.08
