pdbid,nt_code,nt_resnum,alpha,beta,gamma,delta,epsilon,zeta,chi,sugar_class,puckering
ens_1333.json,G,18,-62.345,175.215,52.597,80.709,-153.757,-68.167,-168.117,~C3'-endo,C3'-endo
ens_1333.json,C,19,-75.468,-179.702,59.34,80.014,-154.226,-71.169,-162.523,~C3'-endo,C3'-endo
ens_1333.json,A,20,-67.254,174.766,56.078,79.492,-153.624,-70.104,-164.355,~C3'-endo,C3'-endo
ens_1333.json,G,21,-67.309,173.865,57.184,79.667,-157.595,-82.605,-165.414,~C3'-endo,C3'-endo
ens_1333.json,A,22,160.895,-157.407,168.909,85.135,-155.429,-110.637,-174.092,~C3'-endo,C3'-endo
ens_1333.json,U,23,-77.704,171.324,51.25,75.417,-137.207,-62.372,-164.268,~C3'-endo,C3'-endo
ens_1333.json,C,24,-64.227,165.35,62.098,79.507,-122.896,-59.02,-160.974,~C3'-endo,C3'-endo
ens_1333.json,U,25,-74.263,-168.436,45.266,77.566,-157.071,-86.806,-166.077,~C3'-endo,C3'-endo
ens_1333.json,G,26,-68.871,168.278,57.593,78.397,-145.381,-88.547,-165.557,~C3'-endo,C3'-endo
ens_1333.json,A,27,-56.809,148.727,64.687,85.576,-126.881,-74.699,-164.056,~C3'-endo,C3'-endo
ens_1333.json,G,28,-73.676,103.537,177.641,79.431,-148.755,-78.874,-168.038,~C3'-endo,C3'-endo
ens_1333.json,C,29,-61.791,178.849,54.325,83.066,-156.773,-79.648,-162.817,~C3'-endo,C3'-endo
ens_1333.json,C,30,160.04,-177.661,175.531,52.854,-120.687,-46.783,-165.483,~C3'-endo,C2'-exo
ens_1333.json,U,51,-77.466,-158.207,69.924,83.359,-143.978,-73.93,-160.378,~C3'-endo,C3'-endo
ens_1333.json,U,52,-170.928,173.86,53.114,141.752,-120.875,-85.203,-143.076,~C2'-endo,C2'-endo
ens_1333.json,C,53,-68.548,165.517,118.213,78.61,116.065,-105.087,-162.171,~C3'-endo,C3'-endo
ens_1333.json,G,54,90.73,175.912,-164.002,80.661,-140.537,-26.47,22.298,~C3'-endo,C3'-endo
ens_1333.json,G,33,-68.959,160.11,59.772,81.344,-146.804,-76.206,-169.801,~C3'-endo,C3'-endo
ens_1333.json,G,34,-65.374,174.24,54.926,79.437,-130.753,-100.329,-163.634,~C3'-endo,C3'-endo
ens_1333.json,A,35,-65.769,140.617,69.279,85.368,-142.523,-55.437,-161.847,~C3'-endo,C3'-endo
ens_1333.json,G,36,-86.636,145.713,166.049,78.913,-151.792,-85.918,-150.482,~C3'-endo,C3'-endo
ens_1333.json,C,37,-64.234,165.229,59.556,78.679,-147.478,-66.967,-163.508,~C3'-endo,C3'-endo
ens_1333.json,U,38,149.961,169.667,-170.162,81.229,-141.696,-67.085,-172.72,~C3'-endo,C3'-endo
ens_1333.json,C,39,-63.017,175.245,54.581,79.988,-127.386,-72.979,-167.288,~C3'-endo,C3'-endo
ens_1333.json,U,40,-62.306,156.539,56.735,77.919,-143.665,-82.075,-155.811,~C3'-endo,C3'-endo
ens_1333.json,C,41,-64.014,171.777,54.329,81.893,-150.241,-75.983,-163.772,~C3'-endo,C3'-endo
ens_1333.json,U,42,-68.531,176.24,55.186,81.751,-149.581,-74.727,-163.486,~C3'-endo,C3'-endo
ens_1333.json,G,43,-67.705,172.445,57.274,81.161,-150.797,-73.836,-168.487,~C3'-endo,C3'-endo
ens_1333.json,C,44,-66.626,174.245,56.23,81.672,-150.373,-70.718,-164.084,~C3'-endo,C3'-endo
ens_1368.json,G,18,-61.947,-174.648,54.69,80.677,-153.754,-68.175,-168.13,~C3'-endo,C3'-endo
ens_1368.json,C,19,-75.439,-179.708,59.321,80.052,-154.273,-71.212,-162.493,~C3'-endo,C3'-endo
ens_1368.json,A,20,-67.23,174.752,56.074,79.529,-153.604,-70.2,-164.341,~C3'-endo,C3'-endo
ens_1368.json,G,21,-67.236,173.843,57.176,79.604,-148.873,-70.786,-165.508,~C3'-endo,C3'-endo
ens_1368.json,A,22,-68.92,178.948,50.36,77.225,-151.555,-57.288,-164.587,~C3'-endo,C3'-endo
ens_1368.json,U,23,-68.875,170.146,80.355,148.581,-91.887,178.254,-133.946,~C2'-endo,C2'-endo
ens_1368.json,C,24,-123.771,157.614,43.75,77.427,-147.455,-65.678,-166.818,~C3'-endo,C3'-endo
ens_1368.json,U,25,-56.065,167.767,51.299,77.703,-155.006,-81.712,-165.966,~C3'-endo,C3'-endo
ens_1368.json,G,26,-59.555,159.983,59.891,78.477,-148.961,-98.881,-170.217,~C3'-endo,C3'-endo
ens_1368.json,A,27,-58.905,158.918,58.63,84.626,-135.697,-83.865,-160.453,~C3'-endo,C3'-endo
ens_1368.json,G,28,-60.094,146.723,65.126,76.721,-157.036,-71.212,-175.314,~C3'-endo,C3'-endo
ens_1368.json,C,29,-66.448,-175.511,56.222,84.553,-134.205,-100.583,-163.252,~C3'-endo,C3'-endo
ens_1368.json,C,30,37.487,169.702,-55.179,98.277,-152.213,-28.976,-158.833,~C3'-endo,C2'-exo
ens_1368.json,U,51,-91.931,177.721,64.779,77.836,-173.418,-110.058,-164.299,~C3'-endo,C3'-endo
ens_1368.json,U,52,-160.703,-172.1,51.7,51.852,97.74,113.46,-168.019,~C3'-endo,C2'-exo
ens_1368.json,C,53,-59.249,143.143,57.413,137.351,-93.448,86.045,-136.124,~C2'-endo,C2'-endo
ens_1368.json,G,54,75.407,171.774,177.607,88.889,-138.664,-50.254,26.072,~C3'-endo,C3'-endo
ens_1368.json,G,33,-68.564,158.609,58.577,83.978,-147.383,-62.415,-163.295,~C3'-endo,C3'-endo
ens_1368.json,G,34,-62.785,178.544,53.354,77.341,-146.37,-87.983,-165.176,~C3'-endo,C3'-endo
ens_1368.json,A,35,-66.811,167.236,57.895,83.961,-145.304,-78.465,-164.046,~C3'-endo,C3'-endo
ens_1368.json,G,36,-70.352,152.686,70.003,79.391,-155.211,-69.765,-173.302,~C3'-endo,C3'-endo
ens_1368.json,C,37,-65.117,179.259,58.707,78.625,-160.838,-82.567,-161.794,~C3'-endo,C3'-endo
ens_1368.json,U,38,161.089,-165.365,173.646,81.466,-136.235,-50.35,-172.938,~C3'-endo,C3'-endo
ens_1368.json,C,39,-65.012,178.237,53.898,78.106,-148.618,-68.086,-168.965,~C3'-endo,C3'-endo
ens_1368.json,U,40,-66.309,-175.958,47.002,81.995,-139.808,-88.603,-161.977,~C3'-endo,C3'-endo
ens_1368.json,C,41,-58.581,166.895,52.375,81.834,-150.21,-75.962,-163.767,~C3'-endo,C3'-endo
ens_1368.json,U,42,-68.515,176.252,55.149,81.749,-149.547,-74.692,-163.497,~C3'-endo,C3'-endo
ens_1368.json,G,43,-67.685,172.488,57.141,81.202,-150.758,-73.827,-168.526,~C3'-endo,C3'-endo
ens_1368.json,C,44,-66.684,174.279,56.264,81.722,-156.331,-76.238,-164.101,~C3'-endo,C3'-endo
ens_3110.json,G,18,-60.82,176.573,50.588,80.693,-153.765,-68.172,-168.019,~C3'-endo,C3'-endo
ens_3110.json,C,19,-75.487,-179.656,59.352,80.024,-154.211,-71.242,-162.482,~C3'-endo,C3'-endo
ens_3110.json,A,20,-67.195,174.724,56.061,79.537,-153.607,-70.157,-164.376,~C3'-endo,C3'-endo
ens_3110.json,G,21,-67.29,173.882,57.179,79.629,-147.925,-76.074,-165.436,~C3'-endo,C3'-endo
ens_3110.json,A,22,-67.885,178.655,50.36,80.766,-139.348,-64.998,-164.766,~C3'-endo,C3'-endo
ens_3110.json,U,23,-60.875,-175.831,59.897,144.124,-58.912,118.873,-120.544,~C2'-endo,C2'-endo
ens_3110.json,C,24,11.028,176.045,-106.219,79.744,-128.182,-47.883,-173.612,~C3'-endo,C3'-endo
ens_3110.json,U,25,-73.806,175.382,55.13,78.064,-146.443,-77.401,-158.22,~C3'-endo,C3'-endo
ens_3110.json,G,26,-68.703,172.887,47.276,78.145,-164.148,-75.888,-156.341,~C3'-endo,C3'-endo
ens_3110.json,A,27,-130.724,179.588,107.52,81.682,-147.842,-75.096,-162.881,~C3'-endo,C3'-endo
ens_3110.json,G,28,-66.587,166.598,58.584,80.003,-149.201,-74.179,-167.488,~C3'-endo,C3'-endo
ens_3110.json,C,29,-62.236,179.162,54.368,82.687,-155.077,-73.014,-158.756,~C3'-endo,C3'-endo
ens_3110.json,C,30,-144.989,176.716,121.956,82.994,-140.457,-53.408,-166.182,~C3'-endo,C2'-exo
ens_3110.json,U,51,-67.39,172.691,77.004,142.721,-142.396,-75.13,-136.432,~C2'-endo,C2'-endo
ens_3110.json,U,52,157.197,-127.8,-115.648,81.754,-156.978,179.613,-167.842,~C3'-endo,C3'-endo
ens_3110.json,C,53,-96.943,165.244,50.144,144.796,-102.545,85.96,-134.341,~C2'-endo,C2'-endo
ens_3110.json,G,54,63.393,175.572,174.33,87.888,-164.826,-9.095,47.891,~C3'-endo,C3'-endo
ens_3110.json,G,33,-124.916,161.639,111.3,87.128,-151.144,-65.639,-168.548,~C3'-endo,C3'-endo
ens_3110.json,G,34,-69.295,-179.204,52.63,79.561,-143.418,-92.735,-165.499,~C3'-endo,C3'-endo
ens_3110.json,A,35,-64.351,162.712,58.864,84.458,-141.001,-68.828,-159.076,~C3'-endo,C3'-endo
ens_3110.json,G,36,-115.491,148.323,112.486,87.927,-147.512,-64.613,-176.493,~C3'-endo,C3'-endo
ens_3110.json,C,37,-68.982,-175.32,47.848,78.47,-155.803,-82.382,-157.536,~C3'-endo,C3'-endo
ens_3110.json,U,38,163.613,-165.535,165.372,81.8,-122.831,-36.779,-174.361,~C3'-endo,C3'-endo
ens_3110.json,C,39,-71.963,173.028,58.338,81.268,-153.367,-99.438,-162.428,~C3'-endo,C3'-endo
ens_3110.json,U,40,-70.817,173.109,49.701,78.137,-150.828,-61.578,-156.774,~C3'-endo,C3'-endo
ens_3110.json,C,41,146.202,176.12,-171.142,81.928,-150.234,-76.032,-163.764,~C3'-endo,C3'-endo
ens_3110.json,U,42,-68.471,176.272,55.125,81.776,-149.551,-74.755,-163.468,~C3'-endo,C3'-endo
ens_3110.json,G,43,-67.661,172.453,57.252,81.12,-150.733,-73.785,-168.452,~C3'-endo,C3'-endo
ens_3110.json,C,44,-66.675,174.291,56.197,81.664,-145.248,-70.163,-164.099,~C3'-endo,C3'-endo
ens_3373.json,G,18,-62.77,175.109,55.331,80.672,-153.794,-68.13,-168.053,~C3'-endo,C3'-endo
ens_3373.json,C,19,-75.466,-179.736,59.357,80.007,-154.281,-71.188,-162.554,~C3'-endo,C3'-endo
ens_3373.json,A,20,-67.192,174.744,56.008,79.562,-153.579,-70.167,-164.358,~C3'-endo,C3'-endo
ens_3373.json,G,21,-67.275,173.889,57.191,79.635,-129.58,-89.74,-165.425,~C3'-endo,C3'-endo
ens_3373.json,A,22,37.818,161.197,-58.81,78.216,179.613,-72.528,-136.387,~C3'-endo,C3'-endo
ens_3373.json,U,23,154.291,-124.57,176.73,68.743,-154.658,-76.217,-167.219,~C3'-endo,C3'-endo
ens_3373.json,C,24,-56.646,160.37,57.594,76.319,-161.2,-75.177,-150.655,~C3'-endo,C3'-endo
ens_3373.json,U,25,-61.115,166.655,53.174,73.258,-144.623,-74.806,-167.45,~C3'-endo,C3'-endo
ens_3373.json,G,26,-63.062,171.493,52.054,81.117,-145.549,-87.759,-165.25,~C3'-endo,C3'-endo
ens_3373.json,A,27,-64.087,168.171,56.473,83.326,-146.632,-64.283,-161.487,~C3'-endo,C3'-endo
ens_3373.json,G,28,-112.169,146.956,113.789,88.143,-145.947,-70.195,-172.187,~C3'-endo,C3'-endo
ens_3373.json,C,29,-74.145,-179.35,54.545,86.279,149.309,104.661,-159.133,~C3'-endo,C3'-endo
ens_3373.json,C,30,-152.133,-11.315,174.308,96.077,-138.319,-51.132,-169.092,~C3'-endo,C2'-exo
ens_3373.json,U,51,-73.778,170.549,73.568,141.64,-140.372,-128.855,-136.864,~C2'-endo,C2'-endo
ens_3373.json,U,52,-158.407,-69.267,-84.684,81.729,-174.995,118.497,-167.644,~C3'-endo,C3'-endo
ens_3373.json,C,53,-73.136,-167.762,59.473,144.249,-106.798,90.708,-130.579,~C2'-endo,C2'-endo
ens_3373.json,G,54,61.225,176.469,172.133,85.022,-161.701,-11.947,47.879,~C3'-endo,C3'-endo
ens_3373.json,G,33,-125.61,153.519,119.281,90.261,-150.201,-67.493,-166.744,~C3'-endo,C2'-exo
ens_3373.json,G,34,-65.685,-176.62,58.054,86.524,-138.81,-96.675,-158.967,~C3'-endo,C3'-endo
ens_3373.json,A,35,-63.182,149.783,59.029,80.872,-140.445,-84.446,-153.34,~C3'-endo,C3'-endo
ens_3373.json,G,36,-71.835,162.43,59.794,79.647,-151.315,-75.053,-165.984,~C3'-endo,C3'-endo
ens_3373.json,C,37,-64.196,171.663,61.497,83.045,-134.354,-70.377,-161.871,~C3'-endo,C3'-endo
ens_3373.json,U,38,-67.626,177.066,54.774,77.537,-147.726,-69.036,-160.52,~C3'-endo,C3'-endo
ens_3373.json,C,39,-65.838,176.975,50.571,78.198,-151.766,-73.042,-160.738,~C3'-endo,C3'-endo
ens_3373.json,U,40,-65.377,-165.5,41.247,81.925,-151.303,-79.44,-167.113,~C3'-endo,C3'-endo
ens_3373.json,C,41,-63.435,-176.129,49.42,81.851,-150.25,-75.972,-163.759,~C3'-endo,C3'-endo
ens_3373.json,U,42,-68.503,176.248,55.217,81.721,-149.583,-74.688,-163.541,~C3'-endo,C3'-endo
ens_3373.json,G,43,-67.712,172.489,57.232,81.152,-150.721,-73.816,-168.52,~C3'-endo,C3'-endo
ens_3373.json,C,44,-66.693,174.25,56.316,81.63,-149.396,-71.082,-164.008,~C3'-endo,C3'-endo
ens_6174.json,G,18,-61.592,174.332,53.743,80.669,-153.768,-68.148,-168.077,~C3'-endo,C3'-endo
ens_6174.json,C,19,-75.461,-179.685,59.333,80.021,-154.248,-71.202,-162.505,~C3'-endo,C3'-endo
ens_6174.json,A,20,-67.233,174.759,56.079,79.505,-153.588,-70.135,-164.354,~C3'-endo,C3'-endo
ens_6174.json,G,21,-67.293,173.86,57.19,79.606,-146.686,-84.275,-165.442,~C3'-endo,C3'-endo
ens_6174.json,A,22,-62.043,164.845,58.384,79.861,-139.667,-73.295,-162.026,~C3'-endo,C3'-endo
ens_6174.json,U,23,-66.742,-154.242,48.187,141.263,-71.919,115.249,-130.894,~C2'-endo,C2'-endo
ens_6174.json,C,24,3.684,120.681,-80.843,140.343,-150.126,-68.677,-151.384,~C2'-endo,C2'-endo
ens_6174.json,U,25,-90.487,171.743,63.781,75.91,-144.753,-87.36,-150.815,~C3'-endo,C3'-endo
ens_6174.json,G,26,-69.03,170.341,53.475,86.503,-146.458,-86.698,-141.263,~C3'-endo,C3'-endo
ens_6174.json,A,27,-74.051,151.444,67.45,79.991,-156.262,-73.35,-148.345,~C3'-endo,C3'-endo
ens_6174.json,G,28,-70.641,172.066,57.314,78.594,-151.228,-74.205,-164.92,~C3'-endo,C3'-endo
ens_6174.json,C,29,-65.726,-178.813,55.404,82.927,162.84,83.141,-161.251,~C3'-endo,C3'-endo
ens_6174.json,C,30,-154.693,7.735,178.822,96.693,-131.409,-48.728,-169.489,~C3'-endo,C2'-exo
ens_6174.json,U,51,-70.247,166.144,55.36,77.443,-144.458,-87.442,-158.535,~C3'-endo,C3'-endo
ens_6174.json,U,52,121.201,154.202,52.859,148.894,-94.835,72.244,-136.036,~C2'-endo,C2'-endo
ens_6174.json,C,53,149.293,84.802,-136.625,82.866,-152.06,-125.542,-163.86,~C3'-endo,C3'-endo
ens_6174.json,G,54,-23.851,-106.463,-148.624,81.539,-165.659,-7.868,31.52,~C3'-endo,C3'-endo
ens_6174.json,G,33,-128.798,163.434,104.494,89.252,-147.992,-70.399,-170.552,~C3'-endo,C2'-exo
ens_6174.json,G,34,-67.582,-176.019,54.731,79.371,-142.188,-91.356,-165.119,~C3'-endo,C3'-endo
ens_6174.json,A,35,-63.464,156.139,64.788,84.235,-171.574,56.728,-160.504,~C3'-endo,C3'-endo
ens_6174.json,G,36,-159.975,36.031,173.652,88.788,-144.375,-72.045,-172.398,~C3'-endo,C3'-endo
ens_6174.json,C,37,-67.808,173.297,55.912,85.925,-144.915,-70.32,-159.116,~C3'-endo,C3'-endo
ens_6174.json,U,38,-66.962,168.845,55.557,74.647,-130.526,-40.095,-166.222,~C3'-endo,C3'-endo
ens_6174.json,C,39,-66.506,166.413,55.124,68.294,-145.211,-90.697,-155.464,~C3'-endo,C3'-endo
ens_6174.json,U,40,-68.742,158.777,62.515,81.329,-120.462,-36.872,-142.329,~C3'-endo,C3'-endo
ens_6174.json,C,41,-119.303,89.574,153.091,81.89,-150.232,-75.999,-163.786,~C3'-endo,C3'-endo
ens_6174.json,U,42,-68.478,176.249,55.162,81.724,-149.554,-74.708,-163.511,~C3'-endo,C3'-endo
ens_6174.json,G,43,-67.687,172.446,57.233,81.153,-150.744,-73.807,-168.494,~C3'-endo,C3'-endo
ens_6174.json,C,44,-66.67,174.269,56.25,81.639,-150.207,-70.496,-164.067,~C3'-endo,C3'-endo
ens_6299.json,G,18,-63.611,174.107,53.658,80.669,-153.768,-68.148,-168.077,~C3'-endo,C3'-endo
ens_6299.json,C,19,-75.461,-179.685,59.333,80.021,-154.248,-71.202,-162.505,~C3'-endo,C3'-endo
ens_6299.json,A,20,-67.233,174.759,56.079,79.505,-153.588,-70.135,-164.354,~C3'-endo,C3'-endo
ens_6299.json,G,21,-67.293,173.86,57.19,79.606,-141.37,-99.95,-165.442,~C3'-endo,C3'-endo
ens_6299.json,A,22,72.588,140.608,49.665,85.605,-132.417,141.745,-156.523,~C3'-endo,C3'-endo
ens_6299.json,U,23,-50.451,-175.462,-177.109,142.768,-102.77,107.386,-134.601,~C2'-endo,C2'-endo
ens_6299.json,C,24,89.942,134.613,60.814,86.221,-149.161,-76.563,-162.019,~C3'-endo,C3'-endo
ens_6299.json,U,25,-65.512,179.086,50.306,79.691,-151.193,-72.822,-157.457,~C3'-endo,C3'-endo
ens_6299.json,G,26,151.429,-172.119,173.844,74.653,-137.925,-91.847,-163.891,~C3'-endo,C3'-endo
ens_6299.json,A,27,-69.879,140.548,82.625,84.803,-147.693,-79.355,-169.903,~C3'-endo,C3'-endo
ens_6299.json,G,28,-67.425,167.598,62.572,81.609,-150.041,-73.406,-171.528,~C3'-endo,C3'-endo
ens_6299.json,C,29,-71.594,172.8,55.814,82.363,-155.09,-66.791,-157.498,~C3'-endo,C3'-endo
ens_6299.json,C,30,-139.905,174.817,114.359,87.46,-144.669,-59.106,-168.785,~C3'-endo,C3'-endo
ens_6299.json,U,51,-68.452,177.608,52.701,88.901,-150.795,-88.154,-158.559,~C3'-endo,C3'-endo
ens_6299.json,U,52,-164.169,149.51,53.376,143.551,-97.738,-63.025,-134.344,~C2'-endo,C2'-endo
ens_6299.json,C,53,-73.131,-169.799,57.337,153.446,-99.434,80.064,-135.822,~C2'-endo,C2'-endo
ens_6299.json,G,54,61.619,179.049,175.169,87.693,-160.404,-60.711,52.913,~C3'-endo,C3'-endo
ens_6299.json,G,33,151.551,-125.219,173.212,81.393,-149.61,-62.244,-171.016,~C3'-endo,C2'-exo
ens_6299.json,G,34,-71.992,179.119,60.199,84.949,-115.24,-102.762,-167.874,~C3'-endo,C3'-endo
ens_6299.json,A,35,-68.467,144.567,59.578,82.432,-147.142,-75.462,-154.428,~C3'-endo,C3'-endo
ens_6299.json,G,36,-64.786,170.091,54.981,79.232,-152.269,-75.267,-167.356,~C3'-endo,C3'-endo
ens_6299.json,C,37,-61.617,164.921,68.915,79.288,-149.811,-62.418,-166.568,~C3'-endo,C3'-endo
ens_6299.json,U,38,-68.934,-179.051,55.359,81.492,-126.031,-63.997,-167.631,~C3'-endo,C3'-endo
ens_6299.json,C,39,-71.174,168.838,49.917,87.713,-125.425,-96.218,-153.299,~C3'-endo,C2'-exo
ens_6299.json,U,40,60.285,132.564,47.006,140.946,-131.941,77.913,-135.228,~C2'-endo,C2'-endo
ens_6299.json,C,41,-93.128,-172.799,39.119,81.89,-150.232,-75.999,-163.786,~C3'-endo,C3'-endo
ens_6299.json,U,42,-68.478,176.249,55.162,81.724,-149.554,-74.708,-163.511,~C3'-endo,C3'-endo
ens_6299.json,G,43,-67.687,172.446,57.233,81.153,-150.744,-73.807,-168.494,~C3'-endo,C3'-endo
ens_6299.json,C,44,-66.67,174.269,56.25,81.639,-151.509,-70.953,-164.067,~C3'-endo,C3'-endo
ens_6719.json,G,18,-64.141,176.403,54.677,80.746,-153.792,-68.188,-168.091,~C3'-endo,C3'-endo
ens_6719.json,C,19,-75.447,-179.7,59.367,80.001,-154.239,-71.232,-162.469,~C3'-endo,C3'-endo
ens_6719.json,A,20,-67.215,174.758,56.08,79.504,-153.566,-70.142,-164.332,~C3'-endo,C3'-endo
ens_6719.json,G,21,-67.285,173.879,57.168,79.595,-151.676,-71.727,-165.404,~C3'-endo,C3'-endo
ens_6719.json,A,22,-59.684,-179.073,66.357,148.911,-127.266,-156.659,-124.064,~C2'-endo,C2'-endo
ens_6719.json,U,23,49.824,-145.774,166.401,147.33,-112.418,-70.282,-135.405,~C2'-endo,C2'-endo
ens_6719.json,C,24,-89.031,170.849,47.524,78.736,-163.387,-122.605,-163.689,~C3'-endo,C3'-endo
ens_6719.json,U,25,62.836,-159.541,-93.473,76.361,-155.395,-71.487,-164.071,~C3'-endo,C3'-endo
ens_6719.json,G,26,-67.038,169.729,56.582,82.168,-148.868,-82.852,-157.351,~C3'-endo,C3'-endo
ens_6719.json,A,27,-72.193,167.358,59.704,81.211,-153.343,-70.683,-152.692,~C3'-endo,C3'-endo
ens_6719.json,G,28,-68.27,169.745,59.089,79.267,-150.093,-76.301,-165.774,~C3'-endo,C3'-endo
ens_6719.json,C,29,-60.853,177.524,52.821,83.2,-154.397,-84.468,-156.417,~C3'-endo,C3'-endo
ens_6719.json,C,30,158.375,-166.342,167.092,84.417,-139.498,-61.701,-171.671,~C3'-endo,C3'-endo
ens_6719.json,U,51,-61.391,177.889,70.526,149.719,-93.445,-58.805,-135.834,~C2'-endo,C2'-endo
ens_6719.json,U,52,-43.983,-128.527,159.608,82.331,-138.415,-3.546,-169.329,~C3'-endo,C3'-endo
ens_6719.json,C,53,-171.836,-153.231,-173.536,143.384,-115.556,-168.412,-143.562,~C2'-endo,C2'-endo
ens_6719.json,G,54,6.791,-133.882,-174.531,80.795,-164.313,-73.42,62.085,~C3'-endo,C3'-endo
ens_6719.json,G,33,148.579,-106.653,177.227,78.446,-149.472,-65.925,-168.556,~C3'-endo,C3'-endo
ens_6719.json,G,34,-71.257,178.231,66.467,79.591,-120.943,-113.561,-169.258,~C3'-endo,C3'-endo
ens_6719.json,A,35,-54.636,139.848,56.941,84.525,-149.684,-113.466,-155.457,~C3'-endo,C3'-endo
ens_6719.json,G,36,154.955,-127.937,158.91,81.823,-148.549,-71.951,179.323,~C3'-endo,C3'-endo
ens_6719.json,C,37,-65.096,175.271,50.509,82.825,139.781,52.871,-159.748,~C3'-endo,C3'-endo
ens_6719.json,U,38,154.114,132.058,135.624,83.081,-144.815,-73.509,-168.234,~C3'-endo,C3'-endo
ens_6719.json,C,39,-67.534,175.017,50.948,80.84,-151.616,-73.286,-162.95,~C3'-endo,C3'-endo
ens_6719.json,U,40,-154.488,177.882,56.387,147.996,-94.81,171.407,169.103,~C2'-endo,C2'-endo
ens_6719.json,C,41,-64.321,170.356,50.843,81.894,-150.254,-75.964,-163.812,~C3'-endo,C3'-endo
ens_6719.json,U,42,-68.504,176.259,55.162,81.732,-149.552,-74.722,-163.492,~C3'-endo,C3'-endo
ens_6719.json,G,43,-67.654,172.447,57.175,81.179,-150.787,-73.744,-168.494,~C3'-endo,C3'-endo
ens_6719.json,C,44,-66.693,174.254,56.262,81.606,-149.784,-70.444,-164.084,~C3'-endo,C3'-endo
ens_7264.json,G,18,-58.24,168.187,50.572,80.714,-153.796,-68.141,-168.116,~C3'-endo,C3'-endo
ens_7264.json,C,19,-75.482,-179.647,59.297,80.073,-154.261,-71.232,-162.505,~C3'-endo,C3'-endo
ens_7264.json,A,20,-67.182,174.759,56.011,79.544,-153.59,-70.11,-164.395,~C3'-endo,C3'-endo
ens_7264.json,G,21,-67.348,173.881,57.182,79.637,-151.455,-78.717,-165.43,~C3'-endo,C3'-endo
ens_7264.json,A,22,-63.391,175.074,52.223,81.809,-154.531,-67.41,-163.277,~C3'-endo,C3'-endo
ens_7264.json,U,23,-156.392,-132.487,-85.827,77.256,-123.932,-67.675,-160.001,~C3'-endo,C3'-endo
ens_7264.json,C,24,178.642,150.417,51.786,82.354,-136.136,-77.855,-165.902,~C3'-endo,C3'-endo
ens_7264.json,U,25,-54.013,157.042,57.407,79.164,-138.735,-88.686,-160.145,~C3'-endo,C3'-endo
ens_7264.json,G,26,-65.305,161.799,55.562,82.604,-146.439,-86.762,-159.859,~C3'-endo,C3'-endo
ens_7264.json,A,27,-66.697,163.775,56.507,81.134,-140.694,-83.062,-154.942,~C3'-endo,C3'-endo
ens_7264.json,G,28,-68.662,147.639,72.23,79.298,-153.805,-70.14,-172.857,~C3'-endo,C3'-endo
ens_7264.json,C,29,-64.706,-178.044,56.591,83.369,172.202,77.332,-164.957,~C3'-endo,C3'-endo
ens_7264.json,C,30,-154.146,6.943,-177.985,96.876,-133.641,-47.013,-170.656,~C3'-endo,C2'-exo
ens_7264.json,U,51,-75.046,171.941,53.068,87.724,-129.772,-68.367,-159.571,~C3'-endo,C3'-endo
ens_7264.json,U,52,-66.274,-171.105,171.049,147.466,-96.038,123.695,-131.606,~C2'-endo,C2'-endo
ens_7264.json,C,53,151.578,162.11,174.274,85.543,-148.261,102.943,-164.089,~C3'-endo,C3'-endo
ens_7264.json,G,54,95.494,176.761,-179.414,89.736,-147.994,-11.422,7.865,~C3'-endo,C3'-endo
ens_7264.json,G,33,-135.415,160.737,101.063,87.937,-148.427,-70.354,-170.579,~C3'-endo,C3'-endo
ens_7264.json,G,34,-66.358,-176.213,53.38,79.546,-141.858,-91.741,-168.959,~C3'-endo,C3'-endo
ens_7264.json,A,35,-67.761,164.058,61.016,84.115,-140.73,-123.161,-163.719,~C3'-endo,C3'-endo
ens_7264.json,G,36,138.232,-118.647,168.943,82.601,-147.785,-70.439,177.286,~C3'-endo,C3'-endo
ens_7264.json,C,37,-69.44,170.959,57.999,82.82,-146.416,-55.925,-161.5,~C3'-endo,C3'-endo
ens_7264.json,U,38,-109.038,177.785,93.88,82.98,-144.804,-42.937,-169.043,~C3'-endo,C3'-endo
ens_7264.json,C,39,-77.865,174.967,57.031,78.747,-166.28,-97.961,-168.168,~C3'-endo,C3'-endo
ens_7264.json,U,40,-59.058,173.109,49.994,82.957,-164.52,-76.099,-157.278,~C3'-endo,C3'-endo
ens_7264.json,C,41,147.795,-160.516,-177.258,81.901,-150.27,-75.94,-163.775,~C3'-endo,C3'-endo
ens_7264.json,U,42,-68.519,176.279,55.156,81.741,-149.57,-74.708,-163.492,~C3'-endo,C3'-endo
ens_7264.json,G,43,-67.731,172.485,57.262,81.144,-150.692,-73.824,-168.443,~C3'-endo,C3'-endo
ens_7264.json,C,44,-66.678,174.302,56.249,81.624,-152.355,-67.339,-164.081,~C3'-endo,C3'-endo
ens_7440.json,G,18,-65.957,175.498,55.592,80.644,-153.779,-68.106,-168.09,~C3'-endo,C3'-endo
ens_7440.json,C,19,-75.49,-179.669,59.351,80.015,-154.241,-71.214,-162.529,~C3'-endo,C3'-endo
ens_7440.json,A,20,-67.223,174.748,56.125,79.506,-153.554,-70.16,-164.338,~C3'-endo,C3'-endo
ens_7440.json,G,21,-67.344,173.894,57.261,79.533,-151.134,-115.381,-165.448,~C3'-endo,C3'-endo
ens_7440.json,A,22,55.301,131.59,-9.619,159.019,-110.296,-119.355,-97.163,~C2'-endo,C2'-endo
ens_7440.json,U,23,80.034,-163.563,106.119,83.064,-143.299,-65.762,-166.516,~C3'-endo,C3'-endo
ens_7440.json,C,24,-67.05,169.85,53.525,77.332,-153.67,-77.984,-151.795,~C3'-endo,C3'-endo
ens_7440.json,U,25,-70.414,168.657,171.271,82.2,-139.601,-61.342,-166.956,~C3'-endo,C3'-endo
ens_7440.json,G,26,-66.165,171.394,53.428,78.064,-151.098,-90.205,-153.137,~C3'-endo,C3'-endo
ens_7440.json,A,27,-60.293,157.899,60.455,83.391,170.916,51.471,-155.223,~C3'-endo,C3'-endo
ens_7440.json,G,28,178.312,67.511,152.522,82.329,-149.876,-70.982,-176.258,~C3'-endo,C3'-endo
ens_7440.json,C,29,-66.35,173.08,53.014,82.317,-155.723,-73.531,-158.358,~C3'-endo,C3'-endo
ens_7440.json,C,30,-152.28,178.735,130.585,83.397,-137.887,-50.791,-165.138,~C3'-endo,C2'-exo
ens_7440.json,U,51,-67.919,176.859,54.619,78.305,-160.577,-94.813,-158.254,~C3'-endo,C3'-endo
ens_7440.json,U,52,-160.436,153.098,47.297,146.256,-93.725,-69.674,-137.632,~C2'-endo,C2'-endo
ens_7440.json,C,53,69.058,153.978,-67.665,149.241,-93.527,131.819,-134.086,~C2'-endo,C2'-endo
ens_7440.json,G,54,-63.664,-99.16,-152.009,94.043,-174.831,16.19,48.644,~C3'-endo,C2'-exo
ens_7440.json,G,33,-151.069,151.852,122.963,86.212,-150.16,-66.044,-166.336,~C3'-endo,C3'-endo
ens_7440.json,G,34,-68.665,176.261,55.877,82.136,-135.449,-92.47,-161.185,~C3'-endo,C3'-endo
ens_7440.json,A,35,-74.487,153.794,66.147,82.035,-150.3,-73.212,-153.331,~C3'-endo,C3'-endo
ens_7440.json,G,36,-66.327,174.315,54.51,78.532,-144.828,-76.612,-164.8,~C3'-endo,C3'-endo
ens_7440.json,C,37,-61.789,172.585,57.651,78.358,-144.766,-79.022,-158.018,~C3'-endo,C3'-endo
ens_7440.json,U,38,-59.089,159.154,58.72,78.559,-145.223,-69.495,-162.358,~C3'-endo,C3'-endo
ens_7440.json,C,39,-64.855,162.467,57.397,78.949,61.905,116.307,-159.714,~C3'-endo,C3'-endo
ens_7440.json,U,40,-51.183,-172.286,-102.578,82.032,-149.498,-74.094,-162.714,~C3'-endo,C3'-endo
ens_7440.json,C,41,-65.285,169.861,57.903,81.858,-150.239,-75.963,-163.778,~C3'-endo,C3'-endo
ens_7440.json,U,42,-68.51,176.276,55.154,81.762,-149.571,-74.691,-163.48,~C3'-endo,C3'-endo
ens_7440.json,G,43,-67.7,172.471,57.198,81.172,-150.745,-73.784,-168.536,~C3'-endo,C3'-endo
ens_7440.json,C,44,-66.712,174.296,56.287,81.599,-150.742,-70.288,-164.073,~C3'-endo,C3'-endo
ens_9551.json,G,18,-63.841,176.25,53.869,80.687,-153.772,-68.169,-168.081,~C3'-endo,C3'-endo
ens_9551.json,C,19,-75.481,-179.7,59.35,80.016,-154.258,-71.192,-162.461,~C3'-endo,C3'-endo
ens_9551.json,A,20,-67.189,174.761,56.094,79.457,-153.557,-70.133,-164.303,~C3'-endo,C3'-endo
ens_9551.json,G,21,-67.266,173.853,57.178,79.589,-148.301,-78.375,-165.385,~C3'-endo,C3'-endo
ens_9551.json,A,22,-61.706,168.761,56.501,82.365,-150.965,-80.537,-154.866,~C3'-endo,C3'-endo
ens_9551.json,U,23,-78.942,143.085,85.209,75.989,-141.755,-80.424,-158.898,~C3'-endo,C3'-endo
ens_9551.json,C,24,-61.848,153.501,62.048,80.197,-135.005,-65.606,-158.343,~C3'-endo,C3'-endo
ens_9551.json,U,25,-61.205,161.261,62.101,77.807,-125.905,-89.36,-155.51,~C3'-endo,C3'-endo
ens_9551.json,G,26,-126.456,-163.088,54.282,79.797,-150.509,-76.271,-161.956,~C3'-endo,C3'-endo
ens_9551.json,A,27,-61.378,169.991,58.424,83.533,-134.991,-66.431,-164.563,~C3'-endo,C3'-endo
ens_9551.json,G,28,-68.532,167.297,56.766,86.236,-157.522,-125.734,-156.954,~C3'-endo,C3'-endo
ens_9551.json,C,29,-81.131,75.279,161.943,132.212,-164.638,21.988,-146.768,~C2'-endo,C2'-endo
ens_9551.json,C,30,-148.721,24.679,170.796,93.725,-140.171,-57.547,-159.654,~C3'-endo,C3'-endo
ens_9551.json,U,51,-68.022,171.678,68.496,141.874,-99.718,-63.569,-133.14,~C2'-endo,C2'-endo
ens_9551.json,U,52,-65.954,136.572,169.912,81.935,-162.067,164.383,-167.92,~C3'-endo,C3'-endo
ens_9551.json,C,53,-85.065,172.192,49.94,144.767,-125.073,154.971,-137.882,~C2'-endo,C2'-endo
ens_9551.json,G,54,4.713,-125.794,-175.373,81.112,-141.168,-47.403,57.337,~C3'-endo,C3'-endo
ens_9551.json,G,33,-67.56,152.474,92.366,89.864,-147.205,-66.145,-162.788,~C3'-endo,C2'-exo
ens_9551.json,G,34,-68.412,176.1,59.909,71.198,-147.8,-75.981,-168.764,~C3'-endo,C3'-endo
ens_9551.json,A,35,-60.052,162.511,60.608,89.62,-142.217,-70.779,-161.237,~C3'-endo,C3'-endo
ens_9551.json,G,36,-64.815,165.623,53.724,86.646,-148.072,-178.299,-152.399,~C3'-endo,C3'-endo
ens_9551.json,C,37,-61.501,143.957,47.217,78.716,-150.838,-64.219,-168.137,~C3'-endo,C3'-endo
ens_9551.json,U,38,153.312,-179.765,-176.757,80.948,-134.281,-66.815,-164.79,~C3'-endo,C3'-endo
ens_9551.json,C,39,-59.445,164.054,57.241,76.35,-145.271,-71.47,-168.702,~C3'-endo,C3'-endo
ens_9551.json,U,40,-61.683,166.687,57.374,83.881,-134.252,-86.965,-157.006,~C3'-endo,C3'-endo
ens_9551.json,C,41,-74.979,159.224,66.442,81.877,-150.217,-75.954,-163.833,~C3'-endo,C3'-endo
ens_9551.json,U,42,-68.516,176.277,55.163,81.742,-149.547,-74.699,-163.493,~C3'-endo,C3'-endo
ens_9551.json,G,43,-67.666,172.422,57.221,81.187,-150.7,-73.895,-168.529,~C3'-endo,C3'-endo
ens_9551.json,C,44,-66.592,174.247,56.21,81.661,-150.182,-70.147,-164.018,~C3'-endo,C3'-endo
