,residue,Atom,Resn,Resi,wtTAR CS,RD_value,RD_error,WT + RD =ES2,SDev
0,G18,C4',G,18,82.591,0.0,0.0,82.591,0.0
1,G18,H1,G,18,13.305,0.0,0.0,13.305,0.0
2,C19,C4',C,19,81.825,0.0,0.0,81.825,0.0
3,A20,C1',A,20,93.0,0.0,0.0,93.0,0.0
4,A20,C2,A,20,152.424,0.0,0.0,152.424,0.0
5,A20,C4',A,20,81.949,0.0,0.0,81.949,0.0
6,A20,C8,A,20,139.401,0.0,0.0,139.401,0.0
7,G21,C1',G,21,92.703,0.0,0.0,92.703,0.0
8,G21,C4',G,21,82.216,0.0,0.0,82.216,0.0
9,G21,C8,G,21,135.991,0.0,0.0,135.991,0.0
10,G21,H1,G,21,12.635,0.0,0.0,12.635,0.0
11,G21,N1,G,21,147.162,0.0,0.0,147.162,0.0
12,A22,C1',A,22,92.609,-2.2,0.05,90.409,0.05
13,A22,C2,A,22,154.347,0.0,0.0,154.347,0.0
14,A22,C4',A,22,83.235,0.0,0.0,83.235,0.0
15,A22,C8,A,22,139.53,0.0,0.0,139.53,0.0
16,U23,C1',U,23,90.999,0.0,0.0,90.999,0.0
17,U23,C4',U,23,84.324,0.0,0.0,84.324,0.0
18,U23,C6,U,23,141.99499999999998,2.3,0.1,144.295,0.1
19,C24,C1',C,24,92.16,2.43,0.06,94.59,0.06
20,U25,C1',U,25,92.16,1.53,0.09,93.69,0.09
21,U25,C4',U,25,83.874,-1.83,0.1,82.044,0.1
22,U25,C6,U,25,143.216,-1.5,0.1,141.716,0.1
23,G26,C8,G,26,137.613,0.0,0.0,137.613,0.0
24,G26,H1,G,26,12.478,0.41,0.07,12.888,0.07
25,A27,C1',A,27,93.105,-2.9,0.1,90.205,0.1
26,A27,C2,A,27,153.424,0.0,0.0,153.424,0.0
27,A27,C4',A,27,82.393,0.0,0.0,82.393,0.0
28,A27,C8,A,27,139.903,0.0,0.0,139.903,0.0
29,G28,C8,G,28,135.751,1.18,0.07,136.931,0.07
30,G28,H1,G,28,13.559,-0.76,0.01,12.799,0.01
31,C29,C6,C,29,140.926,0.0,0.0,140.926,0.0
32,G33,C1',G,33,89.899,2.4,0.1,92.299,0.1
33,G33,C8,G,33,139.506,2.5,0.1,142.006,0.1
34,G34,C1',G,34,89.39999999999999,2.9,0.1,92.3,0.1
35,G34,C4',G,34,84.61,-1.21,0.12,83.4,0.12
36,A35,C1',A,35,90.723,0.0,0.0,90.723,0.0
37,A35,C4',A,35,85.11999999999999,-2.52,0.1,82.6,0.1
38,A35,C8,A,35,142.659,-2.4,0.04,140.259,0.04
39,G36,C1',G,36,93.446,-1.24,0.27,92.206,0.27
40,G36,C8,G,36,136.87,0.0,0.0,136.87,0.0
41,G36,H1,G,36,13.28,-0.39,0.01,12.89,0.01
42,G36,N1,G,36,148.525,0.0,0.0,148.525,0.0
43,C37,C1',C,37,94.144,0.0,0.0,94.144,0.0
44,C37,C6,C,37,141.474,0.0,0.0,141.474,0.0
45,U38,C1',U,38,93.85,0.0,0.0,93.85,0.0
46,U38,C4',U,38,82.049,0.0,0.0,82.049,0.0
47,U38,H3,U,38,14.051,-2.85,0.02,11.201,0.02
48,U38,N3,U,38,162.39399999999998,-5.2,0.2,157.194,0.2
49,C39,C1',C,39,93.9,0.0,0.0,93.9,0.0
50,C39,C6,C,39,141.599,0.0,0.0,141.599,0.0
51,U40,C1',U,40,93.082,0.0,0.0,93.082,0.0
52,U40,C4',U,40,83.296,0.0,0.0,83.296,0.0
53,U40,C5,U,40,101.418,0.0,0.0,101.418,0.0
54,C41,C4',C,41,82.388,0.0,0.0,82.388,0.0
55,C41,C5,C,41,95.33,0.0,0.0,95.33,0.0
56,U42,C1',U,42,93.637,0.0,0.0,93.637,0.0
57,U42,C4',U,42,82.13,0.0,0.0,82.13,0.0
58,U42,H3,U,42,13.358,0.0,0.0,13.358,0.0
59,U42,N3,U,42,162.111,0.0,0.0,162.111,0.0
60,G43,C4',G,43,82.005,0.0,0.0,82.005,0.0
61,G43,C8,G,43,136.457,0.0,0.0,136.457,0.0
62,G43,H1,G,43,12.549,0.0,0.0,12.549,0.0
63,C44,C4',C,44,81.923,0.0,0.0,81.923,0.0
64,C45,C1',C,45,92.974,0.0,0.0,92.974,0.0
65,C45,C4',C,45,83.387,0.0,0.0,83.387,0.0
