,Resn,Resi,Atom,Shift,SDev,resi_atm
0,G,18,C1',93.042,0,18.C1'
1,G,18,C4',82.524,0,18.C4'
2,G,18,C8,136.94,0,18.C8
3,G,18,H1,13.315,0,18.H1
4,G,18,H1',5.946,0,18.H1'
5,G,18,H4',4.55,0,18.H4'
6,G,18,H8,7.649,0,18.H8
7,G,18,N1,148.512,0,18.N1
8,C,19,C1',93.861,0,19.C1'
9,C,19,C4',81.792,0,19.C4'
10,C,19,C5,94.566,0,19.C5
11,C,19,C6,140.697,0,19.C6
12,C,19,H1',5.541,0,19.H1'
13,C,19,H4',4.425,0,19.H4'
14,C,19,H5,5.288,0,19.H5
15,C,19,H6,7.63,0,19.H6
16,A,20,C1',93.028,0,20.C1'
17,A,20,C2,152.386,0,20.C2
18,A,20,C4',81.916,0,20.C4'
19,A,20,C8,139.42,0,20.C8
20,A,20,H1',5.97,0,20.H1'
21,A,20,H2,7.003,0,20.H2
22,A,20,H4',4.478,0,20.H4'
23,A,20,H8,7.962,0,20.H8
24,G,21,C1',93.169,0,21.C1'
25,G,21,C4',82.334,0,21.C4'
26,G,21,C8,136.04,0,21.C8
27,G,21,H1,12.794,0,21.H1
28,G,21,H1',5.423,0,21.H1'
29,G,21,H4',4.422,0,21.H4'
30,G,21,H8,7.075,0,21.H8
31,G,21,N1,147.109,0,21.N1
32,A,22,C1',90.574,0,22.C1'
33,A,22,C2,154.396,0,22.C2
34,A,22,C4',82.536,0,22.C4'
35,A,22,C8,140.301,0,22.C8
36,A,22,H1',6.08,0,22.H1'
37,A,22,H2,7.785,0,22.H2
38,A,22,H4',4.551,0,22.H4'
39,A,22,H8,7.886,0,22.H8
40,U,23,C1',91.798,0,23.C1'
41,U,23,C4',84.568,0,23.C4'
42,U,23,C5,102.007,0,23.C5
43,U,23,C6,144.105,0,23.C6
44,U,23,H1',5.923,0,23.H1'
45,U,23,H4',4.37,0,23.H4'
46,U,23,H5,5.862,0,23.H5
47,U,23,H6,7.916,0,23.H6
48,C,24,C1',94.638,0,24.C1'
49,C,24,C4',82.078,0,24.C4'
50,C,24,C6,142.959,0,24.C6
51,C,24,H1',5.61,0,24.H1'
52,C,24,H4',4.442,0,24.H4'
53,C,24,H6,7.603,0,24.H6
54,U,25,C1',94.004,0,25.C1'
55,U,25,C4',82.313,0,25.C4'
56,U,25,C6,141.66,0,25.C6
57,U,25,H1',5.506,0,25.H1'
58,U,25,H3,10.306,0,25.H3
59,U,25,H4',4.333,0,25.H4'
60,U,25,H6,7.807,0,25.H6
61,U,25,N3,156.291,0,25.N3
62,G,26,C4',82.29,0,26.C4'
63,G,26,C8,137.907,0,26.C8
64,G,26,H1,12.948,0,26.H1
65,G,26,H4',4.526,0,26.H4'
66,G,26,H8,7.973,0,26.H8
67,G,26,N1,148.405,0,26.N1
68,A,27,C1',90.361,0,27.C1'
69,A,27,C2,153.799,0,27.C2
70,A,27,C8,140.857,0,27.C8
71,A,27,H1',6.13,0,27.H1'
72,A,27,H2,7.772,0,27.H2
73,A,27,H8,8.298,0,27.H8
74,G,28,C1',93.339,0,28.C1'
75,G,28,C8,137.041,0,28.C8
76,G,28,H1,12.898,0,28.H1
77,G,28,H1',5.807,0,28.H1'
78,G,28,H8,7.358,0,28.H8
79,C,29,C5,94.46,0,29.C5
80,C,29,C6,140.844,0,29.C6
81,C,29,H5,5.155,0,29.H5
82,C,29,H6,7.542,0,29.H6
83,C,30,C1',93.816,0,30.C1'
84,C,30,C5,94.56,0,30.C5
85,C,30,H1',5.423,0,30.H1'
86,C,30,H5,5.467,0,30.H5
87,G,33,C8,138.991,0,33.C8
88,G,33,H1,12.885,0,33.H1
89,G,33,H8,8.333,0,33.H8
90,G,33,N1,147.239,0,33.N1
91,G,34,C1',93.078,0,34.C1'
92,G,34,C8,136.881,0,34.C8
93,G,34,H1,12.502,0,34.H1
94,G,34,H1',5.727,0,34.H1'
95,G,34,H8,7.358,0,34.H8
96,G,34,N1,147.73,0,34.N1
97,A,35,C1',91.583,0,35.C1'
98,A,35,C2,153.972,0,35.C2
99,A,35,C8,139.96,0,35.C8
100,A,35,H1',6.164,0,35.H1'
101,A,35,H2,7.894,0,35.H2
102,A,35,H8,8.164,0,35.H8
103,G,36,C1',93.103,0,36.C1'
104,G,36,C8,136.782,0,36.C8
105,G,36,H1,12.537,0,36.H1
106,G,36,H1',5.646,0,36.H1'
107,G,36,H8,7.132,0,36.H8
108,G,36,N1,147.8,0,36.N1
109,C,37,C1',94.3,0,37.C1'
110,C,37,C5,94.957,0,37.C5
111,C,37,C6,140.637,0,37.C6
112,C,37,H1',5.623,0,37.H1'
113,C,37,H5,5.264,0,37.H5
114,C,37,H6,7.367,0,37.H6
115,U,38,C1',93.874,0,38.C1'
116,U,38,C4',82.279,0,38.C4'
117,U,38,C6,142.808,0,38.C6
118,U,38,H1',5.584,0,38.H1'
119,U,38,H3,11.243,0,38.H3
120,U,38,H4',4.388,0,38.H4'
121,U,38,H6,7.851,0,38.H6
122,U,38,N3,157.425,0,38.N3
123,C,39,C1',93.802,0,39.C1'
124,C,39,C5,94.342,0,39.C5
125,C,39,C6,143.087,0,39.C6
126,C,39,H1',5.496,0,39.H1'
127,C,39,H5,5.978,0,39.H5
128,C,39,H6,7.917,0,39.H6
129,U,40,C1',93.634,0,40.C1'
130,U,40,C4',82.045,0,40.C4'
131,U,40,C5,99.967,0,40.C5
132,U,40,C6,142.683,0,40.C6
133,U,40,H1',5.828,0,40.H1'
134,U,40,H3,13.907,0,40.H3
135,U,40,H4',4.405,0,40.H4'
136,U,40,H5,5.727,0,40.H5
137,U,40,H6,8.069,0,40.H6
138,U,40,N3,162.506,0,40.N3
139,C,41,C1',93.926,0,41.C1'
140,C,41,C4',81.833,0,41.C4'
141,C,41,C5,94.774,0,41.C5
142,C,41,C6,142.037,0,41.C6
143,C,41,H1',5.737,0,41.H1'
144,C,41,H4',4.337,0,41.H4'
145,C,41,H5,5.812,0,41.H5
146,C,41,H6,8.018,0,41.H6
147,U,42,C1',93.663,0,42.C1'
148,U,42,C4',82.053,0,42.C4'
149,U,42,C5,100.69,0,42.C5
150,U,42,C6,141.929,0,42.C6
151,U,42,H1',5.502,0,42.H1'
152,U,42,H3,13.358,0,42.H3
153,U,42,H4',4.443,0,42.H4'
154,U,42,H5,5.449,0,42.H5
155,U,42,H6,7.907,0,42.H6
156,U,42,N3,162.111,0,42.N3
157,G,43,C1',92.683,0,43.C1'
158,G,43,C4',81.916,0,43.C4'
159,G,43,C8,136.457,0,43.C8
160,G,43,H1,12.551,0,43.H1
161,G,43,H1',5.825,0,43.H1'
162,G,43,H4',4.478,0,43.H4'
163,G,43,H8,7.809,0,43.H8
164,G,43,N1,147.817,0,43.N1
165,C,44,C1',94.149,0,44.C1'
166,C,44,C4',81.839,0,44.C4'
167,C,44,C5,94.005,0,44.C5
168,C,44,C6,140.994,0,44.C6
169,C,44,H1',5.501,0,44.H1'
170,C,44,H4',4.368,0,44.H4'
171,C,44,H5,5.241,0,44.H5
172,C,44,H6,7.694,0,44.H6
173,U,51,C1',94.486,0,51.C1'
174,U,51,C4',82.315,0,51.C4'
175,U,51,C5,102.199,0,51.C5
176,U,51,C6,140.538,0,51.C6
177,U,51,H1',5.581,0,51.H1'
178,U,51,H4',4.334,0,51.H4'
179,U,51,H5,5.831,0,51.H5
180,U,51,H6,7.741,0,51.H6
181,U,52,C1',89.265,0,52.C1'
182,U,52,C4',86.972,0,52.C4'
183,U,52,C5,102.433,0,52.C5
184,U,52,C6,144.765,0,52.C6
185,U,52,H1',6.117,0,52.H1'
186,U,52,H4',4.471,0,52.H4'
187,U,52,H5,5.864,0,52.H5
188,U,52,H6,8.038,0,52.H6
189,C,53,C1',89.092,0,53.C1'
190,C,53,C4',84.416,0,53.C4'
191,C,53,C5,95.608,0,53.C5
192,C,53,C6,142.872,0,53.C6
193,C,53,H1',5.96,0,53.H1'
194,C,53,H4',3.771,0,53.H4'
195,C,53,H5,6.123,0,53.H5
196,C,53,H6,7.694,0,53.H6
197,G,54,C1',94.529,0,54.C1'
198,G,54,C8,143.026,0,54.C8
199,G,54,H1,9.847,0,54.H1
200,G,54,H1',5.984,0,54.H1'
201,G,54,H8,7.896,0,54.H8
202,G,54,N1,143.413,0,54.N1
