res,atom,shift_1,shift_2,shift_3,shift_4,shift_5,shift_6,shift_7,shift_8,shift_9,shift_10
18,C1',100.831,102.391,100.809,100.53399999999999,102.279,100.63799999999999,100.875,100.756,100.749,100.913
18,C2,146.909,146.77100000000002,146.778,146.917,146.965,146.911,146.97799999999998,146.937,146.91299999999998,146.845
18,C2',79.646,80.271,79.532,79.383,80.259,79.584,79.622,79.618,79.527,79.72
18,C3',76.685,76.446,76.594,76.703,76.39699999999999,76.607,76.653,76.73899999999999,76.631,76.757
18,C4,150.546,150.485,150.391,150.438,150.56,150.575,150.441,150.629,150.084,150.43
18,C4',84.335,85.21700000000001,84.449,84.47200000000001,85.115,84.551,84.42299999999999,84.524,84.368,84.541
18,C5,120.445,120.447,120.46799999999999,120.48899999999999,120.238,120.43,120.413,120.395,120.20200000000001,120.449
18,C5',67.811,65.943,66.501,66.17399999999999,66.128,66.436,66.312,66.304,67.168,67.51100000000001
18,C6,154.984,154.789,154.865,154.878,154.745,154.80200000000002,154.984,154.976,154.737,154.819
18,C8,132.829,132.433,132.716,132.592,132.6,132.62,132.713,132.75799999999998,131.878,132.722
18,H1,12.741,12.684000000000001,12.709000000000001,12.695,12.677999999999999,12.725,12.743,12.742,13.218,12.735
18,H1',6.4510000000000005,6.393,6.462000000000001,6.473,6.417000000000001,6.484,6.455,6.443,6.382000000000001,6.4639999999999995
18,H21,9.137,9.052,9.083,9.097999999999999,9.077,9.083,9.13,9.165,9.669,9.131
18,H22,4.696000000000001,4.5489999999999995,4.751,4.723,4.611000000000001,4.7410000000000005,4.647,4.677,4.801,4.683
18,H2',4.995,5.129,4.99,4.982,5.118,4.993,4.992,4.993,5.011,5.013
18,H3',4.944,4.9110000000000005,5.013,4.93,4.979,4.952,4.965,4.966,4.8919999999999995,4.9910000000000005
18,H4',4.861000000000001,4.856,4.802,4.743,4.845,4.77,4.791,4.811,4.831,4.8469999999999995
18,H5',4.342,4.825,4.921,4.8389999999999995,4.87,4.795,4.914,4.907,4.426,4.41
18,H5'',3.9560000000000004,3.885,3.863,3.865,3.8939999999999997,3.891,3.8939999999999997,3.9,3.892,3.926
18,H8,7.181,7.114,7.167000000000001,7.126,7.159,7.226,7.191,7.183,7.129,7.191
18,HO2',3.108,3.053,3.1239999999999997,3.1460000000000004,3.097,3.094,3.136,3.114,3.083,3.142
18,N1,158.952,158.69299999999998,158.783,158.69,158.659,159.02100000000002,159.0,158.895,157.55200000000002,158.901
18,N2,90.67399999999999,89.914,89.205,90.038,90.161,89.698,90.728,90.80799999999999,90.954,90.583
18,N3,183.7,185.003,183.834,183.53,184.773,184.34400000000002,183.71200000000002,183.959,180.668,183.528
18,N7,248.47099999999998,248.704,248.262,248.854,245.984,248.592,248.368,248.69799999999998,249.65900000000002,248.675
18,N9,185.422,186.69400000000002,185.11,185.269,186.604,185.399,185.354,185.39,184.446,185.355
18,P,-19.68,-20.427,-19.639,-19.758,-19.936,-19.526,-19.961,-20.145,-20.482,-19.645
19,C1',102.03,102.249,102.225,102.085,102.19200000000001,102.054,102.07,101.999,101.971,102.125
19,C2,154.575,154.542,154.485,154.452,154.47899999999998,154.52200000000002,154.523,154.595,154.35,154.583
19,C2',79.118,79.13600000000001,79.152,79.074,79.054,78.96600000000001,79.101,79.077,79.051,79.07
19,C3',76.577,76.547,76.764,76.7,76.735,76.813,76.857,76.729,76.68,76.821
19,C4,155.65,155.60399999999998,155.541,155.52,155.555,155.597,155.815,155.664,155.66899999999998,155.64
19,C4',84.65299999999999,84.822,84.882,84.45200000000001,84.65799999999999,84.685,84.516,84.581,84.46600000000001,84.536
19,C5,95.611,95.416,96.07799999999999,96.03,95.61399999999999,96.195,95.59700000000001,95.64200000000001,95.69200000000001,95.719
19,C5',68.314,67.59,68.12100000000001,68.373,67.64399999999999,67.987,68.298,68.339,68.274,68.28699999999999
19,C6,140.20600000000002,140.455,140.22299999999998,140.22299999999998,140.179,139.856,140.225,140.19299999999998,140.135,140.33
19,H1',6.401,6.352,6.369,6.345,6.3389999999999995,6.377000000000001,6.396,6.402,6.388,6.426
19,H2',5.216,5.226,5.215,5.209,5.21,5.194,5.207999999999999,5.22,5.207999999999999,5.212999999999999
19,H3',4.968,4.9830000000000005,4.952,4.913,4.956,4.922,4.954,4.97,4.9639999999999995,4.99
19,H41,9.642000000000001,9.62,9.65,9.613999999999999,9.64,9.657,9.636000000000001,9.649,9.657,9.642000000000001
19,H42,4.97,4.981,4.916,4.9719999999999995,4.982,4.876,4.963,4.992,4.989,4.973
19,H4',4.861000000000001,4.789,4.862,4.8469999999999995,4.7989999999999995,4.852,4.86,4.875,4.854,4.859
19,H5,4.779,4.84,4.7780000000000005,4.75,4.775,4.784,4.7860000000000005,4.78,4.791,4.8
19,H5',4.402,4.7010000000000005,4.418,4.4110000000000005,4.705,4.431,4.406000000000001,4.406000000000001,4.4110000000000005,4.4030000000000005
19,H5'',4.015,4.0489999999999995,4.056,3.99,4.002,3.995,4.011,4.01,4.025,4.016
19,H6,7.8020000000000005,7.819,7.814,7.825,7.807,7.797999999999999,7.8020000000000005,7.816,7.801,7.813
19,HO2',2.965,3.109,2.955,3.08,3.031,3.0069999999999997,2.97,2.9730000000000003,2.984,2.986
19,N1,170.956,171.25099999999998,170.925,171.05,171.167,170.657,171.132,170.799,170.801,171.00799999999998
19,N3,215.18,215.28400000000002,215.22299999999998,215.391,215.269,215.165,215.435,215.30599999999998,214.81900000000002,215.13099999999997
19,N4,111.209,110.868,111.536,111.35700000000001,111.234,112.066,111.234,111.323,111.243,111.235
19,P,-18.497,-19.247,-19.217,-18.53,-19.245,-19.101,-18.408,-18.500999999999998,-18.409000000000002,-18.43
20,C1',101.488,101.43,101.462,101.45299999999999,101.529,101.56200000000001,101.32600000000001,101.426,101.396,101.37100000000001
20,C2,150.391,150.376,150.487,150.58100000000002,150.477,150.56,150.498,150.38299999999998,150.338,150.47899999999998
20,C2',79.971,79.893,79.979,79.939,80.058,79.93,79.92399999999999,79.99,79.999,80.025
20,C3',76.918,76.907,76.992,76.82,76.725,76.767,76.977,76.859,76.75399999999999,77.024
20,C4,147.253,147.123,147.211,147.208,146.936,147.246,147.275,147.214,147.143,147.211
20,C4',84.79,84.367,84.765,84.37799999999999,84.71700000000001,84.439,84.709,84.887,84.78200000000001,84.81700000000001
20,C5,119.553,119.296,119.23700000000001,119.064,119.39399999999999,119.39299999999999,119.57799999999999,119.54700000000001,119.458,119.514
20,C5',67.9,68.181,67.833,67.62899999999999,67.793,68.124,67.785,67.82600000000001,67.965,67.867
20,C6,148.75799999999998,148.73,148.661,148.781,148.845,148.76,149.00799999999998,148.89600000000002,148.651,148.779
20,C8,133.965,134.822,134.075,134.329,134.549,134.11700000000002,133.922,133.85299999999998,133.901,133.885
20,H1',6.837000000000001,6.859,6.8870000000000005,6.817,6.843999999999999,6.84,6.834,6.835,6.822,6.846
20,H2,7.3839999999999995,7.388,7.422999999999999,7.44,7.41,7.433,7.394,7.39,7.398,7.39
20,H2',5.296,5.284,5.321000000000001,5.281000000000001,5.271,5.275,5.272,5.294,5.294,5.297000000000001
20,H3',5.16,5.206,5.172999999999999,5.185,5.207000000000001,5.2170000000000005,5.135,5.16,5.162000000000001,5.181
20,H4',4.912,4.977,4.961,4.925,4.944,4.944,4.916,4.931,4.917,4.919
20,H5',4.587,4.5969999999999995,4.592,4.588,4.56,4.623,4.585,4.5760000000000005,4.605,4.582
20,H5'',4.034,4.032,4.053999999999999,4.074,4.067,4.072,4.032,4.0489999999999995,4.046,4.0489999999999995
20,H61,9.369,9.308,9.323,9.336,9.334,9.36,9.346,9.355,9.379,9.357000000000001
20,H62,5.44,5.614,5.622999999999999,5.582999999999999,5.597,5.58,5.4510000000000005,5.44,5.454,5.454
20,H8,7.7379999999999995,7.7410000000000005,7.724,7.715,7.7139999999999995,7.739,7.731,7.734,7.726,7.7379999999999995
20,HO2',3.1510000000000002,3.227,3.177,3.1489999999999996,3.18,3.1719999999999997,3.114,3.135,3.11,3.1489999999999996
20,N1,226.517,226.78,226.47799999999998,227.06099999999998,226.80700000000002,226.66,226.764,226.611,226.354,226.62
20,N3,235.83700000000002,235.144,235.791,235.65400000000002,235.243,234.78,235.732,235.66099999999997,235.67700000000002,235.9
20,N6,101.836,101.30799999999999,100.994,100.958,101.5,101.165,101.992,101.897,101.913,101.9
20,N7,243.21599999999998,240.795,241.916,240.83700000000002,238.97,242.637,243.012,243.585,242.642,243.62400000000002
20,N9,190.31099999999998,190.83,190.25400000000002,190.71200000000002,190.095,190.41099999999997,190.393,190.351,190.081,190.351
20,P,-19.577,-17.654,-18.597,-18.977999999999998,-18.167,-18.491,-19.677,-19.527,-19.605,-19.533
21,C1',102.31700000000001,102.374,102.49700000000001,100.62299999999999,100.915,100.78,102.064,102.455,100.985,102.264
21,C2,145.533,145.35299999999998,145.401,145.703,145.938,146.016,146.011,145.611,145.911,145.983
21,C2',80.00399999999999,80.086,79.539,79.307,79.655,79.535,81.385,79.911,79.736,80.593
21,C3',77.029,77.497,76.26,77.542,77.355,77.222,76.906,77.298,77.44,77.197
21,C4,149.39,149.20600000000002,149.207,148.97799999999998,149.488,149.308,149.549,149.39,149.69899999999998,149.36
21,C4',84.95299999999999,84.84700000000001,84.883,83.869,84.07700000000001,84.087,84.90899999999999,84.626,83.90299999999999,84.79700000000001
21,C5,119.52600000000001,119.62899999999999,119.554,119.24799999999999,119.911,119.49600000000001,118.98899999999999,119.186,120.274,120.209
21,C5',67.533,67.359,67.39699999999999,67.328,67.425,67.48,67.297,67.52600000000001,67.846,67.44800000000001
21,C6,153.96200000000002,154.065,154.19899999999998,153.833,153.971,154.012,154.07299999999998,153.98,155.164,154.175
21,C8,130.941,130.849,130.778,130.80700000000002,131.21,130.942,131.019,130.844,131.222,130.692
21,H1,12.415,12.535,12.312000000000001,12.378,12.345,12.341,12.433,12.421,12.712,12.195
21,H1',6.292000000000001,6.29,6.465,6.381,6.4079999999999995,6.436,6.297000000000001,6.311,6.395,6.4270000000000005
21,H21,8.843,8.837,8.764,8.97,8.824,8.919,8.949,8.899,8.502,8.978
21,H22,4.468999999999999,4.372,4.515,4.66,4.584,4.687,4.605,4.545,4.393,4.643
21,H2',5.046,4.877,5.162000000000001,4.922,4.994,4.982,4.968,4.923,4.888,5.2
21,H3',5.127000000000001,5.106,4.9830000000000005,5.043,5.052,5.061,4.895,5.073,5.1579999999999995,5.0169999999999995
21,H4',4.835,4.821000000000001,4.842,4.854,4.8260000000000005,4.885,4.8180000000000005,4.85,4.838,4.878
21,H5',4.4430000000000005,4.463,4.504,4.476,4.513,4.5089999999999995,4.474,4.454,4.537,4.508
21,H5'',3.9619999999999997,3.969,4.033,3.944,3.947,3.935,3.908,3.951,3.9739999999999998,3.946
21,H8,6.82,6.774,6.815,6.773,6.862,6.827000000000001,6.755,6.787999999999999,6.9079999999999995,6.857
21,HO2',3.122,3.062,4.102,2.912,3.023,2.995,2.9730000000000003,3.1010000000000004,2.968,3.1310000000000002
21,N1,155.6,155.338,155.187,155.248,155.757,155.683,155.55200000000002,155.541,157.202,155.37
21,N2,89.17200000000001,88.943,91.064,89.73700000000001,87.74,87.897,88.259,88.359,86.271,87.26700000000001
21,N3,180.403,179.704,177.891,179.673,179.65599999999998,179.38400000000001,180.958,180.201,179.783,181.53
21,N7,247.048,246.715,246.02200000000002,246.53400000000002,247.13,246.99,246.674,246.745,248.675,248.28
21,N9,187.013,186.438,187.136,185.025,185.46400000000003,185.253,186.588,186.919,185.85299999999998,186.493
21,P,-18.980999999999998,-19.489,-19.180999999999997,-18.235,-18.574,-18.801,-19.840999999999998,-19.077,-19.385,-19.035999999999998
22,C1',99.338,101.876,100.00299999999999,101.259,101.34100000000001,101.756,102.116,101.975,102.434,100.594
22,C2,151.221,151.588,152.315,152.08,151.746,152.13299999999998,152.334,152.029,150.744,152.577
22,C2',79.733,80.462,79.035,79.861,79.893,80.09,80.857,79.852,80.673,79.183
22,C3',77.97399999999999,77.89,77.218,77.185,76.21600000000001,76.11399999999999,83.912,76.98100000000001,77.44,76.432
22,C4,146.666,146.597,146.7,146.941,146.99200000000002,147.004,147.082,146.937,146.841,147.095
22,C4',84.235,85.806,85.45299999999999,84.81700000000001,85.00299999999999,85.521,82.854,85.98899999999999,84.62100000000001,84.227
22,C5,118.258,118.00299999999999,118.072,117.777,118.05,117.71700000000001,117.12299999999999,117.34,118.691,117.906
22,C5',67.586,68.22,66.704,67.271,67.751,67.67,71.439,68.568,67.398,66.55
22,C6,146.13299999999998,146.274,147.925,147.93,147.993,148.309,147.78,148.313,147.486,148.17
22,C8,135.256,134.909,134.543,135.082,134.442,134.983,135.31,135.32299999999998,134.769,134.795
22,H1',6.726,6.8260000000000005,6.779,6.867000000000001,6.8020000000000005,6.877000000000001,6.757999999999999,6.89,6.8,6.797999999999999
22,H2,8.637,8.529,8.339,8.343,8.245,8.266,8.107000000000001,8.282,8.547,8.228
22,H2',5.254,5.356,5.3629999999999995,4.749,4.747,4.698,4.631,4.6739999999999995,5.252999999999999,4.708
22,H3',4.942,5.045,4.982,4.87,5.053999999999999,5.065,4.801,5.093,4.948,4.982
22,H4',4.89,4.9030000000000005,4.815,4.75,4.8069999999999995,4.838,4.9430000000000005,4.803,4.953,4.698
22,H5',4.575,4.499,4.831,4.402,4.525,4.563,4.496,4.699,4.375,4.773
22,H5'',4.055,4.069,3.9960000000000004,4.146,4.0569999999999995,4.01,4.376,3.977,4.0680000000000005,3.984
22,H61,8.904,9.281,9.605,8.822000000000001,9.522,9.05,8.849,8.96,9.821,9.521
22,H62,5.307,5.273,5.414,5.563,5.517,5.525,5.617000000000001,5.43,5.386,5.4639999999999995
22,H8,7.877999999999999,8.027999999999999,7.7829999999999995,7.891,7.63,7.829,7.922999999999999,8.068,7.501,7.184
22,HO2',3.0989999999999998,3.298,3.0810000000000004,4.418,4.7669999999999995,4.95,4.47,4.705,3.335,4.348
22,N1,225.85,225.739,229.046,229.90599999999998,228.451,228.64700000000002,231.334,227.74,225.87400000000002,228.519
22,N3,238.549,236.81,236.183,238.916,235.332,235.963,237.53,236.02,234.02599999999998,236.108
22,N6,100.447,102.21600000000001,97.12,95.95299999999999,98.60799999999999,97.07600000000001,96.425,97.63,104.296,100.54799999999999
22,N7,240.21200000000002,240.08900000000003,245.702,239.24900000000002,242.055,241.69,240.832,238.97799999999998,242.419,244.98
22,N9,190.097,191.905,189.322,193.53900000000002,194.005,194.437,195.084,194.253,190.93900000000002,193.03
22,P,-17.714000000000002,-18.629,-20.794,-19.352,-19.254,-19.855,-18.64,-19.91,-18.554000000000002,-19.927
23,C1',102.03,101.78200000000001,100.774,102.787,102.721,100.713,100.354,101.976,101.35,102.117
23,C2,150.58700000000002,150.55200000000002,148.97799999999998,150.195,150.122,149.935,150.39600000000002,149.924,150.667,148.63
23,C2',80.266,80.23100000000001,79.02199999999999,79.421,79.107,78.848,78.697,78.859,79.418,78.854
23,C3',77.39,77.208,76.564,75.932,76.289,75.46300000000001,75.275,76.133,76.18,77.457
23,C4,161.036,161.219,158.92,157.609,158.156,157.52,158.257,157.477,161.235,158.121
23,C4',84.73100000000001,84.619,84.68700000000001,85.708,85.26,84.773,83.795,84.84100000000001,84.363,85.455
23,C5,105.435,106.10799999999999,105.501,105.35700000000001,104.91,105.79,107.221,105.553,107.296,104.295
23,C5',66.956,65.3,66.74600000000001,66.949,66.311,66.038,65.68,66.26899999999999,65.71,65.889
23,C6,139.534,138.56,139.19799999999998,140.516,140.986,141.55200000000002,140.912,141.22,138.326,138.925
23,H1',6.218999999999999,6.165,6.124,6.532,6.479,6.502000000000001,6.595,6.511,6.289,6.407
23,H2',4.959,4.9639999999999995,4.506,4.94,4.888999999999999,4.9910000000000005,4.998,4.806,4.613,4.797
23,H3,12.775,12.894,7.193,8.555,7.867999999999999,7.544,10.479000000000001,7.546,12.312999999999999,6.835
23,H3',4.777,4.69,4.492,4.627,4.506,4.552,4.763,4.649,4.678999999999999,4.44
23,H4',4.935,4.803999999999999,4.6160000000000005,4.63,4.638999999999999,4.662,4.6610000000000005,4.649,4.662,4.698
23,H5,4.9510000000000005,5.07,5.296,4.894,5.0280000000000005,5.085,4.982,5.081,4.933,5.45
23,H5',4.227,4.756,4.203,4.383,4.373,4.428999999999999,4.4,4.471,4.829,4.31
23,H5'',3.9610000000000003,3.907,3.9939999999999998,3.995,3.9939999999999998,3.991,4.055,4.02,3.912,3.99
23,H6,7.82,7.553,7.992999999999999,8.302999999999999,8.209,8.237,8.13,8.315,7.474,8.007
23,HO2',3.2060000000000004,3.1660000000000004,4.529,4.848,4.794,4.48,4.187,4.612,3.7889999999999997,4.749
23,N1,175.579,175.513,176.37599999999998,177.592,177.791,177.412,177.449,177.738,176.438,173.761
23,N3,183.667,184.013,182.058,186.035,184.963,184.46099999999998,187.71400000000003,183.145,181.959,181.475
23,P,-19.727,-19.127,-18.967,-20.329,-19.125999999999998,-19.002,-20.403,-19.405,-19.97,-19.624000000000002
24,C1',102.821,101.93299999999999,98.76100000000001,101.444,102.061,99.78299999999999,102.20100000000001,101.553,102.757,101.595
24,C2,155.512,155.762,153.967,154.819,154.524,155.601,154.58100000000002,155.378,155.148,153.121
24,C2',79.252,79.351,80.05,80.38600000000001,80.593,79.34899999999999,80.859,81.319,79.568,79.852
24,C3',76.916,76.92,79.191,78.387,77.941,76.624,77.223,76.903,76.217,78.343
24,C4,154.703,154.828,153.895,154.908,153.812,155.137,154.35399999999998,154.908,153.624,153.10399999999998
24,C4',85.075,84.025,82.85700000000001,82.83,84.113,83.294,85.53200000000001,84.86399999999999,86.055,83.54899999999999
24,C5,92.4,95.38799999999999,95.88,96.594,93.94,97.758,96.412,97.071,92.596,93.931
24,C5',67.035,67.051,66.252,65.946,67.285,66.382,66.385,66.719,66.863,66.204
24,C6,140.062,139.648,141.468,139.174,139.986,140.63299999999998,139.049,139.844,139.639,141.296
24,H1',6.301,6.414,6.729,6.627000000000001,6.606,6.597,6.776,6.699,6.522,6.676
24,H2',4.457,4.591,4.668,5.125,5.01,5.215,5.239,5.112,4.495,5.067
24,H3',4.809,4.717,4.841,4.662,4.851,4.66,4.89,4.927,4.877,4.771
24,H41,7.542000000000001,7.723,7.6579999999999995,9.801,5.843999999999999,10.097999999999999,10.809000000000001,10.492,4.997,4.982
24,H42,4.346,4.522,4.774,4.832,4.948,4.8919999999999995,4.758,5.5520000000000005,4.448,4.895
24,H4',4.649,4.736000000000001,4.843999999999999,4.864,4.7989999999999995,4.762,4.806,4.768,4.59,4.859
24,H5,5.071000000000001,5.0089999999999995,5.395,5.335,5.465,5.3870000000000005,5.403,5.372000000000001,5.148,5.474
24,H5',4.7010000000000005,4.731,4.334,4.3069999999999995,4.306,4.459,4.378,4.385,4.498,4.29
24,H5'',3.9330000000000003,3.864,4.058,4.09,4.02,3.995,3.957,4.05,4.072,3.958
24,H6,7.845,7.702000000000001,8.036,8.0,8.085,7.879,7.9110000000000005,7.9239999999999995,7.861000000000001,8.081
24,HO2',4.832,4.627,3.137,3.319,3.284,3.1319999999999997,3.137,3.2319999999999998,4.414,3.2239999999999998
24,N1,175.26,174.605,174.463,172.638,174.78400000000002,173.657,172.51,173.622,173.567,176.89
24,N3,232.638,224.926,221.96200000000002,231.543,235.584,226.261,224.03,226.74200000000002,232.315,218.493
24,N4,102.977,105.898,104.12299999999999,114.146,111.741,113.226,118.99,123.31700000000001,108.09299999999999,98.56200000000001
24,P,-20.487,-19.325,-19.554000000000002,-18.762,-18.892,-18.866,-21.37,-19.191,-19.898,-21.053
25,C1',101.353,105.43700000000001,105.167,105.189,102.266,104.436,98.756,101.30799999999999,100.80799999999999,101.891
25,C2,150.944,152.394,152.523,152.045,150.95,155.332,150.57,151.434,151.005,150.707
25,C2',78.435,78.62899999999999,78.725,81.253,79.357,79.49600000000001,77.419,79.70100000000001,79.273,78.64399999999999
25,C3',76.301,78.593,77.464,78.565,76.157,79.44800000000001,75.997,76.39399999999999,75.84,76.155
25,C4,160.832,161.83,159.531,160.191,159.356,159.549,160.732,159.157,160.019,161.00799999999998
25,C4',85.287,85.64299999999999,86.14299999999999,86.041,84.704,82.913,84.45700000000001,83.663,83.499,84.00200000000001
25,C5,107.238,107.743,107.315,107.31200000000001,106.66799999999999,107.829,107.359,108.25,107.62700000000001,106.625
25,C5',67.236,66.332,67.111,64.245,66.635,67.04899999999999,65.37100000000001,66.44800000000001,66.71,66.547
25,C6,141.54399999999998,141.385,139.554,140.099,139.687,139.10399999999998,139.058,139.624,140.637,139.66299999999998
25,H1',6.645,6.388999999999999,6.19,6.292999999999999,6.228,6.176,6.3,6.257999999999999,6.352,6.145
25,H2',5.172999999999999,5.19,5.5520000000000005,5.226,5.294,5.276,5.421,5.285,5.454,5.513999999999999
25,H3,11.784,11.725,10.129,9.962,9.847000000000001,11.165999999999999,9.066,9.027000000000001,10.665,11.06
25,H3',4.797,4.623,4.857,4.891,4.98,5.02,5.0569999999999995,5.0280000000000005,4.899,5.073
25,H4',4.685,4.584,4.788,4.728,4.842,4.762,4.742,4.76,4.926,4.921
25,H5,5.577999999999999,5.428999999999999,4.979,5.541,5.489,5.489,5.711,5.632999999999999,5.635,5.226
25,H5',4.303999999999999,4.415,4.251,4.822,4.748,4.351,4.73,4.586,4.388999999999999,4.698
25,H5'',4.021,4.178999999999999,4.119,3.904,3.932,4.162,3.983,4.013,3.983,3.898
25,H6,8.371,8.13,7.843999999999999,7.756,8.184,7.797000000000001,8.222999999999999,8.016,8.391,8.26
25,HO2',4.379,4.202,2.861,2.983,3.074,3.2489999999999997,3.373,3.0810000000000004,3.2439999999999998,3.091
25,N1,177.49900000000002,178.56,174.085,175.937,174.834,176.579,172.155,175.705,176.87900000000002,171.672
25,N3,179.995,181.895,180.407,179.752,176.93,187.98,177.704,177.86700000000002,176.7,180.192
25,P,-22.175,-20.254,-20.51,-21.035,-19.714000000000002,-18.492,-18.534000000000002,-19.623,-22.191,-20.916999999999998
26,C1',99.723,99.48100000000001,98.632,104.23700000000001,100.307,101.09100000000001,100.59,100.195,98.512,100.057
26,C2,146.224,147.30700000000002,147.191,145.707,145.92,145.666,146.67700000000002,146.358,146.734,146.983
26,C2',79.465,78.88,78.627,80.143,79.098,78.343,77.928,80.763,78.845,78.654
26,C3',76.234,76.265,76.126,81.07300000000001,76.65,75.097,76.541,78.577,76.058,76.956
26,C4,149.264,149.691,149.726,150.02100000000002,149.498,150.247,149.43,148.748,149.464,149.528
26,C4',84.652,82.551,82.43700000000001,86.73299999999999,83.926,86.323,85.0,84.661,83.664,85.01700000000001
26,C5,119.13799999999999,119.82799999999999,119.885,117.714,119.71,118.62,118.54,119.031,118.89200000000001,118.78200000000001
26,C5',66.975,66.92699999999999,67.618,72.115,67.248,67.96600000000001,67.601,67.32,66.699,67.862
26,C6,154.602,154.73,155.342,155.27700000000002,155.045,154.124,155.25799999999998,155.373,155.145,154.567
26,C8,131.042,131.656,131.929,132.09799999999998,132.055,132.531,131.636,131.608,131.933,132.475
26,H1,13.01,13.187999999999999,13.367,12.745,12.663,12.796,12.681,13.19,12.747,12.649000000000001
26,H1',6.3660000000000005,6.226,6.372000000000001,6.44,6.257000000000001,6.475,6.367999999999999,6.229,6.256,6.351
26,H21,8.145,7.704,7.821000000000001,7.632000000000001,7.7010000000000005,9.192,8.44,8.437000000000001,8.275,8.609
26,H22,4.515,4.583,4.436,4.3389999999999995,4.194,4.315,4.492,4.348,4.348,4.829
26,H2',4.418,4.4,4.636,4.88,5.005,4.692,4.823,3.9619999999999997,4.374,4.829
26,H3',5.1610000000000005,5.064,5.204,4.81,5.443,5.376,5.417999999999999,5.3420000000000005,5.074,5.377999999999999
26,H4',4.7589999999999995,4.689,4.721,5.026,4.737,4.643,4.687,4.795,4.604,4.664
26,H5',4.782,4.49,4.6930000000000005,4.353,4.533,4.293,4.434,4.54,4.574,4.779
26,H5'',3.9810000000000003,4.053999999999999,4.05,4.546,4.031000000000001,4.0889999999999995,3.9760000000000004,4.048,4.056,3.946
26,H8,7.897,7.737,7.689,7.457000000000001,7.818,7.5360000000000005,7.5760000000000005,7.825,7.916,7.912999999999999
26,HO2',4.658,4.641,4.08,4.069,2.767,4.33,4.047,2.7230000000000003,4.484,3.904
26,N1,155.749,157.339,157.138,154.893,157.225,157.107,156.534,157.128,156.632,158.513
26,N2,88.71799999999999,90.166,89.057,89.04799999999999,87.006,89.11200000000001,89.242,89.165,87.257,91.898
26,N3,179.30900000000003,181.16,180.30900000000003,177.579,177.378,175.97400000000002,175.52,176.442,179.07299999999998,180.43599999999998
26,N7,250.563,252.40400000000002,250.767,252.59599999999998,251.023,251.03400000000002,248.704,246.453,251.82,248.888
26,N9,189.63299999999998,189.111,189.46200000000002,189.083,187.923,190.61599999999999,188.71200000000002,187.56400000000002,191.02900000000002,189.685
26,P,-19.84,-19.979,-21.014,-21.712,-20.936999999999998,-18.026,-19.804000000000002,-20.15,-19.644000000000002,-21.6
27,C1',101.669,100.781,99.45700000000001,101.65700000000001,101.537,102.046,100.331,100.079,98.616,101.471
27,C2,148.58,148.599,148.368,150.44299999999998,148.429,147.92700000000002,148.541,148.15,148.938,148.804
27,C2',81.79,82.583,81.343,80.113,80.771,79.317,80.104,80.142,78.961,80.146
27,C3',76.979,78.40899999999999,77.344,75.058,77.55199999999999,76.332,75.21600000000001,79.46300000000001,76.854,75.967
27,C4,146.143,144.94799999999998,146.364,146.415,146.582,147.036,146.756,145.819,146.037,146.379
27,C4',86.255,87.305,86.21,85.914,85.477,85.00200000000001,85.85700000000001,85.215,84.38600000000001,85.99799999999999
27,C5,119.04,118.089,119.256,118.318,118.539,118.635,118.60700000000001,118.59899999999999,118.43299999999999,118.34100000000001
27,C5',66.669,66.64,66.89399999999999,67.947,69.421,67.873,68.322,67.991,67.58,67.915
27,C6,148.491,148.08,148.398,147.757,147.548,148.31,148.664,147.731,147.567,147.917
27,C8,134.38,135.115,135.125,134.18200000000002,135.043,135.498,135.27100000000002,136.584,135.372,135.181
27,H1',6.736000000000001,6.824,6.785,6.816,6.749,6.832999999999999,6.9479999999999995,6.843,6.695,6.84
27,H2,7.962000000000001,8.116,7.9510000000000005,8.272,8.033999999999999,7.9270000000000005,7.954,7.892,7.992999999999999,8.101
27,H2',5.032,5.641,4.965,5.216,5.497999999999999,5.347,5.059,5.187,5.395,5.228
27,H3',5.252000000000001,5.0089999999999995,5.242000000000001,5.197,5.242999999999999,5.047,5.22,5.153,5.295,5.035
27,H4',4.869,4.837,4.803,4.721,4.9830000000000005,4.82,4.794,4.916,4.92,4.727
27,H5',4.558,4.461,4.56,4.545,4.63,4.5360000000000005,4.531000000000001,4.527,4.5489999999999995,4.428999999999999
27,H5'',4.093,4.11,4.141,4.158,4.087,4.162,4.1739999999999995,4.163,4.14,4.195
27,H61,9.844,8.575,9.412,9.334,10.115,9.343,9.666,9.515,10.26,9.432
27,H62,5.843999999999999,5.8229999999999995,5.8660000000000005,5.5920000000000005,5.348,5.67,5.795,5.671,5.546,5.619
27,H8,8.116,8.133,8.155,7.928999999999999,8.016,8.013,8.172,8.22,8.13,8.077
27,HO2',3.1519999999999997,2.98,3.053,4.206,3.103,4.4030000000000005,4.584,3.1719999999999997,3.201,4.391
27,N1,224.243,224.533,223.949,224.665,222.475,224.32299999999998,223.459,221.998,221.074,222.864
27,N3,233.477,232.405,233.05900000000003,233.968,233.43200000000002,238.071,235.63400000000001,232.639,230.438,235.435
27,N6,108.956,106.537,108.721,102.68799999999999,108.944,105.038,104.037,106.46600000000001,109.029,106.447
27,N7,242.701,241.5,242.97099999999998,244.003,242.72299999999998,244.77,245.18,236.94,244.44299999999998,245.47299999999998
27,N9,191.683,190.481,190.377,194.80900000000003,193.16,193.41,195.40900000000002,188.857,190.205,194.69299999999998
27,P,-21.561,-21.015,-21.072,-20.258,-20.232,-18.623,-21.163,-20.437,-19.741,-19.439
28,C1',102.198,100.194,102.67399999999999,100.854,100.387,99.025,100.20100000000001,102.57,101.06,100.523
28,C2,145.562,145.238,145.704,145.157,144.878,144.986,145.143,145.616,145.262,145.125
28,C2',80.071,80.476,79.634,80.671,80.589,79.937,80.785,79.26899999999999,79.352,80.78699999999999
28,C3',87.34899999999999,83.227,87.814,76.422,76.702,77.108,77.502,78.483,78.05,76.535
28,C4,149.136,149.61700000000002,149.567,147.779,148.156,147.789,148.216,149.27100000000002,149.094,147.817
28,C4',80.977,84.68299999999999,80.637,84.14,83.958,83.905,84.072,85.391,85.135,84.425
28,C5,119.928,119.95100000000001,119.848,119.515,119.785,119.586,119.384,120.04,119.70200000000001,119.664
28,C5',70.061,71.01,70.597,67.126,67.285,66.593,66.959,67.452,66.50399999999999,66.548
28,C6,152.92700000000002,153.828,153.60299999999998,153.168,153.099,153.35399999999998,153.20600000000002,153.60299999999998,153.613,153.121
28,C8,130.80100000000002,130.144,129.78,129.357,129.579,130.041,129.14700000000002,130.287,130.68200000000002,129.489
28,H1,12.630999999999998,12.65,13.065,12.901,12.705,12.713,13.0,12.865,12.539000000000001,12.773
28,H1',6.352,5.903,6.428999999999999,6.242000000000001,6.269,6.271,6.468,6.377999999999999,6.325,6.334
28,H21,4.897,4.744,4.927,4.783,4.596,4.506,4.7780000000000005,4.645,4.48,4.513
28,H22,5.164,4.819,5.212000000000001,4.965,4.905,5.013999999999999,5.232,5.002,4.979,4.908
28,H2',5.564,5.504,5.215,4.919,4.887,4.745,4.965,5.0569999999999995,5.228,4.9
28,H3',4.619,4.386,4.445,4.831,4.9430000000000005,4.904,4.748,4.918,4.973,4.917
28,H4',5.12,5.43,5.091,4.802,4.871,4.803999999999999,4.842,4.829,4.8389999999999995,4.812
28,H5',4.82,4.564,4.717,4.516,4.584,4.667,4.39,4.289,4.323,4.559
28,H5'',4.327,4.113,4.297,4.018,4.0169999999999995,4.05,4.04,4.099,4.015,4.0169999999999995
28,H8,7.343,6.678999999999999,7.122000000000001,7.047999999999999,7.062,7.172999999999999,7.233,7.111000000000001,7.3839999999999995,7.15
28,HO2',2.792,2.964,2.93,3.218,3.072,3.0860000000000003,3.187,2.958,2.932,3.198
28,N1,158.923,160.614,158.563,157.852,159.088,159.201,158.172,160.394,160.72799999999998,158.227
28,N2,89.135,90.198,91.475,88.39299999999999,86.801,88.603,89.042,89.626,87.53299999999999,87.713
28,N3,182.726,183.702,183.516,180.729,182.645,178.986,180.493,184.30900000000003,180.864,180.59900000000002
28,N7,252.007,252.488,250.834,251.158,249.87900000000002,250.21400000000003,252.00400000000002,248.13099999999997,247.77700000000002,251.514
28,N9,186.886,187.679,187.081,186.48,187.64,185.422,185.84900000000002,185.505,185.843,186.722
28,P,-20.116,-19.062,-21.118000000000002,-17.994,-17.658,-17.546,-17.445,-19.102999999999998,-18.996,-18.797
29,C1',102.085,100.35600000000001,103.646,101.586,102.626,102.928,100.84,101.70299999999999,100.382,101.995
29,C2,154.158,154.407,153.781,154.49,154.844,154.88299999999998,154.61,153.899,154.496,154.597
29,C2',79.87899999999999,79.705,79.69,81.402,81.811,81.816,79.33,81.331,81.702,81.267
29,C3',75.376,76.487,74.624,76.926,77.83800000000001,77.721,77.057,76.92699999999999,77.223,77.256
29,C4,154.623,154.616,154.248,154.989,154.436,154.416,154.60299999999998,154.32299999999998,154.66899999999998,154.98
29,C4',85.432,84.321,86.477,84.838,85.258,85.581,85.083,86.271,84.545,85.014
29,C5,96.075,95.585,94.814,97.432,96.79299999999999,96.669,96.204,94.725,95.594,96.521
29,C5',66.837,67.005,67.999,66.241,66.098,67.437,66.135,69.432,67.441,66.253
29,C6,139.67600000000002,140.77,139.564,138.536,139.144,139.153,140.181,140.026,139.664,139.194
29,H1',6.571000000000001,6.369,6.728,6.518,6.403,6.367000000000001,6.46,6.666,6.404,6.414
29,H2',4.74,4.765,4.58,4.916,4.96,4.923,4.828,4.524,4.672,4.88
29,H3',4.962,5.138999999999999,4.989,4.698,4.949,4.9639999999999995,4.976,5.053999999999999,5.183,4.777
29,H41,9.179,9.432,9.095,9.149,9.255,9.193,9.387,8.722999999999999,9.05,9.402999999999999
29,H42,4.8839999999999995,4.8839999999999995,4.885,5.053,5.102,5.083,5.075,4.961,4.8660000000000005,5.024
29,H4',4.765,4.832,4.865,4.709,4.894,4.891,4.7989999999999995,4.953,4.794,4.724
29,H5,4.808,4.766,4.895,4.966,4.882,4.913,5.151,4.937,4.893,4.952
29,H5',4.88,4.775,4.901,4.831,4.91,4.368,4.9239999999999995,4.874,5.011,4.859
29,H5'',3.946,3.988,3.86,3.825,3.841,3.923,3.792,3.912,3.9410000000000003,3.844
29,H6,7.77,7.962000000000001,7.957999999999999,7.585,7.765,7.76,7.877000000000001,8.017000000000001,7.837999999999999,7.593999999999999
29,HO2',3.8939999999999997,2.951,4.062,4.0489999999999995,3.0460000000000003,3.1069999999999998,3.193,2.985,3.137,3.863
29,N1,174.56799999999998,172.46599999999998,176.162,175.035,173.574,173.486,172.47,174.918,173.30700000000002,174.822
29,N3,214.55200000000002,215.393,214.81900000000002,215.775,215.912,216.227,216.543,216.123,216.329,214.49400000000003
29,N4,110.637,111.34200000000001,109.87299999999999,111.135,113.16,113.306,112.56700000000001,110.654,111.818,111.588
29,P,-19.834,-20.33,-20.88,-22.182,-21.193,-22.623,-21.717,-21.014,-23.174,-21.688000000000002
30,C1',100.085,102.51799999999999,100.85700000000001,106.02799999999999,105.54,103.99,102.766,105.564,104.559,106.391
30,C2,154.196,154.002,153.88299999999998,155.85299999999998,154.914,155.457,155.032,155.315,154.899,155.267
30,C2',79.53399999999999,80.222,79.07600000000001,80.399,79.82300000000001,79.133,81.369,80.66199999999999,80.542,80.432
30,C3',76.679,75.8,76.774,82.368,82.101,82.917,76.10600000000001,81.954,82.212,82.78399999999999
30,C4,153.782,153.077,153.586,153.975,153.222,153.282,154.72799999999998,154.111,153.505,154.529
30,C4',84.96700000000001,86.31200000000001,85.045,84.014,84.081,83.564,84.821,84.913,84.633,84.027
30,C5,96.63600000000001,95.79700000000001,97.414,97.679,98.381,98.589,96.34,98.37799999999999,98.307,96.58
30,C5',66.732,67.337,66.11399999999999,73.438,73.574,73.382,67.594,73.738,73.69800000000001,73.317
30,C6,140.257,139.82,140.365,139.995,138.865,139.079,139.701,137.952,137.804,142.002
30,H1',6.452999999999999,6.621,6.579,6.296,6.417999999999999,6.621,6.4910000000000005,6.556,6.462999999999999,6.227
30,H2',4.999,5.23,5.091,5.725,5.631,5.48,5.182,5.452000000000001,5.446000000000001,5.644
30,H3',4.638999999999999,4.809,4.702,4.112,4.106,4.037,4.947,4.0969999999999995,4.168,4.133
30,H41,9.889,9.533999999999999,9.637,9.767999999999999,9.812000000000001,9.679,9.943999999999999,10.121,10.036,10.051
30,H42,4.522,4.6080000000000005,4.6,4.796,4.959,5.015,4.56,4.8389999999999995,4.864,4.646
30,H4',4.869,4.9510000000000005,4.838,5.104,5.169,5.165,4.912,5.127000000000001,5.157,5.13
30,H5,5.404,5.252999999999999,5.397,5.372999999999999,5.291,5.3,4.993,5.475,5.343,5.295
30,H5',4.547,4.268,4.553999999999999,4.527,4.447,4.488,4.394,4.438,4.466,4.502
30,H5'',3.9610000000000003,4.011,4.056,4.603,4.543,4.3469999999999995,3.9130000000000003,4.399,4.46,4.64
30,H6,8.079,8.105,8.13,7.917999999999999,7.519,7.4670000000000005,7.856,7.41,7.428999999999999,8.488999999999999
30,HO2',3.105,3.227,3.095,3.279,3.0239999999999996,3.1310000000000002,3.225,3.154,3.17,3.327
30,N1,169.817,172.593,170.65,170.205,170.24099999999999,169.68,172.907,171.21400000000003,169.58599999999998,170.27900000000002
30,N3,214.021,211.18,213.87,213.46599999999998,212.99099999999999,213.187,210.04,214.995,213.648,212.037
30,N4,115.12700000000001,115.95,114.85700000000001,114.613,117.538,118.47399999999999,113.399,116.573,117.43799999999999,110.51100000000001
30,P,-22.263,-22.500999999999998,-20.874000000000002,-18.21,-18.948,-19.087,-20.419,-20.234,-17.583,-16.816
33,C1',101.13799999999999,99.17399999999999,99.831,100.02799999999999,99.33200000000001,100.291,99.291,99.791,99.337,99.8
33,C2,145.90200000000002,146.167,146.144,146.52700000000002,146.30200000000002,146.50799999999998,146.415,146.387,146.15,146.843
33,C2',80.806,79.184,79.87899999999999,79.311,79.517,79.30199999999999,80.337,79.892,78.878,79.403
33,C3',81.82300000000001,77.233,78.455,79.206,79.23100000000001,78.229,78.097,80.001,79.572,79.845
33,C4,149.364,150.191,149.29399999999998,148.916,148.822,149.174,148.339,148.714,148.691,149.215
33,C4',83.15799999999999,83.056,83.805,83.46600000000001,83.367,85.319,84.353,85.471,82.521,83.169
33,C5,118.75,119.21799999999999,118.462,118.42399999999999,118.316,118.256,119.34700000000001,118.45200000000001,119.13799999999999,117.74700000000001
33,C5',74.00399999999999,63.864,64.506,65.126,64.297,64.62899999999999,65.06,65.441,64.533,64.661
33,C6,154.829,154.356,154.256,154.062,153.842,154.351,154.63299999999998,154.222,154.27200000000002,153.993
33,C8,132.513,132.82399999999998,132.762,133.38299999999998,132.884,133.041,132.66,133.41899999999998,132.654,133.411
33,H1,11.877,11.958,11.789000000000001,11.767999999999999,11.924000000000001,11.997,12.179,11.878,12.05,12.155999999999999
33,H1',5.359,5.416,5.695,5.585,5.629,5.529,5.7860000000000005,5.795,5.712999999999999,5.632999999999999
33,H21,7.965,9.019,8.431000000000001,7.882000000000001,8.543,8.519,8.442,8.272,8.442,8.082
33,H22,4.862,4.727,4.91,4.975,4.801,4.841,4.916,4.871,4.921,4.879
33,H2',5.242000000000001,5.276,5.309,5.399,5.287000000000001,5.403,4.986000000000001,4.984,5.337999999999999,5.404
33,H3',4.697,4.838,4.9,4.859,4.928,4.735,4.891,4.801,4.904,4.922
33,H4',4.962,4.685,4.68,4.65,4.706,4.677,4.691,4.526,4.663,4.716
33,H5',4.623,4.183,4.091,4.183,4.433,4.32,4.33,4.448,4.364,4.261
33,H5'',4.351,4.067,3.998,4.033,4.055,4.002,4.012,4.088,4.0489999999999995,4.103
33,H8,7.599,7.938,8.072000000000001,8.186,8.202,8.171,8.207,8.152000000000001,8.107999999999999,8.132
33,HO2',2.847,2.99,3.011,3.003,2.889,2.9939999999999998,3.148,2.964,2.986,3.009
33,N1,156.534,157.392,155.422,156.42,157.661,157.308,155.52700000000002,156.2,157.97,156.39
33,N2,87.20200000000001,88.12200000000001,89.07600000000001,87.646,86.80799999999999,87.473,88.087,87.03200000000001,87.113,89.495
33,N3,187.463,184.173,182.291,182.791,183.446,181.84400000000002,180.44,181.854,179.757,182.783
33,N7,251.257,250.528,252.174,245.105,245.571,246.343,246.93900000000002,244.412,244.94799999999998,247.535
33,N9,189.24,188.548,189.11900000000003,187.84099999999998,187.264,185.549,186.69099999999997,185.18400000000003,186.261,189.002
33,P,-14.724,-17.072,-16.927,-16.628,-16.785,-18.185,-18.089000000000002,-17.65,-17.465,-17.892
34,C1',101.49,101.27,103.146,98.87,99.411,101.44200000000001,99.28200000000001,102.50200000000001,100.94,98.99799999999999
34,C2,146.159,145.996,145.803,146.083,146.174,146.247,146.017,145.864,146.13299999999998,145.864
34,C2',78.206,78.057,77.791,79.57300000000001,79.76100000000001,80.35300000000001,79.827,79.036,78.065,79.527
34,C3',76.531,76.775,76.125,78.616,78.36399999999999,77.98,77.686,77.344,77.146,78.52199999999999
34,C4,150.695,149.90200000000002,151.05,149.929,149.983,150.181,149.36,150.903,149.423,149.85
34,C4',85.84700000000001,84.926,86.802,83.719,83.89299999999999,83.99600000000001,84.118,85.84899999999999,85.79799999999999,84.071
34,C5,118.564,118.57,119.054,118.929,119.2,119.156,119.454,119.666,119.081,118.93299999999999
34,C5',65.436,65.18,63.917,65.556,65.67,65.678,65.069,65.03699999999999,64.467,65.872
34,C6,154.996,154.57399999999998,154.588,155.21,155.439,155.321,154.826,155.06,154.761,155.22
34,C8,131.3,131.641,131.72,132.041,131.72299999999998,131.25799999999998,131.626,130.922,131.405,131.127
34,H1,11.985,11.763,11.965,12.205,12.092,11.952,12.492,11.98,11.814,12.419
34,H1',6.337999999999999,6.263999999999999,6.162000000000001,6.263999999999999,6.215,6.269,6.307,6.206,6.127999999999999,6.239
34,H21,8.25,7.8,8.421,8.44,7.792999999999999,7.3629999999999995,7.792000000000001,8.323,8.079,8.208
34,H22,4.295,4.438,4.124,4.342,4.385,4.3660000000000005,4.246,4.229,4.544,4.32
34,H2',5.046,4.775,4.748,3.903,3.813,4.181,4.68,4.176,4.466,4.087
34,H3',5.29,5.2410000000000005,5.153,5.185,5.22,5.245,5.277,5.202000000000001,5.2170000000000005,5.1610000000000005
34,H4',4.6339999999999995,4.556,4.425,4.756,4.712,4.843,4.801,4.763,4.484,4.747
34,H5',4.928999999999999,4.886,4.82,4.945,4.9110000000000005,4.968,5.002,4.309,4.896,4.9430000000000005
34,H5'',3.783,3.8169999999999997,4.047,3.908,3.886,3.9219999999999997,3.86,4.055,3.886,3.877
34,H8,7.278,7.196000000000001,6.986000000000001,7.394,7.2139999999999995,7.2,7.197,7.042000000000001,7.202999999999999,7.516
34,HO2',3.7680000000000002,4.062,4.03,2.8819999999999997,2.8480000000000003,2.765,2.957,2.545,3.6069999999999998,2.832
34,N1,157.781,157.506,158.15200000000002,158.19,158.72299999999998,158.00799999999998,155.504,159.657,158.907,157.361
34,N2,89.95,93.287,89.074,92.446,89.08200000000001,87.986,87.85799999999999,89.99700000000001,91.95200000000001,92.935
34,N3,182.002,180.94400000000002,183.081,181.94400000000002,181.924,182.975,176.27900000000002,184.582,181.287,181.83900000000003
34,N7,253.28900000000002,249.967,250.48,250.423,249.378,251.67700000000002,250.757,252.27900000000002,251.418,251.4
34,N9,187.48,187.437,188.0,186.109,186.524,188.12,185.433,186.94,186.605,186.641
34,P,-20.978,-20.930999999999997,-19.463,-19.889,-20.093,-19.732,-19.879,-20.189,-20.135,-20.859
35,C1',101.58,101.443,102.73200000000001,99.03399999999999,99.191,99.68700000000001,102.271,101.81700000000001,99.178,101.367
35,C2,149.10399999999998,149.264,148.429,148.278,148.118,147.887,148.529,147.997,148.852,148.308
35,C2',80.12,81.215,79.749,80.639,80.544,80.273,81.925,80.551,81.15,80.985
35,C3',75.32300000000001,77.211,76.092,78.354,78.324,77.794,76.671,78.484,77.607,77.74
35,C4,146.92,146.5,147.278,145.65200000000002,145.558,145.81799999999998,146.045,147.112,146.783,146.094
35,C4',86.24700000000001,85.93700000000001,85.652,85.50399999999999,85.501,85.335,85.837,84.538,85.59700000000001,85.539
35,C5,118.725,119.512,118.443,118.522,118.491,118.53399999999999,118.835,119.23299999999999,119.449,118.53200000000001
35,C5',67.812,68.0,68.08800000000001,66.771,67.423,67.943,67.492,69.957,67.581,66.501
35,C6,148.27700000000002,149.25,148.614,147.872,147.915,147.79399999999998,148.55200000000002,148.341,148.201,148.10399999999998
35,C8,134.96,134.88299999999998,135.14700000000002,136.885,137.269,136.877,135.365,136.501,136.039,136.47299999999998
35,H1',6.831,6.855,6.785,6.8389999999999995,6.877999999999999,6.768,6.696000000000001,6.807,6.86,6.777
35,H2,7.978,7.9479999999999995,7.888,8.059,8.094,8.036,7.937,8.057,8.137,8.058
35,H2',5.211,5.336,5.393,4.7860000000000005,4.91,4.98,5.284,5.3660000000000005,4.9319999999999995,4.997
35,H3',5.183,5.183,5.155,5.376,5.52,5.421,5.178,5.2410000000000005,5.4079999999999995,5.392
35,H4',4.723,4.832,4.8180000000000005,4.819,4.843,4.879,4.877,4.98,4.782,4.883
35,H5',4.533,4.444,4.593999999999999,4.522,4.562,4.583,4.374,4.499,4.493,4.474
35,H5'',4.194,4.169,4.169,4.169,4.25,4.127,4.103,4.127,4.217,4.207
35,H61,9.834,10.011000000000001,9.977,9.919,9.765,9.794,10.007,9.41,9.065,9.946
35,H62,5.747000000000001,5.89,5.699,5.539,5.751,5.71,5.7010000000000005,5.622999999999999,5.85,5.785
35,H8,8.092,8.263,7.976,8.208,8.179,8.253,8.056000000000001,8.38,8.371,8.18
35,HO2',4.399,3.325,4.467,3.15,3.3289999999999997,3.0580000000000003,3.123,3.113,3.092,3.0060000000000002
35,N1,222.729,224.858,223.392,222.15400000000002,223.815,222.77700000000002,221.90099999999998,224.975,226.58,223.33
35,N3,236.183,235.611,237.18200000000002,232.56,231.709,232.40900000000002,231.954,236.576,236.891,234.891
35,N6,102.685,101.64399999999999,102.69,104.969,104.694,103.68,105.20299999999999,105.12299999999999,104.132,104.556
35,N7,244.937,243.87099999999998,246.105,238.519,236.94099999999997,235.868,242.738,241.206,243.51,236.96200000000002
35,N9,194.69,192.363,194.15400000000002,189.252,189.956,190.065,193.187,193.95,191.12900000000002,191.268
35,P,-20.916999999999998,-21.162,-20.662,-20.776999999999997,-20.822,-21.855999999999998,-20.564,-20.505,-20.410999999999998,-20.771
36,C1',100.351,100.931,98.588,101.66799999999999,102.508,102.7,101.90100000000001,98.119,99.671,102.044
36,C2,144.822,145.21,144.73,145.27700000000002,145.793,145.66899999999998,144.216,144.753,145.418,145.504
36,C2',80.445,80.118,79.815,79.045,79.611,79.03399999999999,79.722,80.009,80.137,79.013
36,C3',76.20100000000001,75.293,77.031,78.51,78.487,79.141,87.139,76.694,76.81,78.59899999999999
36,C4,147.83100000000002,148.213,147.718,148.808,148.661,149.63299999999998,149.131,147.71200000000002,148.194,149.241
36,C4',84.40899999999999,84.83200000000001,84.055,85.101,84.274,84.486,81.044,84.14,83.887,85.146
36,C5,119.681,119.329,119.516,119.34700000000001,119.565,119.551,120.147,118.95200000000001,118.925,118.787
36,C5',66.547,65.683,66.257,66.936,67.479,67.1,70.521,67.62899999999999,67.211,68.124
36,C6,153.493,153.895,153.474,152.315,152.15200000000002,153.684,154.14700000000002,153.078,152.08,153.138
36,C8,129.74,129.912,130.263,131.542,131.343,130.128,130.37,130.32399999999998,130.286,131.175
36,H1,12.683,12.565999999999999,12.879000000000001,12.440999999999999,12.729000000000001,12.915999999999999,12.91,12.642999999999999,12.652000000000001,12.571
36,H1',6.4270000000000005,6.29,6.41,6.3839999999999995,6.425,6.416,6.187,6.406000000000001,6.31,6.325
36,H21,4.48,4.748,4.45,4.927,4.829,4.887,5.007,4.498,4.76,5.006
36,H22,5.129,4.973,5.118,5.109,5.1610000000000005,5.191,5.002,5.17,5.191,4.899
36,H2',5.007,4.672,4.996,5.546,5.226,5.215,5.644,4.947,5.367999999999999,5.42
36,H3',4.982,4.955,4.9719999999999995,4.8919999999999995,4.982,4.806,4.663,4.939,4.861000000000001,4.997
36,H4',4.823,4.53,4.819,4.836,4.915,4.853,5.05,4.845,4.8839999999999995,4.802
36,H5',4.541,4.883,4.688,4.314,4.365,4.323,4.901,4.61,4.291,4.337
36,H5'',4.0760000000000005,4.022,4.042,4.037,4.1160000000000005,4.073,4.314,3.9739999999999998,4.02,3.978
36,H8,7.247999999999999,6.7139999999999995,7.3,7.652,7.4910000000000005,7.331,7.239,7.024,7.11,7.627999999999999
36,HO2',3.306,4.1339999999999995,2.965,2.972,2.9610000000000003,2.958,2.8739999999999997,2.952,3.0610000000000004,2.815
36,N1,158.764,159.785,158.55,159.70600000000002,159.658,159.45,158.922,159.361,158.02200000000002,158.91299999999998
36,N2,87.257,88.53299999999999,87.36399999999999,89.057,87.46700000000001,91.147,92.866,89.405,87.363,91.053
36,N3,179.623,181.02700000000002,178.921,180.793,182.83599999999998,183.895,181.37400000000002,179.042,180.528,181.459
36,N7,252.329,252.704,251.248,247.382,248.282,249.945,250.607,251.296,252.984,249.338
36,N9,186.896,189.106,185.855,185.52200000000002,186.18599999999998,185.99099999999999,187.19799999999998,185.868,186.62900000000002,185.894
36,P,-19.171,-17.89,-18.701,-18.354,-18.019000000000002,-19.781,-19.602,-19.180999999999997,-18.062,-19.000999999999998
37,C1',100.288,104.54700000000001,103.72200000000001,101.315,102.947,104.014,100.55,102.434,101.259,100.37299999999999
37,C2,154.142,155.188,155.09,154.455,154.304,153.268,154.089,153.543,154.381,153.434
37,C2',79.12,79.587,79.779,80.08,79.942,80.433,80.074,79.334,78.78399999999999,79.763
37,C3',76.979,76.38,76.632,76.653,76.52,74.721,75.833,76.574,76.508,77.002
37,C4,154.216,154.241,154.54,154.764,154.351,154.79,154.82,153.977,154.42700000000002,154.125
37,C4',85.315,85.751,85.54799999999999,86.48899999999999,85.539,86.191,84.84299999999999,85.059,84.133,85.12299999999999
37,C5,98.31,97.617,98.071,97.639,97.405,95.09700000000001,96.587,97.675,98.25399999999999,97.745
37,C5',66.296,65.643,66.495,66.623,68.22399999999999,69.141,67.205,66.685,66.355,67.773
37,C6,139.657,139.733,139.178,139.08700000000002,138.69299999999998,139.19799999999998,140.244,139.161,140.289,139.776
37,H1',6.365,6.369,6.3660000000000005,6.67,6.421,6.72,6.497999999999999,6.436,6.496,6.529
37,H2',5.239,5.381,5.263,4.806,5.226,4.502,5.1339999999999995,5.367000000000001,5.321000000000001,5.006
37,H3',4.756,4.699,4.753,4.878,4.898,4.968,5.125,4.746,4.675,5.103
37,H41,9.25,8.917,8.785,9.165,9.477,8.789,9.308,9.05,9.604,9.48
37,H42,4.821000000000001,4.98,4.869,4.7860000000000005,4.7219999999999995,5.087,4.676,4.769,4.753,4.6419999999999995
37,H4',4.827,4.745,4.793,4.774,4.867,4.795,4.772,4.84,4.848,4.843
37,H5,5.0089999999999995,5.003,5.025,4.898,4.978,5.101,4.986000000000001,5.141,5.121,4.971
37,H5',4.769,4.504,4.229,4.928999999999999,4.6739999999999995,4.792,4.743,4.2219999999999995,4.71,4.845
37,H5'',3.872,4.144,4.131,4.026,3.978,4.013999999999999,3.9160000000000004,4.01,3.911,3.912
37,H6,7.774,7.711,7.506,7.447,7.662000000000001,7.999,7.925,7.76,7.731,7.928
37,HO2',3.09,3.2239999999999998,3.148,3.609,2.971,4.038,3.341,3.1310000000000002,3.147,3.137
37,N1,170.80700000000002,174.555,174.046,171.864,172.515,176.183,171.578,171.832,172.095,171.66099999999997
37,N3,212.075,214.774,213.56,215.373,213.44799999999998,215.637,213.46099999999998,211.678,213.82299999999998,211.856
37,N4,110.749,109.412,110.461,108.11,110.64399999999999,106.431,109.728,110.45700000000001,111.414,110.569
37,P,-21.543000000000003,-21.647,-20.645,-20.914,-19.6,-19.073,-20.266,-20.837,-21.055999999999997,-21.54
38,C1',101.906,99.649,97.306,101.771,102.896,100.426,104.37799999999999,101.219,101.64399999999999,99.955
38,C2,152.3,152.041,150.764,151.786,151.284,150.878,155.16299999999998,151.22299999999998,152.783,150.82399999999998
38,C2',81.66,82.303,80.899,79.689,79.29899999999999,77.384,78.425,79.332,81.067,80.068
38,C3',77.24,76.181,77.538,76.32300000000001,76.76,75.82300000000001,79.627,76.415,76.65100000000001,77.419
38,C4,159.69299999999998,159.916,159.21200000000002,158.872,159.624,160.859,159.685,159.486,159.918,159.264
38,C4',85.47200000000001,83.12700000000001,82.93299999999999,85.07600000000001,86.804,84.882,84.29299999999999,85.70200000000001,83.734,86.902
38,C5,108.197,109.18,108.083,107.601,107.462,106.71700000000001,106.421,108.48,108.82,107.161
38,C5',67.387,65.906,65.939,68.322,65.623,64.815,67.93,65.304,65.596,67.38600000000001
38,C6,139.137,139.889,140.189,139.127,139.393,139.25,139.408,139.265,140.08700000000002,139.108
38,H1',6.645,6.537999999999999,6.495,6.337999999999999,6.301,6.315,6.343999999999999,6.332999999999999,6.528,6.836
38,H2',4.998,4.758,4.74,5.353,5.531000000000001,5.747999999999999,5.638,5.167999999999999,5.046,4.854
38,H3,11.972000000000001,12.285,12.363,11.982000000000001,12.585,9.728,12.334000000000001,12.097999999999999,12.573,12.530999999999999
38,H3',4.863,4.947,5.129,4.992,4.93,4.587,4.761,4.975,4.763,5.114
38,H4',4.968999999999999,4.891,4.885,4.926,4.789,4.863,5.0089999999999995,4.781000000000001,4.939,4.987
38,H5,5.664,5.867999999999999,5.5889999999999995,5.2589999999999995,5.349,5.365,5.033,5.205,5.678,5.62
38,H5',4.266,4.615,4.75,4.404,4.83,4.655,4.5969999999999995,4.603,4.242,4.493
38,H5'',4.018,3.96,3.955,3.971,3.9160000000000004,3.977,4.059,3.984,3.9730000000000003,4.012
38,H6,8.512,8.675,8.513,8.417,8.449,8.046,7.711,8.177999999999999,8.322000000000001,8.533999999999999
38,HO2',3.3539999999999996,3.345,3.014,3.213,3.0060000000000002,3.299,3.049,3.2030000000000003,3.3080000000000003,2.971
38,N1,174.734,175.623,174.977,174.49099999999999,173.22400000000002,170.515,175.188,174.09,175.687,170.828
38,N3,182.995,183.375,187.321,181.637,180.94,180.773,185.888,182.94299999999998,181.21599999999998,181.78099999999998
38,P,-20.646,-20.598000000000003,-20.953000000000003,-21.119,-20.14,-19.974,-17.967,-17.839000000000002,-20.916999999999998,-21.239
39,C1',103.67,103.416,103.445,99.462,101.76899999999999,100.1,102.12799999999999,102.60799999999999,103.244,102.935
39,C2,155.026,155.246,155.445,152.675,154.542,153.885,152.333,152.408,155.129,154.548
39,C2',79.587,79.808,83.265,78.919,79.723,79.32300000000001,79.804,80.68,79.707,80.259
39,C3',77.906,78.01100000000001,82.303,77.03399999999999,76.65,77.612,77.176,77.505,77.316,76.914
39,C4,154.983,155.303,155.394,153.485,153.839,154.309,151.832,152.02100000000002,154.45,155.45
39,C4',85.448,85.485,83.586,84.60799999999999,83.956,83.036,85.97,87.244,86.398,85.01
39,C5,94.725,94.176,99.62,95.436,95.154,97.085,94.51799999999999,95.035,93.944,96.055
39,C5',66.83,67.612,73.057,66.304,66.695,66.402,67.307,67.303,66.984,67.673
39,C6,139.183,141.09799999999998,138.657,141.14,140.778,141.14600000000002,140.967,141.167,140.072,139.596
39,H1',6.193,6.2170000000000005,6.394,6.489,6.496,6.321000000000001,6.484,6.5329999999999995,6.398,6.606
39,H2',4.869,4.874,5.409,5.231,5.462000000000001,5.012,5.525,5.422999999999999,4.94,5.29
39,H3',4.989,5.051,4.327,4.808,4.771,4.922,4.862,4.859,5.005,4.842
39,H41,8.699,9.041,10.84,8.158,8.03,8.132,7.6579999999999995,8.256,8.533999999999999,10.424000000000001
39,H42,4.349,4.62,5.275,4.489,4.315,4.542,4.477,4.4319999999999995,4.493,4.808
39,H4',4.803999999999999,4.864,5.167000000000001,4.823,4.845,4.811,5.006,4.822,4.794,4.783
39,H5,5.074,5.235,5.393,5.235,5.2170000000000005,5.233,5.292999999999999,5.4239999999999995,5.167000000000001,4.976
39,H5',4.388999999999999,4.266,4.444,4.728,4.578,4.275,4.3660000000000005,4.575,4.388999999999999,4.231
39,H5'',4.09,4.12,4.654,4.011,3.9760000000000004,4.035,3.9960000000000004,3.978,4.086,4.098
39,H6,7.45,7.79,7.58,7.874,7.892,7.885,7.926,7.961,7.638999999999999,7.525
39,HO2',2.909,3.075,3.188,3.188,3.1439999999999997,3.1289999999999996,3.247,3.0780000000000003,3.111,3.2310000000000003
39,N1,173.97299999999998,175.503,171.081,174.25900000000001,175.78400000000002,173.36900000000003,174.202,174.19799999999998,174.31099999999998,173.855
39,N3,220.128,214.342,228.41099999999997,217.71400000000003,229.28,219.68400000000003,214.315,213.045,220.493,232.185
39,N4,104.006,105.285,121.384,105.634,105.495,102.727,105.87200000000001,106.255,105.262,108.806
39,P,-20.579,-21.315,-17.557000000000002,-19.631,-20.544,-19.785999999999998,-20.729,-21.44,-21.229,-20.525
40,C1',100.625,99.009,101.516,101.43799999999999,99.941,102.196,101.62299999999999,99.844,101.225,101.881
40,C2,150.102,150.393,151.755,151.44,151.248,151.211,151.422,150.971,151.09799999999998,151.498
40,C2',79.612,80.131,79.596,79.515,80.155,80.298,79.39,80.5,81.619,80.0
40,C3',76.575,78.081,78.186,76.804,77.05199999999999,77.758,76.587,77.839,77.876,77.16199999999999
40,C4,160.714,160.675,161.484,161.22899999999998,161.136,161.406,160.90200000000002,161.6,161.069,161.398
40,C4',84.56,85.458,84.055,84.75399999999999,84.285,86.38,85.54899999999999,83.988,85.59,85.421
40,C5,104.84200000000001,105.507,106.007,106.635,107.147,105.322,106.171,107.31200000000001,106.071,106.678
40,C5',68.691,68.021,68.258,67.442,66.607,67.314,66.366,67.167,67.503,66.291
40,C6,140.736,141.096,141.62,140.36,140.493,140.894,140.20600000000002,140.415,140.282,140.93200000000002
40,H1',6.518,6.51,6.34,6.532,6.352,6.372000000000001,6.605,6.292000000000001,6.528,6.414
40,H2',4.928999999999999,4.98,5.132000000000001,4.798,5.029,5.053,4.8469999999999995,4.809,5.305,5.0
40,H3,14.485,14.128,12.995,13.25,13.658,13.492,12.388,13.648,13.894,12.86
40,H3',4.893,4.942,4.922,4.863,5.073,5.091,4.908,5.07,4.918,5.063
40,H4',4.885,4.9430000000000005,4.901,4.749,4.8839999999999995,4.971,4.7860000000000005,4.927,4.981,4.928
40,H5,5.315,5.336,5.336,5.506,5.466,5.502000000000001,5.655,5.515,5.172000000000001,5.465
40,H5',4.503,4.511,4.251,4.402,4.631,4.3919999999999995,4.773,4.526,4.663,4.897
40,H5'',3.932,3.975,4.4110000000000005,4.069,4.091,4.016,4.073,4.047,3.925,3.926
40,H6,8.509,8.581,8.449,8.466000000000001,8.481,8.562999999999999,8.579,8.527999999999999,8.477,8.575
40,HO2',4.338,2.95,3.1519999999999997,3.9789999999999996,3.033,3.1180000000000003,3.8689999999999998,3.0460000000000003,2.9339999999999997,3.142
40,N1,176.49599999999998,174.368,178.565,178.285,176.75400000000002,175.235,178.57299999999998,175.954,175.896,176.97299999999998
40,N3,182.733,183.89700000000002,184.046,187.37599999999998,185.52599999999998,184.66400000000002,190.543,185.34799999999998,182.62599999999998,184.778
40,P,-21.945,-20.988000000000003,-18.258,-20.743000000000002,-19.926,-20.276,-20.135,-19.335,-21.699,-19.052
41,C1',103.70700000000001,103.227,103.16,103.305,103.075,103.13,103.421,103.443,103.696,101.723
41,C2,154.535,154.563,154.523,154.224,154.526,154.67700000000002,154.259,154.727,155.466,154.915
41,C2',79.475,79.568,79.563,79.57,79.624,79.642,79.646,79.593,80.41199999999999,78.861
41,C3',78.89699999999999,78.88600000000001,77.597,77.954,77.425,77.453,76.932,78.219,81.221,76.92699999999999
41,C4,155.13299999999998,154.985,154.887,155.102,155.039,154.909,155.47899999999998,154.66899999999998,156.00799999999998,155.821
41,C4',85.62299999999999,85.20200000000001,86.135,85.868,85.72,85.56299999999999,86.257,85.57799999999999,85.447,85.073
41,C5,96.646,96.06299999999999,96.228,95.845,95.15100000000001,95.14299999999999,95.399,95.62100000000001,98.462,95.756
41,C5',66.76899999999999,66.654,67.684,66.319,68.64399999999999,67.75,67.673,68.408,74.767,68.402
41,C6,139.435,139.704,139.852,139.442,140.467,140.66299999999998,140.10299999999998,140.283,139.455,140.749
41,H1',6.547999999999999,6.559,6.585,6.622000000000001,6.545,6.555,6.57,6.551,6.434,6.597
41,H2',4.97,4.928,4.963,4.9830000000000005,4.912,4.939,4.971,4.922,5.063,4.735
41,H3',4.734,4.742,4.836,4.761,4.897,4.899,4.867,4.788,4.5680000000000005,4.981
41,H41,9.588,9.586,9.468,9.519,9.568,9.511000000000001,9.519,9.527000000000001,9.812999999999999,9.58
41,H42,5.06,4.905,4.875,4.927,4.864,4.821000000000001,4.907,4.809,4.979,4.82
41,H4',4.849,4.86,4.8919999999999995,4.896,4.954,4.997,4.905,4.9510000000000005,5.138,4.909
41,H5,5.505,5.4510000000000005,5.265,5.476,5.356,5.335,5.397,5.364,5.431,5.239
41,H5',4.33,4.249,4.581,4.4,4.457,4.505,4.431,4.327,4.463,4.688
41,H5'',4.052,4.105,3.9589999999999996,4.093999999999999,3.9610000000000003,4.005,4.026,3.9619999999999997,4.635,3.928
41,H6,8.201,8.211,8.283,8.277000000000001,8.308,8.326,8.288,8.301,7.478,8.246
41,HO2',3.341,3.2460000000000004,3.24,3.2769999999999997,3.267,3.237,3.28,3.216,3.273,2.94
41,N1,170.993,171.225,172.015,170.514,172.498,172.429,171.69,172.308,171.553,171.875
41,N3,216.59599999999998,216.324,216.33900000000003,217.21,216.343,216.41,218.297,215.66,214.418,216.614
41,N4,106.44,107.546,107.19,107.61399999999999,109.26100000000001,109.23299999999999,107.68,109.913,109.822,109.118
41,P,-21.03,-20.724,-21.744,-20.326,-20.759,-21.313000000000002,-20.185,-20.862,-17.987000000000002,-21.397
42,C1',100.96799999999999,101.072,101.181,100.73899999999999,101.14,101.079,101.01100000000001,101.02600000000001,100.96,101.175
42,C2,151.077,151.049,151.269,151.02,151.0,151.127,150.982,151.062,151.253,151.157
42,C2',78.67399999999999,78.725,78.906,78.682,78.712,78.82,78.741,78.786,78.758,78.858
42,C3',77.01,76.877,77.029,76.753,77.018,76.711,76.993,77.03399999999999,76.902,77.044
42,C4,162.186,162.159,162.266,162.09799999999998,162.218,162.265,162.197,162.196,161.983,162.201
42,C4',84.87,84.887,85.042,84.882,84.743,85.10600000000001,84.96799999999999,84.895,84.662,85.195
42,C5,105.046,105.15700000000001,104.42299999999999,104.71700000000001,104.48299999999999,104.104,104.869,105.406,104.303,105.027
42,C5',67.804,67.779,67.59899999999999,67.834,68.009,67.77199999999999,67.998,67.885,67.40899999999999,68.12
42,C6,141.22899999999998,141.472,141.879,141.471,141.594,141.88,141.524,141.134,141.315,141.226
42,H1',6.5,6.4910000000000005,6.486000000000001,6.492000000000001,6.465,6.484,6.494,6.494,6.479,6.5
42,H2',5.2,5.197,5.245,5.218999999999999,5.199,5.1979999999999995,5.212000000000001,5.196000000000001,5.202999999999999,5.212999999999999
42,H3,13.224,13.203,13.254000000000001,13.194,13.22,13.205,13.217,13.231,13.189,13.243
42,H3',5.093999999999999,5.096,5.098,5.112,5.087,5.145,5.095,5.082,5.063,5.112
42,H4',4.909,4.916,4.956,4.8660000000000005,4.937,4.898,4.918,4.916,4.8839999999999995,4.926
42,H5,5.332999999999999,5.277,5.32,5.263999999999999,5.28,5.313,5.294,5.315,5.3,5.337999999999999
42,H5',4.732,4.734,4.78,4.736000000000001,4.77,4.791,4.76,4.745,4.711,4.482
42,H5'',3.904,3.9019999999999997,3.944,3.965,3.9539999999999997,3.986,3.927,3.909,3.907,4.0089999999999995
42,H6,8.654,8.658,8.699,8.668,8.693,8.677,8.67,8.666,8.619,8.654
42,HO2',3.077,3.031,3.1319999999999997,3.0869999999999997,3.0589999999999997,3.093,3.114,3.083,3.0660000000000003,3.072
42,N1,173.97299999999998,173.733,174.40900000000002,173.68400000000003,173.89700000000002,174.03400000000002,174.218,173.87,174.01,174.13299999999998
42,N3,185.06400000000002,184.831,185.495,184.571,185.042,185.095,184.81,184.977,185.09799999999998,184.709
42,P,-21.112,-20.708000000000002,-21.014,-21.035,-20.568,-20.910999999999998,-21.328000000000003,-21.092,-21.698,-20.785999999999998
43,C1',101.991,101.975,102.083,101.712,101.993,101.875,101.976,102.02799999999999,101.91,101.98100000000001
43,C2,146.319,146.207,146.14600000000002,146.13299999999998,146.237,146.156,146.235,146.237,146.233,146.231
43,C2',79.691,79.75,79.72800000000001,79.64,79.73100000000001,79.749,79.654,79.74,79.657,79.722
43,C3',77.118,76.955,76.998,76.906,76.943,76.855,77.12,77.08,77.153,77.145
43,C4,150.548,150.458,150.45,150.569,150.41899999999998,150.465,150.52,150.583,150.618,150.392
43,C4',85.193,85.71600000000001,85.098,85.758,85.524,85.61200000000001,85.139,85.24600000000001,85.117,85.309
43,C5,120.135,120.171,120.12700000000001,120.272,120.095,119.985,120.15100000000001,120.07700000000001,120.021,120.175
43,C5',67.892,67.875,68.194,67.712,67.833,67.562,67.899,67.895,67.877,67.859
43,C6,154.77100000000002,154.799,154.759,154.86,154.878,154.839,154.877,154.78,154.892,154.841
43,C8,130.83100000000002,130.64700000000002,130.74,130.576,130.52700000000002,130.708,130.85399999999998,130.745,130.586,130.83
43,H1,12.034,12.052999999999999,12.033,12.034,12.039000000000001,12.009,12.027000000000001,12.027999999999999,12.032,12.052
43,H1',6.499,6.526,6.487,6.505,6.492000000000001,6.532,6.4879999999999995,6.516,6.492000000000001,6.513999999999999
43,H21,8.731,8.703,8.735,8.701,8.729,8.704,8.701,8.759,8.756,8.727
43,H22,4.508,4.5489999999999995,4.526,4.5489999999999995,4.496,4.563,4.505,4.507,4.502,4.478
43,H2',5.08,5.074,5.074,5.055,5.079,5.086,5.078,5.078,5.078,5.08
43,H3',4.954,4.961,5.021,4.942,4.935,5.01,4.956,4.946000000000001,4.952,4.953
43,H4',4.948,4.899,4.956,4.824,4.8839999999999995,4.895,4.931,4.955,4.931,4.965
43,H5',4.46,4.448,4.449,4.419,4.4510000000000005,4.476,4.462,4.462,4.461,4.461
43,H5'',4.0489999999999995,4.035,4.019,4.064,4.029,4.066,4.0489999999999995,4.048,4.029,4.047
43,H8,7.597,7.6,7.5760000000000005,7.597,7.593,7.59,7.599,7.587999999999999,7.587000000000001,7.587999999999999
43,HO2',3.201,3.2110000000000003,3.263,3.1189999999999998,3.213,3.179,3.2319999999999998,3.197,3.2319999999999998,3.199
43,N1,156.925,157.149,156.99,156.908,157.137,156.995,156.957,156.819,156.889,156.971
43,N2,92.262,91.791,92.025,91.39200000000001,92.064,91.50299999999999,92.118,92.256,92.322,92.175
43,N3,182.18,182.543,181.705,183.59400000000002,182.81099999999998,182.90599999999998,182.107,182.1,182.263,181.851
43,N7,247.56400000000002,248.67700000000002,246.99599999999998,248.96400000000003,248.41099999999997,248.007,247.692,247.243,247.34099999999998,247.553
43,N9,186.25799999999998,186.125,186.34099999999998,185.93900000000002,185.96599999999998,185.74900000000002,186.295,186.262,186.17,186.275
43,P,-20.157,-19.496,-19.054000000000002,-20.215999999999998,-20.218,-19.227999999999998,-20.336,-20.314,-20.274,-20.291
44,C1',101.477,101.43700000000001,101.571,101.42299999999999,101.62299999999999,101.705,101.416,101.529,101.37200000000001,101.553
44,C2,154.695,154.569,154.828,154.695,154.658,154.662,154.689,154.759,154.584,154.795
44,C2',79.508,79.571,79.48899999999999,79.416,79.493,79.499,79.50399999999999,79.58800000000001,79.279,79.619
44,C3',77.001,76.955,77.262,76.878,77.012,77.023,76.971,77.033,77.028,77.152
44,C4,154.906,154.783,154.885,154.795,154.872,154.841,154.934,154.958,154.844,154.675
44,C4',85.189,85.307,85.181,85.00399999999999,84.979,85.262,85.18,85.165,85.17200000000001,85.15299999999999
44,C5,96.75,96.736,96.42399999999999,96.155,96.605,96.28200000000001,96.82600000000001,96.756,96.52799999999999,96.803
44,C5',67.442,67.429,67.63,67.298,67.545,67.441,67.42699999999999,67.498,67.432,67.506
44,C6,139.92600000000002,139.97899999999998,140.371,140.35299999999998,139.735,140.37,140.089,139.814,139.966,139.963
44,H1',6.49,6.47,6.471,6.455,6.428999999999999,6.477,6.48,6.492000000000001,6.462000000000001,6.478
44,H2',4.777,4.771,4.808,4.774,4.788,4.784,4.785,4.787,4.7410000000000005,4.805
44,H3',4.82,4.843,4.84,4.838,4.802,4.85,4.798,4.8260000000000005,4.802,4.827
44,H41,9.857000000000001,9.88,9.896,9.832,9.863999999999999,9.847000000000001,9.862,9.866,9.861,9.886000000000001
44,H42,4.935,4.921,4.9830000000000005,5.024,4.957,4.925,4.922,4.906000000000001,4.953,4.945
44,H4',4.851,4.812,4.888999999999999,4.837,4.843,4.888,4.843,4.859,4.84,4.865
44,H5,4.702,4.694,4.749,4.74,4.718,4.751,4.705,4.72,4.725,4.715
44,H5',4.828,4.85,4.891,4.876,4.843999999999999,4.888999999999999,4.83,4.861000000000001,4.831,4.861000000000001
44,H5'',3.93,3.92,3.949,3.948,3.907,3.903,3.924,3.923,3.923,3.9410000000000003
44,H6,7.968999999999999,7.946000000000001,7.973,7.975,7.95,7.974,7.959,7.973,7.974,7.968
44,HO2',3.109,3.095,3.109,3.112,3.0610000000000004,3.128,3.11,3.145,3.077,3.127
44,N1,170.549,170.313,170.713,170.484,170.308,170.7,170.63400000000001,170.484,170.21400000000003,170.513
44,N3,215.175,214.58599999999998,215.28,215.19799999999998,215.47299999999998,215.268,215.19400000000002,215.266,214.81599999999997,214.75400000000002
44,N4,113.411,113.536,113.581,112.708,113.641,113.274,113.682,113.723,113.323,113.90100000000001
44,P,-20.189,-19.844,-19.831,-20.038,-19.722,-19.072,-20.093,-20.29,-20.665,-20.264
51,C1',101.147,101.94,100.78299999999999,101.911,102.869,102.359,102.89399999999999,103.175,101.705,102.87899999999999
51,C2,149.643,149.44299999999998,149.127,149.214,148.48,148.67600000000002,149.999,148.438,148.204,148.644
51,C2',80.752,80.596,80.134,80.422,80.595,80.51899999999999,81.161,80.38,80.454,80.638
51,C3',77.329,77.641,76.28399999999999,77.574,76.695,77.789,82.131,76.815,76.64699999999999,76.567
51,C4,160.534,159.983,160.417,159.876,159.505,159.885,160.42700000000002,159.828,159.912,159.588
51,C4',84.844,85.161,85.396,84.777,86.024,85.902,82.995,85.956,85.463,86.265
51,C5,107.426,108.70200000000001,108.506,108.391,105.74600000000001,107.803,109.10700000000001,106.102,106.399,106.031
51,C5',67.993,66.105,67.862,66.374,66.402,67.58,73.991,65.908,66.385,66.846
51,C6,140.264,139.411,140.204,138.609,139.967,138.93,139.884,139.846,139.933,140.387
51,H1',6.779,6.417999999999999,6.582000000000001,6.367999999999999,6.506,6.4510000000000005,6.2139999999999995,6.544,6.545,6.659
51,H2',4.2010000000000005,4.343999999999999,4.143,4.246,4.5680000000000005,4.305,4.458,4.5889999999999995,4.587,4.485
51,H3,8.22,8.013,8.227,7.914,7.821000000000001,7.997999999999999,7.757000000000001,7.697,7.76,7.763999999999999
51,H3',4.999,4.9510000000000005,4.862,5.013,5.048,5.05,4.402,5.004,4.975,5.069
51,H4',4.925,4.851,4.914,4.843,4.857,4.834,5.082,4.815,4.897,4.865
51,H5,5.526,5.52,5.547000000000001,5.6,5.401,5.563,5.814,5.5120000000000005,5.513999999999999,5.407
51,H5',4.338,4.831,4.277,4.559,4.667,4.385,4.385,4.707,4.584,4.646
51,H5'',4.037,4.062,4.095,4.032,4.038,3.9210000000000003,4.447,4.016,4.02,4.0
51,H6,8.245,8.232999999999999,8.285,7.91,8.228,8.243,7.792999999999999,8.039,8.147,8.235
51,HO2',5.191,6.438,6.906000000000001,6.572,5.85,6.371,5.425,5.925,5.545,6.295
51,N1,176.597,175.93900000000002,177.592,174.753,174.39,175.575,174.447,174.36900000000003,173.892,175.57299999999998
51,N3,184.60299999999998,183.577,184.16,183.074,182.97,182.46900000000002,183.477,182.037,183.062,182.19799999999998
51,P,-20.230999999999998,-19.048,-20.072,-18.851,-19.332,-18.480999999999998,-18.355999999999998,-19.074,-18.584,-19.576
52,C1',97.051,99.12,98.118,99.15899999999999,100.113,99.65799999999999,98.56700000000001,99.837,100.14399999999999,99.759
52,C2,151.734,151.654,151.679,151.957,151.429,151.69299999999998,151.405,151.411,151.759,151.601
52,C2',81.384,80.067,79.84899999999999,80.6,79.013,79.867,81.035,79.968,78.523,79.41199999999999
52,C3',83.094,81.921,81.84100000000001,81.611,82.13,81.17699999999999,81.874,82.22200000000001,81.711,82.27600000000001
52,C4,159.56799999999998,159.665,159.535,159.542,159.825,159.953,159.85299999999998,159.803,159.703,159.349
52,C4',91.509,91.3,91.039,91.934,91.86200000000001,92.012,91.27,92.43799999999999,90.88600000000001,91.736
52,C5,106.23899999999999,106.56,107.244,107.162,105.60700000000001,107.734,108.46700000000001,106.005,104.536,105.708
52,C5',73.81,72.683,73.482,74.265,71.967,73.499,74.209,72.411,72.014,71.817
52,C6,143.35399999999998,143.67700000000002,142.82299999999998,142.939,143.56,143.30700000000002,142.545,143.716,143.99200000000002,143.792
52,H1',6.881,6.881,6.763999999999999,6.942,6.86,6.943,6.876,6.84,6.867999999999999,6.843
52,H2',5.412000000000001,4.993,4.572,4.763,5.607,4.867,4.65,5.518,5.519,5.563
52,H3,7.9239999999999995,7.877000000000001,7.971,7.885,7.9879999999999995,7.8420000000000005,7.922000000000001,7.9510000000000005,7.939,7.901
52,H3',4.312,4.486000000000001,4.288,4.525,4.047,4.522,4.463,3.97,4.048,3.98
52,H4',5.178,5.071000000000001,4.901,5.038,5.126,5.064,4.997,5.135,5.147,5.156000000000001
52,H5,5.9239999999999995,5.854,5.919,5.86,5.926,5.808,5.856,5.912000000000001,6.006,5.89
52,H5',4.66,4.567,4.599,4.617,4.535,4.546,4.575,4.495,4.546,4.52
52,H5'',4.295,4.272,4.177,4.343,4.041,4.284,4.239,4.044,4.077,4.056
52,H6,8.894,8.649,8.618,8.566,8.862,8.55,8.596,8.914,8.801,8.882
52,HO2',1.736,2.549,2.375,2.529,2.6830000000000003,2.435,2.657,2.927,2.1590000000000003,2.6689999999999996
52,N1,176.544,174.513,173.394,173.852,175.93200000000002,173.28400000000002,174.28400000000002,175.889,175.83900000000003,175.66099999999997
52,N3,178.033,178.239,179.55599999999998,177.601,177.91299999999998,178.537,177.00400000000002,178.753,179.458,179.87099999999998
52,P,-16.62,-17.026,-16.828,-16.11,-17.764,-17.333,-17.454,-17.616,-17.262999999999998,-17.423
53,C1',100.012,100.78,100.035,98.99799999999999,98.852,99.10600000000001,98.835,98.40100000000001,97.74,99.148
53,C2,155.189,155.459,155.389,155.13,155.209,155.56799999999998,155.40200000000002,155.19299999999998,155.275,155.558
53,C2',83.30799999999999,83.83200000000001,83.287,83.12799999999999,83.186,83.381,83.434,83.039,82.98100000000001,83.75399999999999
53,C3',84.13600000000001,84.49799999999999,84.666,85.236,83.324,85.32600000000001,84.84700000000001,83.698,83.965,83.399
53,C4,155.112,155.588,155.80100000000002,155.592,155.81799999999998,155.53,154.984,155.989,155.572,155.957
53,C4',88.70299999999999,90.096,88.50399999999999,88.023,88.27799999999999,87.988,87.912,87.64399999999999,87.527,88.402
53,C5,94.28,94.109,94.65100000000001,93.351,94.182,93.37799999999999,93.023,93.60600000000001,93.999,94.55
53,C5',71.441,68.678,68.314,68.635,70.297,69.28699999999999,69.43,70.14399999999999,70.097,70.101
53,C6,140.459,141.221,141.279,141.793,142.011,142.543,141.059,142.232,141.736,141.564
53,H1',7.357,7.223,7.33,7.249,7.2,7.2860000000000005,7.187,7.186,7.167999999999999,7.13
53,H2',4.643,4.592,4.782,4.721,4.516,4.677,4.695,4.651,4.61,4.5
53,H3',4.93,4.883,4.893,4.881,4.696000000000001,4.859,4.829,4.692,4.67,4.709
53,H41,4.781000000000001,4.975,4.863,4.795,4.769,4.87,4.808,4.758,4.803999999999999,4.796
53,H42,6.435,6.978,6.657,6.874,7.138999999999999,7.188,6.7,7.041,6.947,7.066
53,H4',5.359,4.918,4.967,4.814,4.646,4.973,4.792,4.629,4.67,4.827
53,H5,5.81,5.952999999999999,5.931,5.959,5.852,5.976,5.987,5.944,5.93,5.895
53,H5',3.03,3.735,3.9,3.7960000000000003,2.128,3.719,3.7110000000000003,2.205,2.064,2.031
53,H5'',3.713,3.4130000000000003,3.411,3.451,3.375,3.47,3.41,3.327,3.449,3.452
53,H6,8.089,8.359,8.274,8.365,8.232000000000001,8.502,8.105,8.193999999999999,8.15,8.182
53,HO2',2.61,2.539,2.5780000000000003,2.397,2.531,2.3819999999999997,2.555,2.452,2.465,2.388
53,N1,176.093,177.46400000000003,177.055,176.269,176.36900000000003,176.577,175.237,175.59900000000002,175.17700000000002,176.692
53,N3,220.38299999999998,219.46200000000002,221.02599999999998,218.748,220.74599999999998,220.305,220.685,220.58700000000002,220.93400000000003,220.00900000000001
53,N4,104.76700000000001,102.37100000000001,104.431,104.661,104.37700000000001,103.78200000000001,103.505,104.065,102.705,103.75399999999999
53,P,-18.895,-20.211,-19.242,-18.974,-19.387,-20.363,-19.986,-19.484,-20.833000000000002,-20.787
54,C1',101.294,103.516,102.07700000000001,103.057,100.855,103.102,103.869,100.102,100.77,100.163
54,C2,144.381,143.69799999999998,142.987,143.187,141.298,143.276,143.65200000000002,141.39,141.358,141.43
54,C2',83.304,83.43700000000001,83.37,82.935,80.345,82.11200000000001,81.657,80.835,80.447,81.525
54,C3',79.447,78.884,78.529,78.378,76.95,78.449,79.27,76.96600000000001,76.70100000000001,76.5
54,C4,151.127,151.467,150.941,151.436,150.534,151.119,151.195,150.655,150.612,151.273
54,C4',85.59,86.741,86.844,86.583,86.682,87.18,87.76100000000001,86.97200000000001,86.243,85.926
54,C5,118.921,118.021,118.258,117.807,117.09200000000001,117.98700000000001,118.083,117.41,117.37100000000001,117.721
54,C5',70.42699999999999,70.449,70.381,70.365,70.173,70.12,70.688,70.348,69.742,70.15
54,C6,152.625,151.55100000000002,150.986,151.377,153.047,151.233,151.88299999999998,152.533,153.018,152.934
54,C8,135.703,136.309,137.153,136.3,133.44899999999998,135.99,136.153,133.80200000000002,132.484,133.32399999999998
54,H1,8.584,9.662,9.818,9.96,9.088,9.959,9.495,9.462,9.286,9.202
54,H1',6.439,6.4,6.479,6.403,6.3660000000000005,6.441,6.441,6.412999999999999,6.337999999999999,6.372999999999999
54,H21,3.645,3.853,3.9,3.812,3.7960000000000003,4.001,3.615,3.944,3.845,3.778
54,H22,4.845,4.649,4.391,4.584,4.896,4.676,4.726,4.853,4.99,4.85
54,H2',5.111000000000001,5.2989999999999995,5.141,5.3,5.542000000000001,5.553999999999999,5.55,5.474,5.487,5.367999999999999
54,H3',5.877999999999999,6.26,6.3660000000000005,6.432,6.955,6.176,6.357,6.954,6.907,6.992000000000001
54,H4',5.032,5.118,5.048,5.087,5.1080000000000005,5.056,5.021,5.069,5.069,5.099
54,H5',4.024,4.138,4.117,4.069,3.9960000000000004,4.082,4.117,3.94,4.037,3.995
54,H5'',5.526,5.482,5.4639999999999995,5.572,5.3020000000000005,5.647,5.4270000000000005,5.4,5.377999999999999,5.285
54,H8,7.678,7.724,7.691,7.696000000000001,7.835,7.768,7.69,7.8660000000000005,7.894,7.902
54,HO2',3.218,3.1919999999999997,3.27,3.2119999999999997,2.9789999999999996,3.11,3.138,2.9789999999999996,2.909,2.9960000000000004
54,N1,153.547,153.262,151.236,152.61,151.847,153.477,153.44899999999998,153.425,152.627,150.797
54,N2,85.639,87.494,85.745,85.61200000000001,91.23100000000001,88.02,89.35,89.76299999999999,90.40899999999999,87.96799999999999
54,N3,187.362,186.235,186.553,186.386,185.87,186.678,185.903,187.062,186.65,186.898
54,N7,244.373,241.926,241.65,241.35299999999998,248.378,243.615,241.976,247.267,253.671,250.803
54,N9,189.958,193.56599999999997,193.495,193.61700000000002,195.016,192.93599999999998,194.26,194.497,193.852,194.17
54,P,-18.896,-20.750999999999998,-19.683,-20.608,-19.750999999999998,-20.811999999999998,-22.054000000000002,-20.028,-20.843000000000004,-19.332
