,Unnamed: 0,norm_intensity,norm_intensity_error,norm_volume,norm_volume_error,offset(hz),slp(hz),trelax(s)
787,0,0.421249656134,0.00618215145847,0.427765892445,0.00116464499461,-800.0,10.0,0.3
788,1,0.406844262492,0.00618215145847,0.414802701148,0.00116464499461,-792.9648,10.0,0.3
789,2,0.429202585089,0.00618215145847,0.428429611129,0.00116464499461,-785.9296,10.0,0.3
790,3,0.423954639948,0.00618215145847,0.409296006576,0.00116464499461,-778.8945,10.0,0.3
791,4,0.414746008844,0.00618215145847,0.41385704482,0.00116464499461,-771.8593,10.0,0.3
792,5,0.412601468952,0.00618215145847,0.413238107155,0.00116464499461,-764.8241,10.0,0.3
793,6,0.397955662039,0.00618215145847,0.400926982339,0.00116464499461,-757.7889,10.0,0.3
794,7,0.422216661643,0.00618215145847,0.42139944799,0.00116464499461,-750.7538,10.0,0.3
795,8,0.410587952061,0.00618215145847,0.428176689758,0.00116464499461,-743.7186,10.0,0.3
796,9,0.407524801539,0.00618215145847,0.406000260613,0.00116464499461,-736.6834,10.0,0.3
797,10,0.41752113178,0.00618215145847,0.413061724771,0.00116464499461,-729.6483,10.0,0.3
798,11,0.415583329458,0.00618215145847,0.411382893483,0.00116464499461,-722.613,10.0,0.3
799,12,0.429872753806,0.00618215145847,0.421674302922,0.00116464499461,-715.5779,10.0,0.3
800,13,0.419441538707,0.00618215145847,0.419659157037,0.00116464499461,-708.5427,10.0,0.3
801,14,0.416761532896,0.00618215145847,0.40674371693,0.00116464499461,-701.5075,10.0,0.3
802,15,0.404507146664,0.00618215145847,0.404745478164,0.00116464499461,-694.4724,10.0,0.3
803,16,0.408333575865,0.00618215145847,0.417043808403,0.00116464499461,-687.4372,10.0,0.3
804,17,0.419375636925,0.00618215145847,0.418237359662,0.00116464499461,-680.402,10.0,0.3
805,18,0.423284248214,0.00618215145847,0.432855849365,0.00116464499461,-673.3668,10.0,0.3
806,19,0.407220382139,0.00618215145847,0.412390237951,0.00116464499461,-666.3317,10.0,0.3
807,20,0.410803610347,0.00618215145847,0.412756711194,0.00116464499461,-659.2965,10.0,0.3
808,21,0.42261798231,0.00618215145847,0.418016424734,0.00116464499461,-652.2613,10.0,0.3
809,22,0.403943915019,0.00618215145847,0.404571152052,0.00116464499461,-645.2261,10.0,0.3
810,23,0.427134094293,0.00618215145847,0.424043355947,0.00116464499461,-638.191,10.0,0.3
811,24,0.416643890966,0.00618215145847,0.409101117751,0.00116464499461,-631.1558,10.0,0.3
812,25,0.41560206296,0.00618215145847,0.413016715277,0.00116464499461,-624.1206,10.0,0.3
813,26,0.419572004165,0.00618215145847,0.429783323076,0.00116464499461,-617.0854,10.0,0.3
814,27,0.424489102287,0.00618215145847,0.419533496012,0.00116464499461,-610.0502,10.0,0.3
815,28,0.430833849341,0.00618215145847,0.434721344393,0.00116464499461,-603.0151,10.0,0.3
816,29,0.416562043406,0.00618215145847,0.407000293894,0.00116464499461,-595.9799,10.0,0.3
817,30,0.428291780085,0.00618215145847,0.42136060731,0.00116464499461,-588.9447,10.0,0.3
818,31,0.429410549258,0.00618215145847,0.421483755114,0.00116464499461,-581.9095,10.0,0.3
819,32,0.420012910505,0.00618215145847,0.420354633689,0.00116464499461,-574.8744,10.0,0.3
820,33,0.414782806794,0.00618215145847,0.412863180353,0.00116464499461,-567.8392,10.0,0.3
821,34,0.406083437009,0.00618215145847,0.42722257987,0.00116464499461,-560.804,10.0,0.3
822,35,0.427399039529,0.00618215145847,0.424142970869,0.00116464499461,-553.7689,10.0,0.3
823,36,0.422090098999,0.00618215145847,0.421813443948,0.00116464499461,-546.7336,10.0,0.3
824,37,0.429232357976,0.00618215145847,0.420240396394,0.00116464499461,-539.6985,10.0,0.3
825,38,0.419044901416,0.00618215145847,0.409099746903,0.00116464499461,-532.6633,10.0,0.3
826,39,0.408531058194,0.00618215145847,0.414116135005,0.00116464499461,-525.6281,10.0,0.3
827,40,0.419464621058,0.00618215145847,0.427836034144,0.00116464499461,-518.593,10.0,0.3
828,41,0.406326638002,0.00618215145847,0.402013835964,0.00116464499461,-511.5578,10.0,0.3
829,42,0.402480248701,0.00618215145847,0.403414385202,0.00116464499461,-504.5226,10.0,0.3
830,43,0.403103806681,0.00618215145847,0.40031878298,0.00116464499461,-497.4874,10.0,0.3
831,44,0.419999306414,0.00618215145847,0.422510519922,0.00116464499461,-490.4523,10.0,0.3
832,45,0.423975938155,0.00618215145847,0.410705009374,0.00116464499461,-483.4171,10.0,0.3
833,46,0.425791415172,0.00618215145847,0.41553496221,0.00116464499461,-476.3819,10.0,0.3
834,47,0.410606239527,0.00618215145847,0.406468405049,0.00116464499461,-469.3467,10.0,0.3
835,48,0.431472572537,0.00618215145847,0.421987541585,0.00116464499461,-462.3116,10.0,0.3
836,49,0.397687594553,0.00618215145847,0.39086107732,0.00116464499461,-455.2764,10.0,0.3
837,50,0.406268318828,0.00618215145847,0.404285787289,0.00116464499461,-448.2412,10.0,0.3
838,51,0.410101884601,0.00618215145847,0.399005967985,0.00116464499461,-441.206,10.0,0.3
839,52,0.409055484729,0.00618215145847,0.414622891646,0.00116464499461,-434.1709,10.0,0.3
840,53,0.420108696682,0.00618215145847,0.412928981035,0.00116464499461,-427.1357,10.0,0.3
841,54,0.40574846416,0.00618215145847,0.42348999049,0.00116464499461,-420.1005,10.0,0.3
842,55,0.430013701103,0.00618215145847,0.420417235727,0.00116464499461,-413.0653,10.0,0.3
843,56,0.406861100341,0.00618215145847,0.421435090026,0.00116464499461,-406.0302,10.0,0.3
844,57,0.420295251135,0.00618215145847,0.411436128062,0.00116464499461,-398.995,10.0,0.3
845,58,0.433117775406,0.00618215145847,0.43106026756,0.00116464499461,-391.9598,10.0,0.3
846,59,0.409109455055,0.00618215145847,0.408220348206,0.00116464499461,-384.9246,10.0,0.3
847,60,0.421746093926,0.00618215145847,0.423654949144,0.00116464499461,-377.8894,10.0,0.3
848,61,0.416242904826,0.00618215145847,0.431180902144,0.00116464499461,-370.8543,10.0,0.3
849,62,0.398130062018,0.00618215145847,0.388295764622,0.00116464499461,-363.8191,10.0,0.3
850,63,0.410957381172,0.00618215145847,0.430062290551,0.00116464499461,-356.7839,10.0,0.3
851,64,0.412357598905,0.00618215145847,0.416920432125,0.00116464499461,-349.7487,10.0,0.3
852,65,0.424028570374,0.00618215145847,0.421267846626,0.00116464499461,-342.7136,10.0,0.3
853,66,0.407119355041,0.00618215145847,0.415116168286,0.00116464499461,-335.6784,10.0,0.3
854,67,0.409954915821,0.00618215145847,0.416708864654,0.00116464499461,-328.6432,10.0,0.3
855,68,0.422333857537,0.00618215145847,0.416044917495,0.00116464499461,-321.608,10.0,0.3
856,69,0.439413681545,0.00618215145847,0.426496716097,0.00116464499461,-314.5729,10.0,0.3
857,70,0.422602928604,0.00618215145847,0.436680742478,0.00116464499461,-307.5377,10.0,0.3
858,71,0.420719765662,0.00618215145847,0.407102422036,0.00116464499461,-300.5025,10.0,0.3
859,72,0.408966612105,0.00618215145847,0.397813787573,0.00116464499461,-293.4673,10.0,0.3
860,73,0.420765930362,0.00618215145847,0.41291184544,0.00116464499461,-286.4322,10.0,0.3
861,74,0.415741226114,0.00618215145847,0.406177099946,0.00116464499461,-279.397,10.0,0.3
862,75,0.403049836355,0.00618215145847,0.416670023974,0.00116464499461,-272.3618,10.0,0.3
863,76,0.403829395339,0.00618215145847,0.401869211549,0.00116464499461,-265.3266,10.0,0.3
864,77,0.437719637761,0.00618215145847,0.432573226297,0.00116464499461,-258.2914,10.0,0.3
865,78,0.397604854921,0.00618215145847,0.397241915674,0.00116464499461,-251.2563,10.0,0.3
866,79,0.41570911154,0.00618215145847,0.422946906389,0.00116464499461,-244.2211,10.0,0.3
867,80,0.412490183032,0.00618215145847,0.413917133637,0.00116464499461,-237.1859,10.0,0.3
868,81,0.403071915125,0.00618215145847,0.42020635368,0.00116464499461,-230.1508,10.0,0.3
869,82,0.403222452191,0.00618215145847,0.405801259245,0.00116464499461,-223.1156,10.0,0.3
870,83,0.417702891349,0.00618215145847,0.415419582542,0.00116464499461,-216.0804,10.0,0.3
871,84,0.428382102325,0.00618215145847,0.413005520022,0.00116464499461,-209.0452,10.0,0.3
872,85,0.420223773906,0.00618215145847,0.431162624177,0.00116464499461,-202.0101,10.0,0.3
873,86,0.407225734568,0.00618215145847,0.413732069219,0.00116464499461,-194.9749,10.0,0.3
874,87,0.424899009143,0.00618215145847,0.420618750316,0.00116464499461,-187.9397,10.0,0.3
875,88,0.411901192822,0.00618215145847,0.411281679239,0.00116464499461,-180.9045,10.0,0.3
876,89,0.400663879612,0.00618215145847,0.409312913696,0.00116464499461,-173.8694,10.0,0.3
877,90,0.411155532555,0.00618215145847,0.4027741994,0.00116464499461,-166.8342,10.0,0.3
878,91,0.422921286621,0.00618215145847,0.414134641447,0.00116464499461,-159.799,10.0,0.3
879,92,0.404780232052,0.00618215145847,0.401722530862,0.00116464499461,-152.7638,10.0,0.3
880,93,0.410821228759,0.00618215145847,0.410848034467,0.00116464499461,-145.7286,10.0,0.3
881,94,0.409598198729,0.00618215145847,0.404623929682,0.00116464499461,-138.6935,10.0,0.3
882,95,0.412346448011,0.00618215145847,0.400607574862,0.00116464499461,-131.6583,10.0,0.3
883,96,0.394455284972,0.00618215145847,0.396707285133,0.00116464499461,-124.6231,10.0,0.3
884,97,0.398369583216,0.00618215145847,0.406193093167,0.00116464499461,-117.5879,10.0,0.3
885,98,0.413344229987,0.00618215145847,0.421913515818,0.00116464499461,-110.5528,10.0,0.3
886,99,0.397152797687,0.00618215145847,0.396510340036,0.00116464499461,-103.5176,10.0,0.3
887,100,0.399160962148,0.00618215145847,0.415540902549,0.00116464499461,-96.48241,10.0,0.3
888,101,0.388445287749,0.00618215145847,0.37708588733,0.00116464499461,-89.44724,10.0,0.3
889,102,0.379331996787,0.00618215145847,0.370592411003,0.00116464499461,-82.41206,10.0,0.3
890,103,0.395309889471,0.00618215145847,0.378328332151,0.00116464499461,-75.37688,10.0,0.3
891,104,0.372496498898,0.00618215145847,0.366136014122,0.00116464499461,-68.34171,10.0,0.3
892,105,0.367000223352,0.00618215145847,0.37565586487,0.00116464499461,-61.30653,10.0,0.3
893,106,0.345988482688,0.00618215145847,0.36075178193,0.00116464499461,-54.27136,10.0,0.3
894,107,0.34018377342,0.00618215145847,0.340814175295,0.00116464499461,-47.23618,10.0,0.3
895,108,0.32407842602,0.00618215145847,0.318646885134,0.00116464499461,-40.201,10.0,0.3
896,109,0.287182571688,0.00618215145847,0.276895667002,0.00116464499461,-33.16583,10.0,0.3
897,110,0.242720501398,0.00618215145847,0.246974634675,0.00116464499461,-26.13065,10.0,0.3
898,111,0.173824592649,0.00618215145847,0.171969876692,0.00116464499461,-19.09548,10.0,0.3
899,112,0.128679753133,0.00618215145847,0.152618787176,0.00116464499461,-12.0603,10.0,0.3
900,113,0.0826710761761,0.00618215145847,0.0751228108041,0.00116464499461,-5.025126,10.0,0.3
901,114,0.0842891043167,0.00618215145847,0.0837561801425,0.00116464499461,2.01005,10.0,0.3
902,115,0.0988375527758,0.00618215145847,0.112763542584,0.00116464499461,9.045226,10.0,0.3
903,116,0.159311035337,0.00618215145847,0.1497709428,0.00116464499461,16.0804,10.0,0.3
904,117,0.222590127378,0.00618215145847,0.22828657842,0.00116464499461,23.11558,10.0,0.3
905,118,0.269092253686,0.00618215145847,0.272880911504,0.00116464499461,30.15075,10.0,0.3
906,119,0.332938703202,0.00618215145847,0.345469573544,0.00116464499461,37.18593,10.0,0.3
907,120,0.343915308516,0.00618215145847,0.329277807814,0.00116464499461,44.2211,10.0,0.3
908,121,0.354862809996,0.00618215145847,0.355817873156,0.00116464499461,51.25628,10.0,0.3
909,122,0.370411281761,0.00618215145847,0.37767672262,0.00116464499461,58.29146,10.0,0.3
910,123,0.394483608242,0.00618215145847,0.398186886579,0.00116464499461,65.32663,10.0,0.3
911,124,0.398486110056,0.00618215145847,0.393487164259,0.00116464499461,72.36181,10.0,0.3
912,125,0.391534531363,0.00618215145847,0.392903411682,0.00116464499461,79.39699,10.0,0.3
913,126,0.404357278651,0.00618215145847,0.401859615616,0.00116464499461,86.43216,10.0,0.3
914,127,0.393693232891,0.00618215145847,0.392772495741,0.00116464499461,93.46734,10.0,0.3
915,128,0.409235794681,0.00618215145847,0.402420977684,0.00116464499461,100.5025,10.0,0.3
916,129,0.396864547082,0.00618215145847,0.393886309368,0.00116464499461,107.5377,10.0,0.3
917,130,0.395350367216,0.00618215145847,0.397301090593,0.00116464499461,114.5729,10.0,0.3
918,131,0.404706413135,0.00618215145847,0.411359817549,0.00116464499461,121.608,10.0,0.3
919,132,0.411996755982,0.00618215145847,0.399189433081,0.00116464499461,128.6432,10.0,0.3
920,133,0.408757421338,0.00618215145847,0.409558523881,0.00116464499461,135.6784,10.0,0.3
921,134,0.419343076315,0.00618215145847,0.40995721204,0.00116464499461,142.7136,10.0,0.3
922,135,0.412591433147,0.00618215145847,0.423235926746,0.00116464499461,149.7487,10.0,0.3
923,136,0.420081711519,0.00618215145847,0.416230667337,0.00116464499461,156.7839,10.0,0.3
924,137,0.410023605327,0.00618215145847,0.404864056476,0.00116464499461,163.8191,10.0,0.3
925,138,0.417146127222,0.00618215145847,0.417447523004,0.00116464499461,170.8543,10.0,0.3
926,139,0.414811018555,0.00618215145847,0.426977883584,0.00116464499461,177.8895,10.0,0.3
927,140,0.406040394559,0.00618215145847,0.39387694191,0.00116464499461,184.9246,10.0,0.3
928,141,0.414647546452,0.00618215145847,0.412228020992,0.00116464499461,191.9598,10.0,0.3
929,142,0.400196768672,0.00618215145847,0.393120919491,0.00116464499461,198.995,10.0,0.3
930,143,0.419923368828,0.00618215145847,0.428945963703,0.00116464499461,206.0302,10.0,0.3
931,144,0.421251997822,0.00618215145847,0.423839099664,0.00116464499461,213.0653,10.0,0.3
932,145,0.410256435989,0.00618215145847,0.410843464976,0.00116464499461,220.1005,10.0,0.3
933,146,0.417981775202,0.00618215145847,0.415886813079,0.00116464499461,227.1357,10.0,0.3
934,147,0.404445705239,0.00618215145847,0.403072130266,0.00116464499461,234.1709,10.0,0.3
935,148,0.420346656756,0.00618215145847,0.413615090229,0.00116464499461,241.206,10.0,0.3
936,149,0.430171374741,0.00618215145847,0.427245655803,0.00116464499461,248.2412,10.0,0.3
937,150,0.403342881844,0.00618215145847,0.415189737104,0.00116464499461,255.2764,10.0,0.3
938,151,0.41409557721,0.00618215145847,0.419502194993,0.00116464499461,262.3116,10.0,0.3
939,152,0.427906293687,0.00618215145847,0.421896151749,0.00116464499461,269.3467,10.0,0.3
940,153,0.424132050668,0.00618215145847,0.421109513735,0.00116464499461,276.3819,10.0,0.3
941,154,0.41110568806,0.00618215145847,0.409171030976,0.00116464499461,283.4171,10.0,0.3
942,155,0.42330666151,0.00618215145847,0.412259093536,0.00116464499461,290.4523,10.0,0.3
943,156,0.394426515666,0.00618215145847,0.403595337077,0.00116464499461,297.4874,10.0,0.3
944,157,0.415165728486,0.00618215145847,0.417944226763,0.00116464499461,304.5226,10.0,0.3
945,158,0.414622010905,0.00618215145847,0.425706650964,0.00116464499461,311.5578,10.0,0.3
946,159,0.401034981357,0.00618215145847,0.412045926744,0.00116464499461,318.593,10.0,0.3
947,160,0.414810572519,0.00618215145847,0.425501480782,0.00116464499461,325.6281,10.0,0.3
948,161,0.416633966671,0.00618215145847,0.411918666397,0.00116464499461,332.6633,10.0,0.3
949,162,0.426839710697,0.00618215145847,0.428998284384,0.00116464499461,339.6985,10.0,0.3
950,163,0.420747754405,0.00618215145847,0.42568106181,0.00116464499461,346.7337,10.0,0.3
951,164,0.405516637078,0.00618215145847,0.403195049595,0.00116464499461,353.7688,10.0,0.3
952,165,0.416545094047,0.00618215145847,0.416445433452,0.00116464499461,360.804,10.0,0.3
953,166,0.416203988206,0.00618215145847,0.418383811875,0.00116464499461,367.8392,10.0,0.3
954,167,0.411110594453,0.00618215145847,0.405459461258,0.00116464499461,374.8744,10.0,0.3
955,168,0.398738231765,0.00618215145847,0.388066147659,0.00116464499461,381.9095,10.0,0.3
956,169,0.422956411937,0.00618215145847,0.419237621418,0.00116464499461,388.9447,10.0,0.3
957,170,0.402458950493,0.00618215145847,0.422294611434,0.00116464499461,395.9799,10.0,0.3
958,171,0.415174314674,0.00618215145847,0.403758467935,0.00116464499461,403.0151,10.0,0.3
959,172,0.43013056247,0.00618215145847,0.437525413038,0.00116464499461,410.0503,10.0,0.3
960,173,0.418309165444,0.00618215145847,0.427200874784,0.00116464499461,417.0854,10.0,0.3
961,174,0.426794326559,0.00618215145847,0.442977730658,0.00116464499461,424.1206,10.0,0.3
962,175,0.420195339127,0.00618215145847,0.410331681894,0.00116464499461,431.1558,10.0,0.3
963,176,0.420264697686,0.00618215145847,0.417682623357,0.00116464499461,438.1909,10.0,0.3
964,177,0.400620725653,0.00618215145847,0.405382693796,0.00116464499461,445.2261,10.0,0.3
965,178,0.412304074615,0.00618215145847,0.411838014867,0.00116464499461,452.2613,10.0,0.3
966,179,0.422846464124,0.00618215145847,0.415469161528,0.00116464499461,459.2965,10.0,0.3
967,180,0.401859812971,0.00618215145847,0.410005648653,0.00116464499461,466.3317,10.0,0.3
968,181,0.415020989885,0.00618215145847,0.423680995248,0.00116464499461,473.3668,10.0,0.3
969,182,0.427890013382,0.00618215145847,0.413326298347,0.00116464499461,480.402,10.0,0.3
970,183,0.40398260862,0.00618215145847,0.420360802503,0.00116464499461,487.4372,10.0,0.3
971,184,0.416536061823,0.00618215145847,0.420463844543,0.00116464499461,494.4724,10.0,0.3
972,185,0.422104372143,0.00618215145847,0.418839847157,0.00116464499461,501.5075,10.0,0.3
973,186,0.433535822414,0.00618215145847,0.432185276442,0.00116464499461,508.5427,10.0,0.3
974,187,0.416489562596,0.00618215145847,0.41993355502,0.00116464499461,515.5779,10.0,0.3
975,188,0.426988129093,0.00618215145847,0.433558408729,0.00116464499461,522.613,10.0,0.3
976,189,0.412475909888,0.00618215145847,0.416601024648,0.00116464499461,529.6483,10.0,0.3
977,190,0.412868867385,0.00618215145847,0.413680662436,0.00116464499461,536.6834,10.0,0.3
978,191,0.417663305676,0.00618215145847,0.399316921902,0.00116464499461,543.7186,10.0,0.3
979,192,0.420524402003,0.00618215145847,0.411949510467,0.00116464499461,550.7538,10.0,0.3
980,193,0.429774179905,0.00618215145847,0.429215792194,0.00116464499461,557.7889,10.0,0.3
981,194,0.406370795542,0.00618215145847,0.411572298918,0.00116464499461,564.8241,10.0,0.3
982,195,0.422618651364,0.00618215145847,0.419904538747,0.00116464499461,571.8593,10.0,0.3
983,196,0.414654460006,0.00618215145847,0.415503432716,0.00116464499461,578.8945,10.0,0.3
984,197,0.415034928502,0.00618215145847,0.417636928439,0.00116464499461,585.9296,10.0,0.3
985,198,0.420752995325,0.00618215145847,0.413496054967,0.00116464499461,592.9648,10.0,0.3
986,199,0.426831570544,0.00618215145847,0.425529126207,0.00116464499461,600.0,10.0,0.3
193,0,0.426592895077,0.0117646168496,0.425789637858,0.0135728376181,-800.0,20.0,0.3
194,1,0.401353421983,0.0117646168496,0.41797939089,0.0135728376181,-792.9648,20.0,0.3
195,2,0.409897552194,0.0117646168496,0.395358355038,0.0135728376181,-785.9296,20.0,0.3
196,3,0.419914071702,0.0117646168496,0.418826672413,0.0135728376181,-778.8945,20.0,0.3
197,4,0.415528558575,0.0117646168496,0.403797215629,0.0135728376181,-771.8593,20.0,0.3
198,5,0.411942051562,0.0117646168496,0.408270853018,0.0135728376181,-764.8241,20.0,0.3
199,6,0.412496341993,0.0117646168496,0.415510661984,0.0135728376181,-757.7889,20.0,0.3
200,7,0.40665625921,0.0117646168496,0.406684265735,0.0135728376181,-750.7538,20.0,0.3
201,8,0.406134951716,0.0117646168496,0.394842923558,0.0135728376181,-743.7186,20.0,0.3
202,9,0.421330788457,0.0117646168496,0.403467855592,0.0135728376181,-736.6834,20.0,0.3
203,10,0.424770311107,0.0117646168496,0.417568086982,0.0135728376181,-729.6483,20.0,0.3
204,11,0.419058950322,0.0117646168496,0.405179622325,0.0135728376181,-722.613,20.0,0.3
205,12,0.418606486408,0.0117646168496,0.425145857828,0.0135728376181,-715.5779,20.0,0.3
206,13,0.412373486087,0.0117646168496,0.415761699978,0.0135728376181,-708.5427,20.0,0.3
207,14,0.407361407839,0.0117646168496,0.413332358458,0.0135728376181,-701.5075,20.0,0.3
208,15,0.419949378939,0.0117646168496,0.42501660382,0.0135728376181,-694.4724,20.0,0.3
209,16,0.419759118306,0.0117646168496,0.426011927587,0.0135728376181,-687.4372,20.0,0.3
210,17,0.421847004625,0.0117646168496,0.426281753816,0.0135728376181,-680.402,20.0,0.3
211,18,0.424059075023,0.0117646168496,0.403662981607,0.0135728376181,-673.3668,20.0,0.3
212,19,0.423455088824,0.0117646168496,0.416623921544,0.0135728376181,-666.3317,20.0,0.3
213,20,0.425199753373,0.0117646168496,0.425624391929,0.0135728376181,-659.2965,20.0,0.3
214,21,0.401651153864,0.0117646168496,0.402111707153,0.0135728376181,-652.2613,20.0,0.3
215,22,0.410620741825,0.0117646168496,0.415138066369,0.0135728376181,-645.2261,20.0,0.3
216,23,0.407097322981,0.0117646168496,0.410349556258,0.0135728376181,-638.191,20.0,0.3
217,24,0.415316825828,0.0117646168496,0.42556531085,0.0135728376181,-631.1558,20.0,0.3
218,25,0.410658816088,0.0117646168496,0.405119635789,0.0135728376181,-624.1206,20.0,0.3
219,26,0.407612321658,0.0117646168496,0.407028792179,0.0135728376181,-617.0854,20.0,0.3
220,27,0.410302091236,0.0117646168496,0.400056545799,0.0135728376181,-610.0502,20.0,0.3
221,28,0.422994655879,0.0117646168496,0.418083744826,0.0135728376181,-603.0151,20.0,0.3
222,29,0.413232259939,0.0117646168496,0.422892627723,0.0135728376181,-595.9799,20.0,0.3
223,30,0.413510179922,0.0117646168496,0.416031526207,0.0135728376181,-588.9447,20.0,0.3
224,31,0.424222993579,0.0117646168496,0.425360451171,0.0135728376181,-581.9095,20.0,0.3
225,32,0.418864262449,0.0117646168496,0.430059547389,0.0135728376181,-574.8744,20.0,0.3
226,33,0.41399308111,0.0117646168496,0.418242426191,0.0135728376181,-567.8392,20.0,0.3
227,34,0.408675191268,0.0117646168496,0.409681102521,0.0135728376181,-560.804,20.0,0.3
228,35,0.410615539819,0.0117646168496,0.419867042673,0.0135728376181,-553.7689,20.0,0.3
229,36,0.415202160316,0.0117646168496,0.425780809651,0.0135728376181,-546.7336,20.0,0.3
230,37,0.416297016734,0.0117646168496,0.424094848447,0.0135728376181,-539.6985,20.0,0.3
231,38,0.433201546701,0.0117646168496,0.412906340871,0.0135728376181,-532.6633,20.0,0.3
232,39,0.418518495016,0.0117646168496,0.408772249912,0.0135728376181,-525.6281,20.0,0.3
233,40,0.418936426459,0.0117646168496,0.411965570898,0.0135728376181,-518.593,20.0,0.3
234,41,0.411892134433,0.0117646168496,0.415410835334,0.0135728376181,-511.5578,20.0,0.3
235,42,0.420515622918,0.0117646168496,0.42339153461,0.0135728376181,-504.5226,20.0,0.3
236,43,0.420661832514,0.0117646168496,0.407270775601,0.0135728376181,-497.4874,20.0,0.3
237,44,0.408149235172,0.0117646168496,0.409931461421,0.0135728376181,-490.4523,20.0,0.3
238,45,0.415852632533,0.0117646168496,0.410851179516,0.0135728376181,-483.4171,20.0,0.3
239,46,0.399683024383,0.0117646168496,0.403789745607,0.0135728376181,-476.3819,20.0,0.3
240,47,0.418110856906,0.0117646168496,0.406027582941,0.0135728376181,-469.3467,20.0,0.3
241,48,0.406182765906,0.0117646168496,0.39811683023,0.0135728376181,-462.3116,20.0,0.3
242,49,0.405105175724,0.0117646168496,0.397684474443,0.0135728376181,-455.2764,20.0,0.3
243,50,0.406690016914,0.0117646168496,0.403646683378,0.0135728376181,-448.2412,20.0,0.3
244,51,0.403741917889,0.0117646168496,0.417298487117,0.0135728376181,-441.206,20.0,0.3
245,52,0.419533329073,0.0117646168496,0.417696661896,0.0135728376181,-434.1709,20.0,0.3
246,53,0.402394266075,0.0117646168496,0.392767163053,0.0135728376181,-427.1357,20.0,0.3
247,54,0.405716909592,0.0117646168496,0.414532315539,0.0135728376181,-420.1005,20.0,0.3
248,55,0.408321454803,0.0117646168496,0.398291809823,0.0135728376181,-413.0653,20.0,0.3
249,56,0.417841680722,0.0117646168496,0.406856302593,0.0135728376181,-406.0302,20.0,0.3
250,57,0.405374130545,0.0117646168496,0.404954616224,0.0135728376181,-398.995,20.0,0.3
251,58,0.421093931125,0.0117646168496,0.407574330109,0.0135728376181,-391.9598,20.0,0.3
252,59,0.414304980158,0.0117646168496,0.409554338521,0.0135728376181,-384.9246,20.0,0.3
253,60,0.407242093724,0.0117646168496,0.406348793863,0.0135728376181,-377.8894,20.0,0.3
254,61,0.396965805918,0.0117646168496,0.396227367533,0.0135728376181,-370.8543,20.0,0.3
255,62,0.409511164835,0.0117646168496,0.39760456785,0.0135728376181,-363.8191,20.0,0.3
256,63,0.414189539878,0.0117646168496,0.412945501893,0.0135728376181,-356.7839,20.0,0.3
257,64,0.414433480795,0.0117646168496,0.415445695434,0.0135728376181,-349.7487,20.0,0.3
258,65,0.411194733474,0.0117646168496,0.408059655139,0.0135728376181,-342.7136,20.0,0.3
259,66,0.411712720537,0.0117646168496,0.406376863035,0.0135728376181,-335.6784,20.0,0.3
260,67,0.416175267638,0.0117646168496,0.420972379483,0.0135728376181,-328.6432,20.0,0.3
261,68,0.387117521525,0.0117646168496,0.389331405917,0.0135728376181,-321.608,20.0,0.3
262,69,0.393362918118,0.0117646168496,0.401456382545,0.0135728376181,-314.5729,20.0,0.3
263,70,0.411563965278,0.0117646168496,0.399582086255,0.0135728376181,-307.5377,20.0,0.3
264,71,0.401268861702,0.0117646168496,0.404396401894,0.0135728376181,-300.5025,20.0,0.3
265,72,0.39886630931,0.0117646168496,0.3975364322,0.0135728376181,-293.4673,20.0,0.3
266,73,0.406346795143,0.0117646168496,0.409367587984,0.0135728376181,-286.4322,20.0,0.3
267,74,0.409231473957,0.0117646168496,0.419522516229,0.0135728376181,-279.397,20.0,0.3
268,75,0.408771262373,0.0117646168496,0.415651913299,0.0135728376181,-272.3618,20.0,0.3
269,76,0.407147129429,0.0117646168496,0.414089320631,0.0135728376181,-265.3266,20.0,0.3
270,77,0.403342912897,0.0117646168496,0.39987545437,0.0135728376181,-258.2914,20.0,0.3
271,78,0.399220267137,0.0117646168496,0.399014138261,0.0135728376181,-251.2563,20.0,0.3
272,79,0.410720354722,0.0117646168496,0.411786516747,0.0135728376181,-244.2211,20.0,0.3
273,80,0.394839291931,0.0117646168496,0.389613003089,0.0135728376181,-237.1859,20.0,0.3
274,81,0.395751746067,0.0117646168496,0.400783401522,0.0135728376181,-230.1508,20.0,0.3
275,82,0.402674621039,0.0117646168496,0.395479007202,0.0135728376181,-223.1156,20.0,0.3
276,83,0.40558674874,0.0117646168496,0.396608791355,0.0135728376181,-216.0804,20.0,0.3
277,84,0.391939671183,0.0117646168496,0.393725815806,0.0135728376181,-209.0452,20.0,0.3
278,85,0.415116935949,0.0117646168496,0.41170004559,0.0135728376181,-202.0101,20.0,0.3
279,86,0.399064649656,0.0117646168496,0.404168905787,0.0135728376181,-194.9749,20.0,0.3
280,87,0.390018249083,0.0117646168496,0.40188126831,0.0135728376181,-187.9397,20.0,0.3
281,88,0.39652518487,0.0117646168496,0.393262221747,0.0135728376181,-180.9045,20.0,0.3
282,89,0.38448696628,0.0117646168496,0.377324138718,0.0135728376181,-173.8694,20.0,0.3
283,90,0.389871043357,0.0117646168496,0.387817707935,0.0135728376181,-166.8342,20.0,0.3
284,91,0.395311678424,0.0117646168496,0.40540168569,0.0135728376181,-159.799,20.0,0.3
285,92,0.402288012318,0.0117646168496,0.408389694268,0.0135728376181,-152.7638,20.0,0.3
286,93,0.402682036666,0.0117646168496,0.399376773847,0.0135728376181,-145.7286,20.0,0.3
287,94,0.384459406711,0.0117646168496,0.38561835253,0.0135728376181,-138.6935,20.0,0.3
288,95,0.380037036813,0.0117646168496,0.386098244817,0.0135728376181,-131.6583,20.0,0.3
289,96,0.376129001505,0.0117646168496,0.375237965456,0.0135728376181,-124.6231,20.0,0.3
290,97,0.371736294114,0.0117646168496,0.375911851936,0.0135728376181,-117.5879,20.0,0.3
291,98,0.351869387274,0.0117646168496,0.347541389578,0.0135728376181,-110.5528,20.0,0.3
292,99,0.356243168215,0.0117646168496,0.357471764451,0.0135728376181,-103.5176,20.0,0.3
293,100,0.353321743311,0.0117646168496,0.355013448302,0.0135728376181,-96.48241,20.0,0.3
294,101,0.34980529737,0.0117646168496,0.36098742818,0.0135728376181,-89.44724,20.0,0.3
295,102,0.326717905573,0.0117646168496,0.32978084768,0.0135728376181,-82.41206,20.0,0.3
296,103,0.30293123124,0.0117646168496,0.301043675178,0.0135728376181,-75.37688,20.0,0.3
297,104,0.294417648985,0.0117646168496,0.30607145234,0.0135728376181,-68.34171,20.0,0.3
298,105,0.25296617692,0.0117646168496,0.23796998319,0.0135728376181,-61.30653,20.0,0.3
299,106,0.249367937722,0.0117646168496,0.255451191559,0.0135728376181,-54.27136,20.0,0.3
300,107,0.238383402219,0.0117646168496,0.239315492508,0.0135728376181,-47.23618,20.0,0.3
301,108,0.193283331102,0.0117646168496,0.190618218975,0.0135728376181,-40.201,20.0,0.3
302,109,0.164130731376,0.0117646168496,0.181546013748,0.0135728376181,-33.16583,20.0,0.3
303,110,0.101568408751,0.0117646168496,0.111964439076,0.0135728376181,-26.13065,20.0,0.3
304,111,0.081649570388,0.0117646168496,0.0700872498505,0.0135728376181,-19.09548,20.0,0.3
305,112,0.0426116524068,0.0117646168496,0.0541634956803,0.0135728376181,-12.0603,20.0,0.3
306,113,0.0272877356159,0.0117646168496,0.0315704158176,0.0135728376181,-5.025126,20.0,0.3
307,114,0.0248529418492,0.0117646168496,0.0197951697483,0.0135728376181,2.01005,20.0,0.3
308,115,0.0488670324255,0.0117646168496,0.0468071996519,0.0135728376181,9.045226,20.0,0.3
309,116,0.0609565073859,0.0117646168496,0.0533493538884,0.0135728376181,16.0804,20.0,0.3
310,117,0.114355052241,0.0117646168496,0.105532727975,0.0135728376181,23.11558,20.0,0.3
311,118,0.160199785102,0.0117646168496,0.169270029504,0.0135728376181,30.15075,20.0,0.3
312,119,0.204147667044,0.0117646168496,0.204339788186,0.0135728376181,37.18593,20.0,0.3
313,120,0.245129076916,0.0117646168496,0.245522853965,0.0135728376181,44.2211,20.0,0.3
314,121,0.26237649661,0.0117646168496,0.290965937155,0.0135728376181,51.25628,20.0,0.3
315,122,0.302529016499,0.0117646168496,0.315953837984,0.0135728376181,58.29146,20.0,0.3
316,123,0.311943542066,0.0117646168496,0.315345370782,0.0135728376181,65.32663,20.0,0.3
317,124,0.342641359186,0.0117646168496,0.339791808239,0.0135728376181,72.36181,20.0,0.3
318,125,0.346253765552,0.0117646168496,0.34330068104,0.0135728376181,79.39699,20.0,0.3
319,126,0.342222985019,0.0117646168496,0.351252179322,0.0135728376181,86.43216,20.0,0.3
320,127,0.352656439841,0.0117646168496,0.348863583374,0.0135728376181,93.46734,20.0,0.3
321,128,0.375822083102,0.0117646168496,0.369874942786,0.0135728376181,100.5025,20.0,0.3
322,129,0.37535655883,0.0117646168496,0.37829388332,0.0135728376181,107.5377,20.0,0.3
323,130,0.382676003814,0.0117646168496,0.387940623742,0.0135728376181,114.5729,20.0,0.3
324,131,0.368318686302,0.0117646168496,0.376673341395,0.0135728376181,121.608,20.0,0.3
325,132,0.384905783171,0.0117646168496,0.379066917358,0.0135728376181,128.6432,20.0,0.3
326,133,0.394230435769,0.0117646168496,0.394307798385,0.0135728376181,135.6784,20.0,0.3
327,134,0.396516662434,0.0117646168496,0.385589377901,0.0135728376181,142.7136,20.0,0.3
328,135,0.38824646769,0.0117646168496,0.39201336998,0.0135728376181,149.7487,20.0,0.3
329,136,0.399452365186,0.0117646168496,0.39866553726,0.0135728376181,156.7839,20.0,0.3
330,137,0.403423710024,0.0117646168496,0.393583659034,0.0135728376181,163.8191,20.0,0.3
331,138,0.385388130954,0.0117646168496,0.389879433854,0.0135728376181,170.8543,20.0,0.3
332,139,0.389421346468,0.0117646168496,0.391859894994,0.0135728376181,177.8895,20.0,0.3
333,140,0.407452387618,0.0117646168496,0.403180372949,0.0135728376181,184.9246,20.0,0.3
334,141,0.40690949733,0.0117646168496,0.401601029324,0.0135728376181,191.9598,20.0,0.3
335,142,0.403642858397,0.0117646168496,0.405393989304,0.0135728376181,198.995,20.0,0.3
336,143,0.404645185502,0.0117646168496,0.39395897102,0.0135728376181,206.0302,20.0,0.3
337,144,0.403843965768,0.0117646168496,0.403156831063,0.0135728376181,213.0653,20.0,0.3
338,145,0.401254694534,0.0117646168496,0.389714187925,0.0135728376181,220.1005,20.0,0.3
339,146,0.40249808485,0.0117646168496,0.402298684054,0.0135728376181,227.1357,20.0,0.3
340,147,0.408551117871,0.0117646168496,0.39524177743,0.0135728376181,234.1709,20.0,0.3
341,148,0.399275164911,0.0117646168496,0.418984901049,0.0135728376181,241.206,20.0,0.3
342,149,0.403726754593,0.0117646168496,0.415108865376,0.0135728376181,248.2412,20.0,0.3
343,150,0.398131166131,0.0117646168496,0.403541876714,0.0135728376181,255.2764,20.0,0.3
344,151,0.403954646765,0.0117646168496,0.408494048204,0.0135728376181,262.3116,20.0,0.3
345,152,0.401004112758,0.0117646168496,0.396760681791,0.0135728376181,269.3467,20.0,0.3
346,153,0.397601114838,0.0117646168496,0.402481360033,0.0135728376181,276.3819,20.0,0.3
347,154,0.407613539149,0.0117646168496,0.397692849922,0.0135728376181,283.4171,20.0,0.3
348,155,0.411346255758,0.0117646168496,0.413802290716,0.0135728376181,290.4523,20.0,0.3
349,156,0.409684159232,0.0117646168496,0.39566688956,0.0135728376181,297.4874,20.0,0.3
350,157,0.407573361947,0.0117646168496,0.400974679344,0.0135728376181,304.5226,20.0,0.3
351,158,0.403133947175,0.0117646168496,0.387054407562,0.0135728376181,311.5578,20.0,0.3
352,159,0.406666995266,0.0117646168496,0.410815187595,0.0135728376181,318.593,20.0,0.3
353,160,0.409545475944,0.0117646168496,0.399366134726,0.0135728376181,325.6281,20.0,0.3
354,161,0.396955733947,0.0117646168496,0.40020187167,0.0135728376181,332.6633,20.0,0.3
355,162,0.399039303707,0.0117646168496,0.39985168612,0.0135728376181,339.6985,20.0,0.3
356,163,0.421579488657,0.0117646168496,0.416978408016,0.0135728376181,346.7337,20.0,0.3
357,164,0.420295478416,0.0117646168496,0.419046019407,0.0135728376181,353.7688,20.0,0.3
358,165,0.413176476717,0.0117646168496,0.404586095166,0.0135728376181,360.804,20.0,0.3
359,166,0.412483945721,0.0117646168496,0.401450949802,0.0135728376181,367.8392,20.0,0.3
360,167,0.410819303533,0.0117646168496,0.41537574887,0.0135728376181,374.8744,20.0,0.3
361,168,0.41605329718,0.0117646168496,0.42222123125,0.0135728376181,381.9095,20.0,0.3
362,169,0.411659372297,0.0117646168496,0.414341264082,0.0135728376181,388.9447,20.0,0.3
363,170,0.414742502137,0.0117646168496,0.400849726258,0.0135728376181,395.9799,20.0,0.3
364,171,0.396694305433,0.0117646168496,0.396523678383,0.0135728376181,403.0151,20.0,0.3
365,172,0.408834793265,0.0117646168496,0.400339048428,0.0135728376181,410.0503,20.0,0.3
366,173,0.409336952946,0.0117646168496,0.410847331324,0.0135728376181,417.0854,20.0,0.3
367,174,0.417928675985,0.0117646168496,0.412501827892,0.0135728376181,424.1206,20.0,0.3
368,175,0.413575260348,0.0117646168496,0.41413572531,0.0135728376181,431.1558,20.0,0.3
369,176,0.433218480893,0.0117646168496,0.43109788037,0.0135728376181,438.1909,20.0,0.3
370,177,0.417200505709,0.0117646168496,0.421806305513,0.0135728376181,445.2261,20.0,0.3
371,178,0.405028473793,0.0117646168496,0.399891073505,0.0135728376181,452.2613,20.0,0.3
372,179,0.415113504838,0.0117646168496,0.427038489625,0.0135728376181,459.2965,20.0,0.3
373,180,0.418173613031,0.0117646168496,0.402816379176,0.0135728376181,466.3317,20.0,0.3
374,181,0.413161866825,0.0117646168496,0.412563625342,0.0135728376181,473.3668,20.0,0.3
375,182,0.426035284216,0.0117646168496,0.43231096658,0.0135728376181,480.402,20.0,0.3
376,183,0.412397282501,0.0117646168496,0.407061162272,0.0135728376181,487.4372,20.0,0.3
377,184,0.412069998794,0.0117646168496,0.407488085316,0.0135728376181,494.4724,20.0,0.3
378,185,0.426764671984,0.0117646168496,0.43730592092,0.0135728376181,501.5075,20.0,0.3
379,186,0.409321457607,0.0117646168496,0.409337934263,0.0135728376181,508.5427,20.0,0.3
380,187,0.408841655487,0.0117646168496,0.401131097065,0.0135728376181,515.5779,20.0,0.3
381,188,0.421909207345,0.0117646168496,0.42283490483,0.0135728376181,522.613,20.0,0.3
382,189,0.415735642719,0.0117646168496,0.417240085131,0.0135728376181,529.6483,20.0,0.3
383,190,0.407144030361,0.0117646168496,0.408756178047,0.0135728376181,536.6834,20.0,0.3
384,191,0.416382462463,0.0117646168496,0.419245219979,0.0135728376181,543.7186,20.0,0.3
385,192,0.407077843125,0.0117646168496,0.398423327474,0.0135728376181,550.7538,20.0,0.3
386,193,0.417846661367,0.0117646168496,0.420554284646,0.0135728376181,557.7889,20.0,0.3
387,194,0.422716514534,0.0117646168496,0.39521008643,0.0135728376181,564.8241,20.0,0.3
388,195,0.415717380355,0.0117646168496,0.403186484784,0.0135728376181,571.8593,20.0,0.3
389,196,0.404627365862,0.0117646168496,0.405555839768,0.0135728376181,578.8945,20.0,0.3
390,197,0.420912524971,0.0117646168496,0.420145923473,0.0135728376181,585.9296,20.0,0.3
391,198,0.419772510707,0.0117646168496,0.407475182551,0.0135728376181,592.9648,20.0,0.3
392,199,0.40693285102,0.0117646168496,0.417858512361,0.0135728376181,600.0,20.0,0.3
393,0,0.427495517851,0.00903810017878,0.429990399653,0.00326819453213,-800.0,40.0,0.3
394,1,0.403170143664,0.00903810017878,0.40926623185,0.00326819453213,-792.9648,40.0,0.3
395,2,0.417571725012,0.00903810017878,0.422960604652,0.00326819453213,-785.9296,40.0,0.3
396,3,0.414462118598,0.00903810017878,0.41453493518,0.00326819453213,-778.8945,40.0,0.3
397,4,0.420941303915,0.00903810017878,0.417038488665,0.00326819453213,-771.8593,40.0,0.3
398,5,0.414673562889,0.00903810017878,0.419016536467,0.00326819453213,-764.8241,40.0,0.3
399,6,0.419460075717,0.00903810017878,0.431182501894,0.00326819453213,-757.7889,40.0,0.3
400,7,0.413163933396,0.00903810017878,0.422471412522,0.00326819453213,-750.7538,40.0,0.3
401,8,0.422155962472,0.00903810017878,0.435866256336,0.00326819453213,-743.7186,40.0,0.3
402,9,0.427735251621,0.00903810017878,0.432887619808,0.00326819453213,-736.6834,40.0,0.3
403,10,0.40758050705,0.00903810017878,0.404952320536,0.00326819453213,-729.6483,40.0,0.3
404,11,0.427384037175,0.00903810017878,0.429172303877,0.00326819453213,-722.613,40.0,0.3
405,12,0.411842378624,0.00903810017878,0.419980580345,0.00326819453213,-715.5779,40.0,0.3
406,13,0.410491416212,0.00903810017878,0.403367014218,0.00326819453213,-708.5427,40.0,0.3
407,14,0.401320145889,0.00903810017878,0.408603798629,0.00326819453213,-701.5075,40.0,0.3
408,15,0.418656005968,0.00903810017878,0.418722558596,0.00326819453213,-694.4724,40.0,0.3
409,16,0.415521464559,0.00903810017878,0.423273317541,0.00326819453213,-687.4372,40.0,0.3
410,17,0.41815339249,0.00903810017878,0.426514706912,0.00326819453213,-680.402,40.0,0.3
411,18,0.417499044531,0.00903810017878,0.427419538881,0.00326819453213,-673.3668,40.0,0.3
412,19,0.411958779209,0.00903810017878,0.416341592264,0.00326819453213,-666.3317,40.0,0.3
413,20,0.414834689924,0.00903810017878,0.432051482904,0.00326819453213,-659.2965,40.0,0.3
414,21,0.406057459623,0.00903810017878,0.406727521294,0.00326819453213,-652.2613,40.0,0.3
415,22,0.405500391692,0.00903810017878,0.404468910819,0.00326819453213,-645.2261,40.0,0.3
416,23,0.408623080592,0.00903810017878,0.417820502185,0.00326819453213,-638.191,40.0,0.3
417,24,0.41803654464,0.00903810017878,0.41909471469,0.00326819453213,-631.1558,40.0,0.3
418,25,0.424953378267,0.00903810017878,0.439386589305,0.00326819453213,-624.1206,40.0,0.3
419,26,0.419744312305,0.00903810017878,0.419426856486,0.00326819453213,-617.0854,40.0,0.3
420,27,0.415023994622,0.00903810017878,0.40583032211,0.00326819453213,-610.0502,40.0,0.3
421,28,0.406393131627,0.00903810017878,0.407114942958,0.00326819453213,-603.0151,40.0,0.3
422,29,0.426847767043,0.00903810017878,0.425198398441,0.00326819453213,-595.9799,40.0,0.3
423,30,0.434846421672,0.00903810017878,0.429273611751,0.00326819453213,-588.9447,40.0,0.3
424,31,0.417527222195,0.00903810017878,0.421001060572,0.00326819453213,-581.9095,40.0,0.3
425,32,0.428182180669,0.00903810017878,0.424999020845,0.00326819453213,-574.8744,40.0,0.3
426,33,0.411757286554,0.00903810017878,0.424562795616,0.00326819453213,-567.8392,40.0,0.3
427,34,0.42587071775,0.00903810017878,0.41848663615,0.00326819453213,-560.804,40.0,0.3
428,35,0.409870389458,0.00903810017878,0.410491178197,0.00326819453213,-553.7689,40.0,0.3
429,36,0.41463286182,0.00903810017878,0.400149448389,0.00326819453213,-546.7336,40.0,0.3
430,37,0.417459797072,0.00903810017878,0.423342243903,0.00326819453213,-539.6985,40.0,0.3
431,38,0.417215590656,0.00903810017878,0.426177245296,0.00326819453213,-532.6633,40.0,0.3
432,39,0.419656313015,0.00903810017878,0.416352694496,0.00326819453213,-525.6281,40.0,0.3
433,40,0.420077412539,0.00903810017878,0.417125687452,0.00326819453213,-518.593,40.0,0.3
434,41,0.408001942022,0.00903810017878,0.415106006277,0.00326819453213,-511.5578,40.0,0.3
435,42,0.408334035911,0.00903810017878,0.41061908517,0.00326819453213,-504.5226,40.0,0.3
436,43,0.414389438117,0.00903810017878,0.412325590862,0.00326819453213,-497.4874,40.0,0.3
437,44,0.40329806131,0.00903810017878,0.398350655386,0.00326819453213,-490.4523,40.0,0.3
438,45,0.409629202078,0.00903810017878,0.407058737904,0.00326819453213,-483.4171,40.0,0.3
439,46,0.406273712007,0.00903810017878,0.413143917935,0.00326819453213,-476.3819,40.0,0.3
440,47,0.429744475557,0.00903810017878,0.427943194193,0.00326819453213,-469.3467,40.0,0.3
441,48,0.401793463542,0.00903810017878,0.408432407911,0.00326819453213,-462.3116,40.0,0.3
442,49,0.415781548864,0.00903810017878,0.409810472551,0.00326819453213,-455.2764,40.0,0.3
443,50,0.397011311543,0.00903810017878,0.402227878878,0.00326819453213,-448.2412,40.0,0.3
444,51,0.39790170334,0.00903810017878,0.411209353878,0.00326819453213,-441.206,40.0,0.3
445,52,0.410970548304,0.00903810017878,0.41594885078,0.00326819453213,-434.1709,40.0,0.3
446,53,0.395738732233,0.00903810017878,0.394634876862,0.00326819453213,-427.1357,40.0,0.3
447,54,0.397583698283,0.00903810017878,0.402472821888,0.00326819453213,-420.1005,40.0,0.3
448,55,0.409555738884,0.00903810017878,0.41302803838,0.00326819453213,-413.0653,40.0,0.3
449,56,0.419259142142,0.00903810017878,0.430888986616,0.00326819453213,-406.0302,40.0,0.3
450,57,0.402095031629,0.00903810017878,0.396300211775,0.00326819453213,-398.995,40.0,0.3
451,58,0.391584315955,0.00903810017878,0.398237782687,0.00326819453213,-391.9598,40.0,0.3
452,59,0.41675792726,0.00903810017878,0.412458355062,0.00326819453213,-384.9246,40.0,0.3
453,60,0.405232927523,0.00903810017878,0.394636495938,0.00326819453213,-377.8894,40.0,0.3
454,61,0.397236621033,0.00903810017878,0.389823909337,0.00326819453213,-370.8543,40.0,0.3
455,62,0.396170342473,0.00903810017878,0.410588785326,0.00326819453213,-363.8191,40.0,0.3
456,63,0.396485440311,0.00903810017878,0.396648544328,0.00326819453213,-356.7839,40.0,0.3
457,64,0.391906346392,0.00903810017878,0.398958271333,0.00326819453213,-349.7487,40.0,0.3
458,65,0.39166091,0.00903810017878,0.402035671474,0.00326819453213,-342.7136,40.0,0.3
459,66,0.388700466296,0.00903810017878,0.399017483241,0.00326819453213,-335.6784,40.0,0.3
460,67,0.40301214748,0.00903810017878,0.403546037721,0.00326819453213,-328.6432,40.0,0.3
461,68,0.396561028011,0.00903810017878,0.389154305924,0.00326819453213,-321.608,40.0,0.3
462,69,0.379184019597,0.00903810017878,0.386261711699,0.00326819453213,-314.5729,40.0,0.3
463,70,0.378611968306,0.00903810017878,0.389086998638,0.00326819453213,-307.5377,40.0,0.3
464,71,0.365680768991,0.00903810017878,0.382105775906,0.00326819453213,-300.5025,40.0,0.3
465,72,0.378522739039,0.00903810017878,0.373380577446,0.00326819453213,-293.4673,40.0,0.3
466,73,0.371540492979,0.00903810017878,0.378704329347,0.00326819453213,-286.4322,40.0,0.3
467,74,0.388946238137,0.00903810017878,0.387865059146,0.00326819453213,-279.397,40.0,0.3
468,75,0.365155792288,0.00903810017878,0.385525957483,0.00326819453213,-272.3618,40.0,0.3
469,76,0.359443553767,0.00903810017878,0.374966346357,0.00326819453213,-265.3266,40.0,0.3
470,77,0.377626980068,0.00903810017878,0.404848468401,0.00326819453213,-258.2914,40.0,0.3
471,78,0.348330037367,0.00903810017878,0.358087714423,0.00326819453213,-251.2563,40.0,0.3
472,79,0.374801162977,0.00903810017878,0.38933841795,0.00326819453213,-244.2211,40.0,0.3
473,80,0.358080403397,0.00903810017878,0.36144683372,0.00326819453213,-237.1859,40.0,0.3
474,81,0.374534593337,0.00903810017878,0.37360400988,0.00326819453213,-230.1508,40.0,0.3
475,82,0.365073048356,0.00903810017878,0.363105923627,0.00326819453213,-223.1156,40.0,0.3
476,83,0.356408193259,0.00903810017878,0.350571271554,0.00326819453213,-216.0804,40.0,0.3
477,84,0.366755321944,0.00903810017878,0.370261312635,0.00326819453213,-209.0452,40.0,0.3
478,85,0.356263615011,0.00903810017878,0.349408312673,0.00326819453213,-202.0101,40.0,0.3
479,86,0.348090862677,0.00903810017878,0.354926122351,0.00326819453213,-194.9749,40.0,0.3
480,87,0.35116010347,0.00903810017878,0.35846033311,0.00326819453213,-187.9397,40.0,0.3
481,88,0.345286849731,0.00903810017878,0.339541665909,0.00326819453213,-180.9045,40.0,0.3
482,89,0.354257745559,0.00903810017878,0.361064963173,0.00326819453213,-173.8694,40.0,0.3
483,90,0.334269942462,0.00903810017878,0.347092340662,0.00326819453213,-166.8342,40.0,0.3
484,91,0.337583277854,0.00903810017878,0.353424545371,0.00326819453213,-159.799,40.0,0.3
485,92,0.330818625972,0.00903810017878,0.324499297013,0.00326819453213,-152.7638,40.0,0.3
486,93,0.319999745059,0.00903810017878,0.324827275472,0.00326819453213,-145.7286,40.0,0.3
487,94,0.312915969959,0.00903810017878,0.310175103798,0.00326819453213,-138.6935,40.0,0.3
488,95,0.323786621737,0.00903810017878,0.313491895833,0.00326819453213,-131.6583,40.0,0.3
489,96,0.298973952881,0.00903810017878,0.292789007309,0.00326819453213,-124.6231,40.0,0.3
490,97,0.26924137456,0.00903810017878,0.273635574144,0.00326819453213,-117.5879,40.0,0.3
491,98,0.293609462507,0.00903810017878,0.282814576368,0.00326819453213,-110.5528,40.0,0.3
492,99,0.268120529731,0.00903810017878,0.274150671485,0.00326819453213,-103.5176,40.0,0.3
493,100,0.266724169972,0.00903810017878,0.271106809339,0.00326819453213,-96.48241,40.0,0.3
494,101,0.230828063253,0.00903810017878,0.238402869804,0.00326819453213,-89.44724,40.0,0.3
495,102,0.201251356609,0.00903810017878,0.202155745205,0.00326819453213,-82.41206,40.0,0.3
496,103,0.197926615972,0.00903810017878,0.185572571441,0.00326819453213,-75.37688,40.0,0.3
497,104,0.165751190786,0.00903810017878,0.182628536871,0.00326819453213,-68.34171,40.0,0.3
498,105,0.15569836214,0.00903810017878,0.157189435855,0.00326819453213,-61.30653,40.0,0.3
499,106,0.118376599837,0.00903810017878,0.120566917012,0.00326819453213,-54.27136,40.0,0.3
500,107,0.100117105027,0.00903810017878,0.105993895006,0.00326819453213,-47.23618,40.0,0.3
501,108,0.0741816904675,0.00903810017878,0.0737893940371,0.00326819453213,-40.201,40.0,0.3
502,109,0.0669910974238,0.00903810017878,0.0694835549719,0.00326819453213,-33.16583,40.0,0.3
503,110,0.0327351990674,0.00903810017878,0.030546451896,0.00326819453213,-26.13065,40.0,0.3
504,111,0.0225324809068,0.00903810017878,0.0237464962433,0.00326819453213,-19.09548,40.0,0.3
505,112,0.010645035912,0.00903810017878,0.00615937301374,0.00326819453213,-12.0603,40.0,0.3
506,113,0.0139622334332,0.00903810017878,0.00759466735089,0.00326819453213,-5.025126,40.0,0.3
507,116,0.0157999761608,0.00903810017878,0.0249617743958,0.00326819453213,16.0804,40.0,0.3
508,117,0.0151114795577,0.00903810017878,0.0073651055591,0.00326819453213,23.11558,40.0,0.3
509,118,0.0685537501227,0.00903810017878,0.0655366880991,0.00326819453213,30.15075,40.0,0.3
510,119,0.0818214600636,0.00903810017878,0.0839406280348,0.00326819453213,37.18593,40.0,0.3
511,120,0.097390535928,0.00903810017878,0.104653416049,0.00326819453213,44.2211,40.0,0.3
512,121,0.12810381993,0.00903810017878,0.134558390189,0.00326819453213,51.25628,40.0,0.3
513,122,0.147618081741,0.00903810017878,0.151278329583,0.00326819453213,58.29146,40.0,0.3
514,123,0.180001484918,0.00903810017878,0.183947990974,0.00326819453213,65.32663,40.0,0.3
515,124,0.210729562193,0.00903810017878,0.205049519042,0.00326819453213,72.36181,40.0,0.3
516,125,0.246839349525,0.00903810017878,0.248346307012,0.00326819453213,79.39699,40.0,0.3
517,126,0.248866799489,0.00903810017878,0.247447488752,0.00326819453213,86.43216,40.0,0.3
518,127,0.266596923223,0.00903810017878,0.266022911924,0.00326819453213,93.46734,40.0,0.3
519,128,0.294290422703,0.00903810017878,0.291491896449,0.00326819453213,100.5025,40.0,0.3
520,129,0.284732044958,0.00903810017878,0.286918470445,0.00326819453213,107.5377,40.0,0.3
521,130,0.315058814163,0.00903810017878,0.31048897317,0.00326819453213,114.5729,40.0,0.3
522,131,0.309209489074,0.00903810017878,0.305858648223,0.00326819453213,121.608,40.0,0.3
523,132,0.327668430305,0.00903810017878,0.334226009386,0.00326819453213,128.6432,40.0,0.3
524,133,0.350915897055,0.00903810017878,0.351248276455,0.00326819453213,135.6784,40.0,0.3
525,134,0.332599521382,0.00903810017878,0.348425533778,0.00326819453213,142.7136,40.0,0.3
526,135,0.359748811786,0.00903810017878,0.356034032661,0.00326819453213,149.7487,40.0,0.3
527,136,0.368476395728,0.00903810017878,0.370208114437,0.00326819453213,156.7839,40.0,0.3
528,137,0.355411687961,0.00903810017878,0.364592928926,0.00326819453213,163.8191,40.0,0.3
529,138,0.384278921296,0.00903810017878,0.38730185213,0.00326819453213,170.8543,40.0,0.3
530,139,0.36021519684,0.00903810017878,0.367693227422,0.00326819453213,177.8895,40.0,0.3
531,140,0.361670707329,0.00903810017878,0.382078714213,0.00326819453213,184.9246,40.0,0.3
532,141,0.367368745202,0.00903810017878,0.369536198059,0.00326819453213,191.9598,40.0,0.3
533,142,0.361139916187,0.00903810017878,0.36994767456,0.00326819453213,198.995,40.0,0.3
534,143,0.377575209202,0.00903810017878,0.371854945628,0.00326819453213,206.0302,40.0,0.3
535,144,0.37498196965,0.00903810017878,0.381228236925,0.00326819453213,213.0653,40.0,0.3
536,145,0.378582448849,0.00903810017878,0.378681662288,0.00326819453213,220.1005,40.0,0.3
537,146,0.383678804158,0.00903810017878,0.389435793783,0.00326819453213,227.1357,40.0,0.3
538,147,0.386943275904,0.00903810017878,0.376096923726,0.00326819453213,234.1709,40.0,0.3
539,148,0.394225412808,0.00903810017878,0.414434089899,0.00326819453213,241.206,40.0,0.3
540,149,0.393149406245,0.00903810017878,0.378493849517,0.00326819453213,248.2412,40.0,0.3
541,150,0.389141469089,0.00903810017878,0.387023371125,0.00326819453213,255.2764,40.0,0.3
542,151,0.396273884204,0.00903810017878,0.405077451951,0.00326819453213,262.3116,40.0,0.3
543,152,0.400200978302,0.00903810017878,0.405172514819,0.00326819453213,269.3467,40.0,0.3
544,153,0.391500342046,0.00903810017878,0.404978919636,0.00326819453213,276.3819,40.0,0.3
545,154,0.382290383344,0.00903810017878,0.387635613002,0.00326819453213,283.4171,40.0,0.3
546,155,0.391596727545,0.00903810017878,0.379380871655,0.00326819453213,290.4523,40.0,0.3
547,156,0.394583000774,0.00903810017878,0.387501461023,0.00326819453213,297.4874,40.0,0.3
548,157,0.386035217159,0.00903810017878,0.380626865985,0.00326819453213,304.5226,40.0,0.3
549,158,0.401840090866,0.00903810017878,0.405328871264,0.00326819453213,311.5578,40.0,0.3
550,159,0.405310527913,0.00903810017878,0.406443720469,0.00326819453213,318.593,40.0,0.3
551,160,0.401815379503,0.00903810017878,0.399737046701,0.00326819453213,325.6281,40.0,0.3
552,161,0.400860469802,0.00903810017878,0.397800400976,0.00326819453213,332.6633,40.0,0.3
553,162,0.40543408473,0.00903810017878,0.41907944912,0.00326819453213,339.6985,40.0,0.3
554,163,0.406176543795,0.00903810017878,0.406423597672,0.00326819453213,346.7337,40.0,0.3
555,164,0.407792622238,0.00903810017878,0.400507726691,0.00326819453213,353.7688,40.0,0.3
556,165,0.414631743658,0.00903810017878,0.414387599299,0.00326819453213,360.804,40.0,0.3
557,166,0.39239744281,0.00903810017878,0.400000493433,0.00326819453213,367.8392,40.0,0.3
558,167,0.400009437281,0.00903810017878,0.404861883599,0.00326819453213,374.8744,40.0,0.3
559,168,0.402885347995,0.00903810017878,0.413524863296,0.00326819453213,381.9095,40.0,0.3
560,169,0.394999292204,0.00903810017878,0.400853052389,0.00326819453213,388.9447,40.0,0.3
561,170,0.405201730824,0.00903810017878,0.396701742526,0.00326819453213,395.9799,40.0,0.3
562,171,0.41689266569,0.00903810017878,0.431308789792,0.00326819453213,403.0151,40.0,0.3
563,172,0.420245136725,0.00903810017878,0.428349813467,0.00326819453213,410.0503,40.0,0.3
564,173,0.415743531381,0.00903810017878,0.403035335014,0.00326819453213,417.0854,40.0,0.3
565,174,0.396604859931,0.00903810017878,0.414329775171,0.00326819453213,424.1206,40.0,0.3
566,175,0.405988133626,0.00903810017878,0.401629283496,0.00326819453213,431.1558,40.0,0.3
567,176,0.415049265066,0.00903810017878,0.407727647428,0.00326819453213,438.1909,40.0,0.3
568,177,0.418273035743,0.00903810017878,0.409987414386,0.00326819453213,445.2261,40.0,0.3
569,178,0.423468012873,0.00903810017878,0.428338248641,0.00326819453213,452.2613,40.0,0.3
570,179,0.403367387307,0.00903810017878,0.41071067859,0.00326819453213,459.2965,40.0,0.3
571,180,0.427242254329,0.00903810017878,0.420928896059,0.00326819453213,466.3317,40.0,0.3
572,181,0.411814089145,0.00903810017878,0.412327903828,0.00326819453213,473.3668,40.0,0.3
573,182,0.413957268797,0.00903810017878,0.430931082582,0.00326819453213,480.402,40.0,0.3
574,183,0.40156938403,0.00903810017878,0.39461313499,0.00326819453213,487.4372,40.0,0.3
575,184,0.417587602902,0.00903810017878,0.427039287409,0.00326819453213,494.4724,40.0,0.3
576,185,0.40962741302,0.00903810017878,0.414241882495,0.00326819453213,501.5075,40.0,0.3
577,186,0.410014967706,0.00903810017878,0.417220981616,0.00326819453213,508.5427,40.0,0.3
578,187,0.401705128804,0.00903810017878,0.397913042379,0.00326819453213,515.5779,40.0,0.3
579,188,0.407209724783,0.00903810017878,0.410902885995,0.00326819453213,522.613,40.0,0.3
580,189,0.397202069851,0.00903810017878,0.401407007544,0.00326819453213,529.6483,40.0,0.3
581,190,0.407224372695,0.00903810017878,0.408194403796,0.00326819453213,536.6834,40.0,0.3
582,191,0.416796839271,0.00903810017878,0.414252753431,0.00326819453213,543.7186,40.0,0.3
583,192,0.399466681814,0.00903810017878,0.402435814446,0.00326819453213,550.7538,40.0,0.3
584,193,0.412238990417,0.00903810017878,0.412684794351,0.00326819453213,557.7889,40.0,0.3
585,194,0.419452472221,0.00903810017878,0.414623984338,0.00326819453213,564.8241,40.0,0.3
586,195,0.40599953887,0.00903810017878,0.42257642114,0.00326819453213,571.8593,40.0,0.3
587,196,0.424501976574,0.00903810017878,0.417254750908,0.00326819453213,578.8945,40.0,0.3
588,197,0.419210837577,0.00903810017878,0.4313680017,0.00326819453213,585.9296,40.0,0.3
589,198,0.422120069496,0.00903810017878,0.418717932666,0.00326819453213,592.9648,40.0,0.3
590,199,0.41847363387,0.00903810017878,0.407394811742,0.00326819453213,600.0,40.0,0.3
591,0,0.419717085593,0.00298052506173,0.411942364088,0.00414960889206,-800.0,50.0,0.3
592,1,0.422079268584,0.00298052506173,0.411270295866,0.00414960889206,-792.9648,50.0,0.3
593,2,0.40868313541,0.00298052506173,0.415079673711,0.00414960889206,-785.9296,50.0,0.3
594,3,0.420145181673,0.00298052506173,0.430824553136,0.00414960889206,-778.8945,50.0,0.3
595,4,0.418295909412,0.00298052506173,0.414866707232,0.00414960889206,-771.8593,50.0,0.3
596,5,0.41558999801,0.00298052506173,0.422363310291,0.00414960889206,-764.8241,50.0,0.3
597,6,0.409487589516,0.00298052506173,0.411900960294,0.00414960889206,-757.7889,50.0,0.3
598,7,0.414825772196,0.00298052506173,0.408293797666,0.00414960889206,-750.7538,50.0,0.3
599,8,0.410254832452,0.00298052506173,0.401343450194,0.00414960889206,-743.7186,50.0,0.3
600,9,0.414650667378,0.00298052506173,0.422731369436,0.00414960889206,-736.6834,50.0,0.3
601,10,0.415192967111,0.00298052506173,0.410413397444,0.00414960889206,-729.6483,50.0,0.3
602,11,0.412943088103,0.00298052506173,0.415622726794,0.00414960889206,-722.613,50.0,0.3
603,12,0.411398545159,0.00298052506173,0.407075931357,0.00414960889206,-715.5779,50.0,0.3
604,13,0.409705269277,0.00298052506173,0.411178109516,0.00414960889206,-708.5427,50.0,0.3
605,14,0.413677366188,0.00298052506173,0.415703933132,0.00414960889206,-701.5075,50.0,0.3
606,15,0.409468928058,0.00298052506173,0.411759135141,0.00414960889206,-694.4724,50.0,0.3
607,16,0.417455361588,0.00298052506173,0.407025606303,0.00414960889206,-687.4372,50.0,0.3
608,17,0.413745307304,0.00298052506173,0.403111460845,0.00414960889206,-680.402,50.0,0.3
609,18,0.418695622197,0.00298052506173,0.431421362528,0.00414960889206,-673.3668,50.0,0.3
610,19,0.414724977974,0.00298052506173,0.402811111772,0.00414960889206,-666.3317,50.0,0.3
611,20,0.422888639482,0.00298052506173,0.416549622791,0.00414960889206,-659.2965,50.0,0.3
612,21,0.407213573532,0.00298052506173,0.406417588149,0.00414960889206,-652.2613,50.0,0.3
613,22,0.408628380234,0.00298052506173,0.415275941422,0.00414960889206,-645.2261,50.0,0.3
614,23,0.417444522298,0.00298052506173,0.435052315181,0.00414960889206,-638.191,50.0,0.3
615,24,0.415153297545,0.00298052506173,0.423353112605,0.00414960889206,-631.1558,50.0,0.3
616,25,0.404150300798,0.00298052506173,0.400815265876,0.00414960889206,-624.1206,50.0,0.3
617,26,0.418137678128,0.00298052506173,0.424263081083,0.00414960889206,-617.0854,50.0,0.3
618,27,0.41698714896,0.00298052506173,0.420370895649,0.00414960889206,-610.0502,50.0,0.3
619,28,0.414656254641,0.00298052506173,0.41909790053,0.00414960889206,-603.0151,50.0,0.3
620,29,0.408715541534,0.00298052506173,0.4171629022,0.00414960889206,-595.9799,50.0,0.3
621,30,0.413480247554,0.00298052506173,0.41024206351,0.00414960889206,-588.9447,50.0,0.3
622,31,0.415152403583,0.00298052506173,0.431301268649,0.00414960889206,-581.9095,50.0,0.3
623,32,0.399361904783,0.00298052506173,0.380804651865,0.00414960889206,-574.8744,50.0,0.3
624,33,0.40417287334,0.00298052506173,0.408466046601,0.00414960889206,-567.8392,50.0,0.3
625,34,0.410895914992,0.00298052506173,0.406337525563,0.00414960889206,-560.804,50.0,0.3
626,35,0.39564335786,0.00298052506173,0.390360464637,0.00414960889206,-553.7689,50.0,0.3
627,36,0.406162832879,0.00298052506173,0.408552971694,0.00414960889206,-546.7336,50.0,0.3
628,37,0.387677820693,0.00298052506173,0.383965751513,0.00414960889206,-539.6985,50.0,0.3
629,38,0.421618431144,0.00298052506173,0.414452898037,0.00414960889206,-532.6633,50.0,0.3
630,39,0.395352708446,0.00298052506173,0.394506334094,0.00414960889206,-525.6281,50.0,0.3
631,40,0.398421791934,0.00298052506173,0.396034385737,0.00414960889206,-518.593,50.0,0.3
632,41,0.417245057014,0.00298052506173,0.423884270676,0.00414960889206,-511.5578,50.0,0.3
633,42,0.408016798441,0.00298052506173,0.428268040388,0.00414960889206,-504.5226,50.0,0.3
634,43,0.399597910766,0.00298052506173,0.400875655941,0.00414960889206,-497.4874,50.0,0.3
635,44,0.406313353741,0.00298052506173,0.392776067234,0.00414960889206,-490.4523,50.0,0.3
636,45,0.401179664881,0.00298052506173,0.40103234986,0.00414960889206,-483.4171,50.0,0.3
637,46,0.430687229234,0.00298052506173,0.421186847776,0.00414960889206,-476.3819,50.0,0.3
638,47,0.401334432062,0.00298052506173,0.399672658398,0.00414960889206,-469.3467,50.0,0.3
639,48,0.403887364208,0.00298052506173,0.392622118319,0.00414960889206,-462.3116,50.0,0.3
640,49,0.404337697594,0.00298052506173,0.406607679603,0.00414960889206,-455.2764,50.0,0.3
641,50,0.402982786351,0.00298052506173,0.411859556499,0.00414960889206,-448.2412,50.0,0.3
642,51,0.386449628572,0.00298052506173,0.395028570906,0.00414960889206,-441.206,50.0,0.3
643,52,0.403215439976,0.00298052506173,0.399655044629,0.00414960889206,-434.1709,50.0,0.3
644,53,0.407868288994,0.00298052506173,0.421945154841,0.00414960889206,-427.1357,50.0,0.3
645,54,0.389187722608,0.00298052506173,0.385957937405,0.00414960889206,-420.1005,50.0,0.3
646,55,0.396157497788,0.00298052506173,0.397956802804,0.00414960889206,-413.0653,50.0,0.3
647,56,0.379318940221,0.00298052506173,0.373095768578,0.00414960889206,-406.0302,50.0,0.3
648,57,0.388276328291,0.00298052506173,0.389896330389,0.00414960889206,-398.995,50.0,0.3
649,58,0.405830390739,0.00298052506173,0.408763650671,0.00414960889206,-391.9598,50.0,0.3
650,59,0.392078013685,0.00298052506173,0.387937084532,0.00414960889206,-384.9246,50.0,0.3
651,60,0.382082959157,0.00298052506173,0.391288733135,0.00414960889206,-377.8894,50.0,0.3
652,61,0.389848248823,0.00298052506173,0.39447476656,0.00414960889206,-370.8543,50.0,0.3
653,62,0.389766674786,0.00298052506173,0.40310711459,0.00414960889206,-363.8191,50.0,0.3
654,63,0.375963453639,0.00298052506173,0.373447586456,0.00414960889206,-356.7839,50.0,0.3
655,64,0.38404364144,0.00298052506173,0.394378233957,0.00414960889206,-349.7487,50.0,0.3
656,65,0.365574385335,0.00298052506173,0.367013299539,0.00414960889206,-342.7136,50.0,0.3
657,66,0.368632406043,0.00298052506173,0.372354389031,0.00414960889206,-335.6784,50.0,0.3
658,67,0.375223923527,0.00298052506173,0.374489086326,0.00414960889206,-328.6432,50.0,0.3
659,68,0.3750796604,0.00298052506173,0.398212316828,0.00414960889206,-321.608,50.0,0.3
660,69,0.370914914666,0.00298052506173,0.370935680006,0.00414960889206,-314.5729,50.0,0.3
661,70,0.355727393273,0.00298052506173,0.357707510786,0.00414960889206,-307.5377,50.0,0.3
662,71,0.35791793555,0.00298052506173,0.358475882862,0.00414960889206,-300.5025,50.0,0.3
663,72,0.36180689399,0.00298052506173,0.352374198802,0.00414960889206,-293.4673,50.0,0.3
664,73,0.3551719076,0.00298052506173,0.359940113186,0.00414960889206,-286.4322,50.0,0.3
665,74,0.352251445304,0.00298052506173,0.358534214174,0.00414960889206,-279.397,50.0,0.3
666,75,0.347836278448,0.00298052506173,0.355822608759,0.00414960889206,-272.3618,50.0,0.3
667,76,0.342139616983,0.00298052506173,0.346057489512,0.00414960889206,-265.3266,50.0,0.3
668,77,0.354488920588,0.00298052506173,0.354178351992,0.00414960889206,-258.2914,50.0,0.3
669,78,0.355568268027,0.00298052506173,0.348512437151,0.00414960889206,-251.2563,50.0,0.3
670,79,0.3403438707,0.00298052506173,0.333209960701,0.00414960889206,-244.2211,50.0,0.3
671,80,0.333998192781,0.00298052506173,0.335058720188,0.00414960889206,-237.1859,50.0,0.3
672,81,0.341056470205,0.00298052506173,0.338536181426,0.00414960889206,-230.1508,50.0,0.3
673,82,0.341764152919,0.00298052506173,0.341280040626,0.00414960889206,-223.1156,50.0,0.3
674,83,0.32693868616,0.00298052506173,0.332929284149,0.00414960889206,-216.0804,50.0,0.3
675,84,0.340703355192,0.00298052506173,0.347766253849,0.00414960889206,-209.0452,50.0,0.3
676,85,0.32572882026,0.00298052506173,0.320181719195,0.00414960889206,-202.0101,50.0,0.3
677,86,0.333616135747,0.00298052506173,0.328178141542,0.00414960889206,-194.9749,50.0,0.3
678,87,0.326495057489,0.00298052506173,0.330728249283,0.00414960889206,-187.9397,50.0,0.3
679,88,0.302597105045,0.00298052506173,0.312782563741,0.00414960889206,-180.9045,50.0,0.3
680,89,0.305880292446,0.00298052506173,0.301968395866,0.00414960889206,-173.8694,50.0,0.3
681,90,0.309528775093,0.00298052506173,0.307810905897,0.00414960889206,-166.8342,50.0,0.3
682,91,0.30078727886,0.00298052506173,0.298413845795,0.00414960889206,-159.799,50.0,0.3
683,92,0.287570385078,0.00298052506173,0.302594027789,0.00414960889206,-152.7638,50.0,0.3
684,93,0.286223631239,0.00298052506173,0.279895140887,0.00414960889206,-145.7286,50.0,0.3
685,94,0.277923305282,0.00298052506173,0.269989797739,0.00414960889206,-138.6935,50.0,0.3
686,95,0.268958989006,0.00298052506173,0.282771446479,0.00414960889206,-131.6583,50.0,0.3
687,96,0.257486773924,0.00298052506173,0.245272418668,0.00414960889206,-124.6231,50.0,0.3
688,97,0.236077723594,0.00298052506173,0.241017892844,0.00414960889206,-117.5879,50.0,0.3
689,98,0.221828303636,0.00298052506173,0.220507276545,0.00414960889206,-110.5528,50.0,0.3
690,99,0.214267731281,0.00298052506173,0.210551127967,0.00414960889206,-103.5176,50.0,0.3
691,100,0.212128368333,0.00298052506173,0.204881621748,0.00414960889206,-96.48241,50.0,0.3
692,101,0.198002203393,0.00298052506173,0.201737014992,0.00414960889206,-89.44724,50.0,0.3
693,102,0.153509488308,0.00298052506173,0.151114882948,0.00414960889206,-82.41206,50.0,0.3
694,103,0.121491566753,0.00298052506173,0.138039175767,0.00414960889206,-75.37688,50.0,0.3
695,104,0.14075242626,0.00298052506173,0.146367308845,0.00414960889206,-68.34171,50.0,0.3
696,105,0.100413639969,0.00298052506173,0.0985290215437,0.00414960889206,-61.30653,50.0,0.3
697,106,0.0846962560906,0.00298052506173,0.0759737897968,0.00414960889206,-54.27136,50.0,0.3
698,107,0.0713448768916,0.00298052506173,0.077109809268,0.00414960889206,-47.23618,50.0,0.3
699,108,0.035464391126,0.00298052506173,0.0472460986646,0.00414960889206,-40.201,50.0,0.3
700,109,0.0408647935654,0.00298052506173,0.0601455309064,0.00414960889206,-33.16583,50.0,0.3
701,110,0.0293357895438,0.00298052506173,0.0430659166709,0.00414960889206,-26.13065,50.0,0.3
702,111,0.0195035590306,0.00298052506173,0.0107252046171,0.00414960889206,-19.09548,50.0,0.3
703,112,0.0192234360199,0.00298052506173,0.0176378929357,0.00414960889206,-12.0603,50.0,0.3
704,117,0.0187122126429,0.00298052506173,0.0257013253789,0.00414960889206,23.11558,50.0,0.3
705,118,0.0228250750546,0.00298052506173,0.0242872599838,0.00414960889206,30.15075,50.0,0.3
706,119,0.0642002762566,0.00298052506173,0.0571162142749,0.00414960889206,37.18593,50.0,0.3
707,120,0.0694299431176,0.00298052506173,0.0718529227419,0.00414960889206,44.2211,50.0,0.3
708,121,0.098534442328,0.00298052506173,0.0923368210121,0.00414960889206,51.25628,50.0,0.3
709,122,0.117415993734,0.00298052506173,0.124315281889,0.00414960889206,58.29146,50.0,0.3
710,123,0.138992773695,0.00298052506173,0.141094798677,0.00414960889206,65.32663,50.0,0.3
711,124,0.165380633958,0.00298052506173,0.180512675051,0.00414960889206,72.36181,50.0,0.3
712,125,0.192411141196,0.00298052506173,0.183608283504,0.00414960889206,79.39699,50.0,0.3
713,126,0.199654021784,0.00298052506173,0.198416384923,0.00414960889206,86.43216,50.0,0.3
714,127,0.217761223256,0.00298052506173,0.227538898979,0.00414960889206,93.46734,50.0,0.3
715,128,0.229820547919,0.00298052506173,0.21631160816,0.00414960889206,100.5025,50.0,0.3
716,129,0.252059530274,0.00298052506173,0.258988283412,0.00414960889206,107.5377,50.0,0.3
717,130,0.275537767532,0.00298052506173,0.272054497459,0.00414960889206,114.5729,50.0,0.3
718,131,0.282121127612,0.00298052506173,0.272015152416,0.00414960889206,121.608,50.0,0.3
719,132,0.296592361906,0.00298052506173,0.276718714973,0.00414960889206,128.6432,50.0,0.3
720,133,0.2911970774,0.00298052506173,0.303304526052,0.00414960889206,135.6784,50.0,0.3
721,134,0.296280592639,0.00298052506173,0.305506475919,0.00414960889206,142.7136,50.0,0.3
722,135,0.324852960935,0.00298052506173,0.328676130827,0.00414960889206,149.7487,50.0,0.3
723,136,0.326011200525,0.00298052506173,0.315419139076,0.00414960889206,156.7839,50.0,0.3
724,137,0.330946318063,0.00298052506173,0.322726108181,0.00414960889206,163.8191,50.0,0.3
725,138,0.322969159389,0.00298052506173,0.326705447458,0.00414960889206,170.8543,50.0,0.3
726,139,0.340552834331,0.00298052506173,0.346940007961,0.00414960889206,177.8895,50.0,0.3
727,140,0.343654212198,0.00298052506173,0.343164713902,0.00414960889206,184.9246,50.0,0.3
728,141,0.360375213755,0.00298052506173,0.362643026091,0.00414960889206,191.9598,50.0,0.3
729,142,0.357853011555,0.00298052506173,0.341941586337,0.00414960889206,198.995,50.0,0.3
730,143,0.361775046591,0.00298052506173,0.385365016767,0.00414960889206,206.0302,50.0,0.3
731,144,0.37158583319,0.00298052506173,0.37452134011,0.00414960889206,213.0653,50.0,0.3
732,145,0.36360811579,0.00298052506173,0.377096839129,0.00414960889206,220.1005,50.0,0.3
733,146,0.374482717236,0.00298052506173,0.383582137351,0.00414960889206,227.1357,50.0,0.3
734,147,0.38651634049,0.00298052506173,0.400323910348,0.00414960889206,234.1709,50.0,0.3
735,148,0.383723379533,0.00298052506173,0.382313717237,0.00414960889206,241.206,50.0,0.3
736,149,0.36200267168,0.00298052506173,0.379303821502,0.00414960889206,248.2412,50.0,0.3
737,150,0.395962278824,0.00298052506173,0.380892034459,0.00414960889206,255.2764,50.0,0.3
738,151,0.379643671939,0.00298052506173,0.378304640427,0.00414960889206,262.3116,50.0,0.3
739,152,0.394817001683,0.00298052506173,0.388303313676,0.00414960889206,269.3467,50.0,0.3
740,153,0.37635478553,0.00298052506173,0.381427310034,0.00414960889206,276.3819,50.0,0.3
741,154,0.394033555685,0.00298052506173,0.40453039862,0.00414960889206,283.4171,50.0,0.3
742,155,0.395681127757,0.00298052506173,0.386009863711,0.00414960889206,290.4523,50.0,0.3
743,156,0.38974466097,0.00298052506173,0.378928899849,0.00414960889206,297.4874,50.0,0.3
744,157,0.37682411561,0.00298052506173,0.385163716551,0.00414960889206,304.5226,50.0,0.3
745,158,0.395864166488,0.00298052506173,0.393581954351,0.00414960889206,311.5578,50.0,0.3
746,159,0.373331741088,0.00298052506173,0.371827805965,0.00414960889206,318.593,50.0,0.3
747,160,0.380275814859,0.00298052506173,0.372779635738,0.00414960889206,325.6281,50.0,0.3
748,161,0.418150528833,0.00298052506173,0.396014255715,0.00414960889206,332.6633,50.0,0.3
749,162,0.384878937237,0.00298052506173,0.381244767338,0.00414960889206,339.6985,50.0,0.3
750,163,0.407754979303,0.00298052506173,0.412662012362,0.00414960889206,346.7337,50.0,0.3
751,164,0.403648899829,0.00298052506173,0.404209462025,0.00414960889206,353.7688,50.0,0.3
752,165,0.393265530533,0.00298052506173,0.387926333271,0.00414960889206,360.804,50.0,0.3
753,166,0.405675400068,0.00298052506173,0.400656741956,0.00414960889206,367.8392,50.0,0.3
754,167,0.402097875659,0.00298052506173,0.39666001766,0.00414960889206,374.8744,50.0,0.3
755,168,0.398572983267,0.00298052506173,0.378524011913,0.00414960889206,381.9095,50.0,0.3
756,169,0.382332598062,0.00298052506173,0.384927188797,0.00414960889206,388.9447,50.0,0.3
757,170,0.397320207189,0.00298052506173,0.394442512776,0.00414960889206,395.9799,50.0,0.3
758,171,0.40161345997,0.00298052506173,0.405775714959,0.00414960889206,403.0151,50.0,0.3
759,172,0.409769075819,0.00298052506173,0.413351236853,0.00414960889206,410.0503,50.0,0.3
760,173,0.406736644775,0.00298052506173,0.396240718459,0.00414960889206,417.0854,50.0,0.3
761,174,0.38919498605,0.00298052506173,0.384509033347,0.00414960889206,424.1206,50.0,0.3
762,175,0.399173837515,0.00298052506173,0.393852565892,0.00414960889206,431.1558,50.0,0.3
763,176,0.405526890621,0.00298052506173,0.406996555021,0.00414960889206,438.1909,50.0,0.3
764,177,0.404234891957,0.00298052506173,0.403156753394,0.00414960889206,445.2261,50.0,0.3
765,178,0.427393202543,0.00298052506173,0.422031851184,0.00414960889206,452.2613,50.0,0.3
766,179,0.406643672721,0.00298052506173,0.399854514844,0.00414960889206,459.2965,50.0,0.3
767,180,0.406127186142,0.00298052506173,0.401545665412,0.00414960889206,466.3317,50.0,0.3
768,181,0.403474130247,0.00298052506173,0.404405729736,0.00414960889206,473.3668,50.0,0.3
769,182,0.419816874107,0.00298052506173,0.402757584214,0.00414960889206,480.402,50.0,0.3
770,183,0.404266292375,0.00298052506173,0.405912736356,0.00414960889206,487.4372,50.0,0.3
771,184,0.415632908189,0.00298052506173,0.420540857081,0.00414960889206,494.4724,50.0,0.3
772,185,0.412572093849,0.00298052506173,0.408889234556,0.00414960889206,501.5075,50.0,0.3
773,186,0.408712524412,0.00298052506173,0.40915389859,0.00414960889206,508.5427,50.0,0.3
774,187,0.411120075978,0.00298052506173,0.420220606737,0.00414960889206,515.5779,50.0,0.3
775,188,0.388205258307,0.00298052506173,0.404280145851,0.00414960889206,522.613,50.0,0.3
776,189,0.41560508362,0.00298052506173,0.404928424048,0.00414960889206,529.6483,50.0,0.3
777,190,0.418334461526,0.00298052506173,0.414380384209,0.00414960889206,536.6834,50.0,0.3
778,191,0.414011261017,0.00298052506173,0.415145553781,0.00414960889206,543.7186,50.0,0.3
779,192,0.398276411355,0.00298052506173,0.407239945283,0.00414960889206,550.7538,50.0,0.3
780,193,0.408159944115,0.00298052506173,0.419892578885,0.00414960889206,557.7889,50.0,0.3
781,194,0.405831731682,0.00298052506173,0.409844266833,0.00414960889206,564.8241,50.0,0.3
782,195,0.410524585502,0.00298052506173,0.41005586081,0.00414960889206,571.8593,50.0,0.3
783,196,0.42806970833,0.00298052506173,0.420785162344,0.00414960889206,578.8945,50.0,0.3
784,197,0.414159993954,0.00298052506173,0.412787596247,0.00414960889206,585.9296,50.0,0.3
785,198,0.392859113032,0.00298052506173,0.403684251461,0.00414960889206,592.9648,50.0,0.3
786,199,0.42732213256,0.00298052506173,0.415746938178,0.00414960889206,600.0,50.0,0.3
0,0,0.405213111007,0.00807095365385,0.416610964247,0.00540231077347,-800.0,100.0,0.3
1,1,0.407131305983,0.00807095365385,0.409165627514,0.00540231077347,-792.9648,100.0,0.3
2,2,0.404477290481,0.00807095365385,0.407339710321,0.00540231077347,-785.9296,100.0,0.3
3,3,0.400046050295,0.00807095365385,0.398453244851,0.00540231077347,-778.8945,100.0,0.3
4,4,0.419530031686,0.00807095365385,0.412362067962,0.00540231077347,-771.8593,100.0,0.3
5,5,0.396346745627,0.00807095365385,0.392228309036,0.00540231077347,-764.8241,100.0,0.3
6,6,0.395369499601,0.00807095365385,0.394890981174,0.00540231077347,-757.7889,100.0,0.3
7,7,0.395931826767,0.00807095365385,0.399321075348,0.00540231077347,-750.7538,100.0,0.3
8,8,0.402790308984,0.00807095365385,0.408931418389,0.00540231077347,-743.7186,100.0,0.3
9,9,0.397377715764,0.00807095365385,0.401075930065,0.00540231077347,-736.6834,100.0,0.3
10,10,0.3988905379,0.00807095365385,0.396227001426,0.00540231077347,-729.6483,100.0,0.3
11,11,0.408363519538,0.00807095365385,0.413573329011,0.00540231077347,-722.613,100.0,0.3
12,12,0.397695509423,0.00807095365385,0.390262551857,0.00540231077347,-715.5779,100.0,0.3
13,13,0.397844915733,0.00807095365385,0.403590764833,0.00540231077347,-708.5427,100.0,0.3
14,14,0.387246058761,0.00807095365385,0.385491312098,0.00540231077347,-701.5075,100.0,0.3
15,15,0.409002991863,0.00807095365385,0.414334680042,0.00540231077347,-694.4724,100.0,0.3
16,16,0.405410136415,0.00807095365385,0.403308571399,0.00540231077347,-687.4372,100.0,0.3
17,17,0.389846683152,0.00807095365385,0.380329571465,0.00540231077347,-680.402,100.0,0.3
18,18,0.399712050603,0.00807095365385,0.408315162767,0.00540231077347,-673.3668,100.0,0.3
19,19,0.405912634457,0.00807095365385,0.400448706602,0.00540231077347,-666.3317,100.0,0.3
20,20,0.393419003558,0.00807095365385,0.386752842423,0.00540231077347,-659.2965,100.0,0.3
21,21,0.40451059055,0.00807095365385,0.400328974327,0.00540231077347,-652.2613,100.0,0.3
22,22,0.397061920109,0.00807095365385,0.401187893452,0.00540231077347,-645.2261,100.0,0.3
23,23,0.393071905838,0.00807095365385,0.397349605752,0.00540231077347,-638.191,100.0,0.3
24,24,0.384440083944,0.00807095365385,0.393091798095,0.00540231077347,-631.1558,100.0,0.3
25,25,0.398961689048,0.00807095365385,0.398014759669,0.00540231077347,-624.1206,100.0,0.3
26,26,0.392997646684,0.00807095365385,0.399515754543,0.00540231077347,-617.0854,100.0,0.3
27,27,0.405217329016,0.00807095365385,0.403757795927,0.00540231077347,-610.0502,100.0,0.3
28,28,0.387463619212,0.00807095365385,0.3986650613,0.00540231077347,-603.0151,100.0,0.3
29,29,0.394285804354,0.00807095365385,0.398711674628,0.00540231077347,-595.9799,100.0,0.3
30,30,0.379930477596,0.00807095365385,0.383209086979,0.00540231077347,-588.9447,100.0,0.3
31,31,0.37727435309,0.00807095365385,0.379188915899,0.00540231077347,-581.9095,100.0,0.3
32,32,0.383259596497,0.00807095365385,0.385666569073,0.00540231077347,-574.8744,100.0,0.3
33,33,0.385184118487,0.00807095365385,0.369771881073,0.00540231077347,-567.8392,100.0,0.3
34,34,0.37084399876,0.00807095365385,0.377159179642,0.00540231077347,-560.804,100.0,0.3
35,35,0.377296886136,0.00807095365385,0.381501302584,0.00540231077347,-553.7689,100.0,0.3
36,36,0.37538834818,0.00807095365385,0.38280716127,0.00540231077347,-546.7336,100.0,0.3
37,37,0.378299329215,0.00807095365385,0.366854663603,0.00540231077347,-539.6985,100.0,0.3
38,38,0.379292004272,0.00807095365385,0.375441798385,0.00540231077347,-532.6633,100.0,0.3
39,39,0.377296886136,0.00807095365385,0.365762906332,0.00540231077347,-525.6281,100.0,0.3
40,40,0.382281018469,0.00807095365385,0.375630993659,0.00540231077347,-518.593,100.0,0.3
41,41,0.365008827663,0.00807095365385,0.372482080527,0.00540231077347,-511.5578,100.0,0.3
42,42,0.373546299361,0.00807095365385,0.367849309772,0.00540231077347,-504.5226,100.0,0.3
43,43,0.360863968071,0.00807095365385,0.365858646453,0.00540231077347,-497.4874,100.0,0.3
44,44,0.366871411524,0.00807095365385,0.355056236086,0.00540231077347,-490.4523,100.0,0.3
45,45,0.363023033547,0.00807095365385,0.365425416694,0.00540231077347,-483.4171,100.0,0.3
46,46,0.361984626394,0.00807095365385,0.373535907344,0.00540231077347,-476.3819,100.0,0.3
47,47,0.369761302515,0.00807095365385,0.355412690951,0.00540231077347,-469.3467,100.0,0.3
48,48,0.358815791825,0.00807095365385,0.366824959031,0.00540231077347,-462.3116,100.0,0.3
49,49,0.356992502045,0.00807095365385,0.363639257928,0.00540231077347,-455.2764,100.0,0.3
50,50,0.36187173916,0.00807095365385,0.353784194913,0.00540231077347,-448.2412,100.0,0.3
51,51,0.34738054812,0.00807095365385,0.35514832026,0.00540231077347,-441.206,100.0,0.3
52,52,0.335297063071,0.00807095365385,0.330173858575,0.00540231077347,-434.1709,100.0,0.3
53,53,0.331848507922,0.00807095365385,0.345786810134,0.00540231077347,-427.1357,100.0,0.3
54,54,0.332503964281,0.00807095365385,0.332883829532,0.00540231077347,-420.1005,100.0,0.3
55,55,0.340562469986,0.00807095365385,0.346887478776,0.00540231077347,-413.0653,100.0,0.3
56,56,0.333375982088,0.00807095365385,0.334998338067,0.00540231077347,-406.0302,100.0,0.3
57,57,0.332973606254,0.00807095365385,0.332436432977,0.00540231077347,-398.995,100.0,0.3
58,58,0.327589762094,0.00807095365385,0.334539745174,0.00540231077347,-391.9598,100.0,0.3
59,59,0.312937065719,0.00807095365385,0.332260490512,0.00540231077347,-384.9246,100.0,0.3
60,60,0.336555250679,0.00807095365385,0.342942483113,0.00540231077347,-377.8894,100.0,0.3
61,61,0.317074599296,0.00807095365385,0.309746938373,0.00540231077347,-370.8543,100.0,0.3
62,62,0.306072922489,0.00807095365385,0.318195147156,0.00540231077347,-363.8191,100.0,0.3
63,63,0.293153050706,0.00807095365385,0.28719956872,0.00540231077347,-356.7839,100.0,0.3
64,64,0.295137179819,0.00807095365385,0.290757947953,0.00540231077347,-349.7487,100.0,0.3
65,65,0.297826937395,0.00807095365385,0.287590069594,0.00540231077347,-342.7136,100.0,0.3
66,66,0.299308013466,0.00807095365385,0.294265372421,0.00540231077347,-335.6784,100.0,0.3
67,67,0.274996743068,0.00807095365385,0.279901612364,0.00540231077347,-328.6432,100.0,0.3
68,68,0.26057903418,0.00807095365385,0.272422001125,0.00540231077347,-321.608,100.0,0.3
69,69,0.264540077392,0.00807095365385,0.268527731731,0.00540231077347,-314.5729,100.0,0.3
70,70,0.274311982649,0.00807095365385,0.264874983358,0.00540231077347,-307.5377,100.0,0.3
71,71,0.257633976075,0.00807095365385,0.266532498477,0.00540231077347,-300.5025,100.0,0.3
72,72,0.255757628186,0.00807095365385,0.258559105853,0.00540231077347,-293.4673,100.0,0.3
73,73,0.264377906055,0.00807095365385,0.267831045269,0.00540231077347,-286.4322,100.0,0.3
74,74,0.243324159411,0.00807095365385,0.254483181576,0.00540231077347,-279.397,100.0,0.3
75,75,0.229612966988,0.00807095365385,0.239333621341,0.00540231077347,-272.3618,100.0,0.3
76,76,0.241460687548,0.00807095365385,0.232093246155,0.00540231077347,-265.3266,100.0,0.3
77,77,0.239152548763,0.00807095365385,0.243803930935,0.00540231077347,-258.2914,100.0,0.3
78,78,0.239635843765,0.00807095365385,0.25605295396,0.00540231077347,-251.2563,100.0,0.3
79,79,0.219154636308,0.00807095365385,0.216563375999,0.00540231077347,-244.2211,100.0,0.3
80,80,0.209543015383,0.00807095365385,0.202817356793,0.00540231077347,-237.1859,100.0,0.3
81,81,0.220439241971,0.00807095365385,0.216571099188,0.00540231077347,-230.1508,100.0,0.3
82,82,0.21233944418,0.00807095365385,0.21110289877,0.00540231077347,-223.1156,100.0,0.3
83,83,0.196921290218,0.00807095365385,0.19111519494,0.00540231077347,-216.0804,100.0,0.3
84,84,0.194115093401,0.00807095365385,0.192498696807,0.00540231077347,-209.0452,100.0,0.3
85,85,0.185065799641,0.00807095365385,0.190693915559,0.00540231077347,-202.0101,100.0,0.3
86,86,0.188278146301,0.00807095365385,0.198506766397,0.00540231077347,-194.9749,100.0,0.3
87,87,0.181965785215,0.00807095365385,0.173095396157,0.00540231077347,-187.9397,100.0,0.3
88,88,0.174029712764,0.00807095365385,0.17236502928,0.00540231077347,-180.9045,100.0,0.3
89,89,0.173456174575,0.00807095365385,0.176484939173,0.00540231077347,-173.8694,100.0,0.3
90,90,0.153628092471,0.00807095365385,0.160446915188,0.00540231077347,-166.8342,100.0,0.3
91,91,0.151091959214,0.00807095365385,0.148696654778,0.00540231077347,-159.799,100.0,0.3
92,92,0.142245351875,0.00807095365385,0.139633767,0.00540231077347,-152.7638,100.0,0.3
93,93,0.132938981583,0.00807095365385,0.136981879906,0.00540231077347,-145.7286,100.0,0.3
94,94,0.126397183021,0.00807095365385,0.124929638247,0.00540231077347,-138.6935,100.0,0.3
95,95,0.107620650498,0.00807095365385,0.100951582157,0.00540231077347,-131.6583,100.0,0.3
96,96,0.110581526136,0.00807095365385,0.10000811925,0.00540231077347,-124.6231,100.0,0.3
97,97,0.0941079486858,0.00807095365385,0.0892365330895,0.00540231077347,-117.5879,100.0,0.3
98,98,0.0825160725558,0.00807095365385,0.072156518417,0.00540231077347,-110.5528,100.0,0.3
99,99,0.064551373515,0.00807095365385,0.0656531136637,0.00540231077347,-103.5176,100.0,0.3
100,100,0.0676926689269,0.00807095365385,0.067948591592,0.00540231077347,-96.48241,100.0,0.3
101,101,0.070843221758,0.00807095365385,0.0752590924172,0.00540231077347,-89.44724,100.0,0.3
102,102,0.0435250550274,0.00807095365385,0.0578486715049,0.00540231077347,-82.41206,100.0,0.3
103,103,0.0451719210414,0.00807095365385,0.0410259212759,0.00540231077347,-75.37688,100.0,0.3
104,104,0.0500316998157,0.00807095365385,0.0419651798437,0.00540231077347,-68.34171,100.0,0.3
105,105,0.0257083192933,0.00807095365385,0.0235960324441,0.00540231077347,-61.30653,100.0,0.3
106,106,0.0347580126534,0.00807095365385,0.0546468613845,0.00540231077347,-54.27136,100.0,0.3
107,107,0.0156465813354,0.00807095365385,0.0152375040482,0.00540231077347,-47.23618,100.0,0.3
108,108,0.0272100081063,0.00807095365385,0.0189670753,0.00540231077347,-40.201,100.0,0.3
109,109,0.00201898762536,0.00807095365385,0.000964328769594,0.00540231077347,-33.16583,100.0,0.3
110,113,0.0117623391833,0.00807095365385,0.0056329511142,0.00540231077347,-5.025126,100.0,0.3
111,117,0.0175664635153,0.00807095365385,0.00786322750686,0.00540231077347,23.11558,100.0,0.3
112,119,0.00972184304338,0.00807095365385,0.00718656649574,0.00540231077347,37.18593,100.0,0.3
113,120,0.025899161989,0.00807095365385,0.0202390136498,0.00540231077347,44.2211,100.0,0.3
114,121,0.0145086846765,0.00807095365385,0.0172283981497,0.00540231077347,51.25628,100.0,0.3
115,122,0.0327237336363,0.00807095365385,0.0238290990862,0.00540231077347,58.29146,100.0,0.3
116,123,0.0334664361759,0.00807095365385,0.0350201823526,0.00540231077347,65.32663,100.0,0.3
117,124,0.0572059443879,0.00807095365385,0.0596035719215,0.00540231077347,72.36181,100.0,0.3
118,125,0.0633809981888,0.00807095365385,0.0701477353082,0.00540231077347,79.39699,100.0,0.3
119,126,0.0750861500536,0.00807095365385,0.0634277842248,0.00540231077347,86.43216,100.0,0.3
120,127,0.0882074650541,0.00807095365385,0.0945907364997,0.00540231077347,93.46734,100.0,0.3
121,128,0.0920191796558,0.00807095365385,0.091518461163,0.00540231077347,100.5025,100.0,0.3
122,129,0.106837566074,0.00807095365385,0.0956222620382,0.00540231077347,107.5377,100.0,0.3
123,130,0.111122108356,0.00807095365385,0.0967223822884,0.00540231077347,114.5729,100.0,0.3
124,131,0.12875549391,0.00807095365385,0.124568910494,0.00540231077347,121.608,100.0,0.3
125,132,0.149597896116,0.00807095365385,0.147360908722,0.00540231077347,128.6432,100.0,0.3
126,133,0.137534058108,0.00807095365385,0.13565728449,0.00540231077347,135.6784,100.0,0.3
127,134,0.150156560275,0.00807095365385,0.154901985575,0.00540231077347,142.7136,100.0,0.3
128,135,0.163531644001,0.00807095365385,0.167123063452,0.00540231077347,149.7487,100.0,0.3
129,136,0.17097432043,0.00807095365385,0.179877681142,0.00540231077347,156.7839,100.0,0.3
130,137,0.200228320073,0.00807095365385,0.20048607343,0.00540231077347,163.8191,100.0,0.3
131,138,0.20832623086,0.00807095365385,0.213901069456,0.00540231077347,170.8543,100.0,0.3
132,139,0.199543337653,0.00807095365385,0.210356240078,0.00540231077347,177.8895,100.0,0.3
133,140,0.223716856765,0.00807095365385,0.228446278748,0.00540231077347,184.9246,100.0,0.3
134,141,0.22930072334,0.00807095365385,0.23267385629,0.00540231077347,191.9598,100.0,0.3
135,142,0.237136451584,0.00807095365385,0.24126396153,0.00540231077347,198.995,100.0,0.3
136,143,0.243758392311,0.00807095365385,0.249140700047,0.00540231077347,206.0302,100.0,0.3
137,144,0.273657636292,0.00807095365385,0.263028272964,0.00540231077347,213.0653,100.0,0.3
138,145,0.256037903767,0.00807095365385,0.274300929555,0.00540231077347,220.1005,100.0,0.3
139,146,0.258150460146,0.00807095365385,0.251931330341,0.00540231077347,227.1357,100.0,0.3
140,147,0.270649530056,0.00807095365385,0.282935591653,0.00540231077347,234.1709,100.0,0.3
141,148,0.283336856357,0.00807095365385,0.284546493444,0.00540231077347,241.206,100.0,0.3
142,149,0.291706273707,0.00807095365385,0.290068344889,0.00540231077347,248.2412,100.0,0.3
143,150,0.286054918992,0.00807095365385,0.286578514668,0.00540231077347,255.2764,100.0,0.3
144,151,0.304599505435,0.00807095365385,0.289027313887,0.00540231077347,262.3116,100.0,0.3
145,152,0.306308353977,0.00807095365385,0.308129638674,0.00540231077347,269.3467,100.0,0.3
146,153,0.319898334149,0.00807095365385,0.331062482272,0.00540231077347,276.3819,100.0,0.3
147,154,0.31126884326,0.00807095365385,0.309523697089,0.00540231077347,283.4171,100.0,0.3
148,155,0.32599113678,0.00807095365385,0.317805103276,0.00540231077347,290.4523,100.0,0.3
149,156,0.313426576733,0.00807095365385,0.306561008773,0.00540231077347,297.4874,100.0,0.3
150,157,0.332661140607,0.00807095365385,0.333823864988,0.00540231077347,304.5226,100.0,0.3
151,158,0.316659569435,0.00807095365385,0.318046624296,0.00540231077347,311.5578,100.0,0.3
152,159,0.341793684538,0.00807095365385,0.3186571675,0.00540231077347,318.593,100.0,0.3
153,160,0.332414054094,0.00807095365385,0.326344482246,0.00540231077347,325.6281,100.0,0.3
154,161,0.308855032256,0.00807095365385,0.328184337739,0.00540231077347,332.6633,100.0,0.3
155,162,0.335883699287,0.00807095365385,0.355996043046,0.00540231077347,339.6985,100.0,0.3
156,163,0.344690346543,0.00807095365385,0.357660184571,0.00540231077347,346.7337,100.0,0.3
157,164,0.338697999121,0.00807095365385,0.335434081289,0.00540231077347,353.7688,100.0,0.3
158,165,0.356542951114,0.00807095365385,0.346856860218,0.00540231077347,360.804,100.0,0.3
159,166,0.340976611845,0.00807095365385,0.348598005132,0.00540231077347,367.8392,100.0,0.3
160,167,0.360570039462,0.00807095365385,0.373614967205,0.00540231077347,374.8744,100.0,0.3
161,168,0.337637613923,0.00807095365385,0.338554432333,0.00540231077347,381.9095,100.0,0.3
162,169,0.347659158697,0.00807095365385,0.353356906069,0.00540231077347,388.9447,100.0,0.3
163,170,0.361560716515,0.00807095365385,0.373882993843,0.00540231077347,395.9799,100.0,0.3
164,171,0.36987929576,0.00807095365385,0.378566033873,0.00540231077347,403.0151,100.0,0.3
165,172,0.351734421145,0.00807095365385,0.349549008431,0.00540231077347,410.0503,100.0,0.3
166,173,0.367850100553,0.00807095365385,0.366544365073,0.00540231077347,417.0854,100.0,0.3
167,174,0.35617953636,0.00807095365385,0.367168618079,0.00540231077347,424.1206,100.0,0.3
168,175,0.363287547095,0.00807095365385,0.364642815469,0.00540231077347,431.1558,100.0,0.3
169,176,0.355799804573,0.00807095365385,0.359035963249,0.00540231077347,438.1909,100.0,0.3
170,177,0.366785608347,0.00807095365385,0.368049472889,0.00540231077347,445.2261,100.0,0.3
171,178,0.363495339526,0.00807095365385,0.356616640105,0.00540231077347,452.2613,100.0,0.3
172,179,0.352591786923,0.00807095365385,0.360918776123,0.00540231077347,459.2965,100.0,0.3
173,180,0.371598467324,0.00807095365385,0.358722008772,0.00540231077347,466.3317,100.0,0.3
174,181,0.373858321008,0.00807095365385,0.361487275932,0.00540231077347,473.3668,100.0,0.3
175,182,0.372995183219,0.00807095365385,0.388367857155,0.00540231077347,480.402,100.0,0.3
176,183,0.36025590881,0.00807095365385,0.356596989388,0.00540231077347,487.4372,100.0,0.3
177,184,0.36502170369,0.00807095365385,0.376214574251,0.00540231077347,494.4724,100.0,0.3
178,185,0.382176789252,0.00807095365385,0.386462423107,0.00540231077347,501.5075,100.0,0.3
179,186,0.365174440007,0.00807095365385,0.371930489473,0.00540231077347,508.5427,100.0,0.3
180,187,0.38539790493,0.00807095365385,0.379817738839,0.00540231077347,515.5779,100.0,0.3
181,188,0.382477599876,0.00807095365385,0.373556015054,0.00540231077347,522.613,100.0,0.3
182,189,0.379289451267,0.00807095365385,0.386464479577,0.00540231077347,529.6483,100.0,0.3
183,190,0.372297768773,0.00807095365385,0.381981602664,0.00540231077347,536.6834,100.0,0.3
184,191,0.381532210916,0.00807095365385,0.382630761811,0.00540231077347,543.7186,100.0,0.3
185,192,0.391991873599,0.00807095365385,0.398624617382,0.00540231077347,550.7538,100.0,0.3
186,193,0.37470824977,0.00807095365385,0.380052404958,0.00540231077347,557.7889,100.0,0.3
187,194,0.372237606649,0.00807095365385,0.381486907291,0.00540231077347,564.8241,100.0,0.3
188,195,0.381919046718,0.00807095365385,0.395893853225,0.00540231077347,571.8593,100.0,0.3
189,196,0.387528665347,0.00807095365385,0.382127840557,0.00540231077347,578.8945,100.0,0.3
190,197,0.400812173884,0.00807095365385,0.403756653443,0.00540231077347,585.9296,100.0,0.3
191,198,0.394712267239,0.00807095365385,0.407395920511,0.00540231077347,592.9648,100.0,0.3
192,199,0.384575615225,0.00807095365385,0.382078713765,0.00540231077347,600.0,100.0,0.3
